id	symbol	display_name	current_category	proposed_category	evidence	rationale
0	ABILITY_NONE	None	PROVEN_NO_DAMAGE_EFFECT	PROVEN_NO_DAMAGE_EFFECT	src/battle_util.c:10374, src/battle_util.c:10435, src/battle_util.c:2126, src/battle_util.c:2143	Pinned description: No special ability. Pinned battle paths affect no direct-damage operand or modifier; ability identity is read from the live battler.
1	ABILITY_STENCH	Stench	UNCLASSIFIED	PROVEN_NO_DAMAGE_EFFECT	src/battle_util.c:4375, src/battle_hold_effects.c:214, src/wild_encounter.c:735, src/wild_encounter.c:737	Pinned description: May cause a foe to flinch. Reviewed pinned ability uses affect status, accuracy, switching, priority, PP, secondary/indirect effects, or overworld behavior; no ordinary direct-damage operand, type, immunity, field, or held-item modifier is changed by the effective ability itself.
2	ABILITY_DRIZZLE	Drizzle	UNCLASSIFIED	MODELLED_HNS_CONDITIONAL	src/battle_util.c:3354, src/battle_ai_util.c:1934	Pinned description: Summons rain in battle. The ability writes the current live weather. Request-local proof requires an authoritative weather word and switch-in settlement for entry setters; Sand/Snow formula limits and unsupported moves remain independent blockers. Sand Spit writes weather after the triggering hit.
3	ABILITY_SPEED_BOOST	Speed Boost	UNCLASSIFIED	MODELLED_HNS_CONDITIONAL	src/battle_util.c:3738, src/battle_end_turn.c:1276, src/battle_ai_util.c:2353, src/battle_ai_util.c:6156	Pinned description: Gradually boosts Speed. The damage-relevant consequence is the current live stat stage. Request-local proof requires both active stage arrays; switch-in writers also require switch-in settlement, while post-hit/end-turn writes cannot change the current hit. The source-backed policy keeps Analytic order and unsupported move blockers independent.
4	ABILITY_BATTLE_ARMOR	Battle Armor	UNCLASSIFIED	UNSUPPORTED_DAMAGE_RELEVANT	src/battle_util.c:8056, src/battle_util.c:8108, src/battle_ai_main.c:2357	Pinned description: Blocks critical hits. Pinned ability can alter a damage operand, damage/type/immunity result, field, effective form, stat, held-item behavior, or ability state; current calculator does not reproduce every applicable trigger and rounding path.
5	ABILITY_STURDY	Sturdy	UNCLASSIFIED	UNSUPPORTED_DAMAGE_RELEVANT	src/battle_util.c:10597, src/battle_util.c:8186, src/battle_util.c:8189, src/battle_util.c:8190	Pinned description: Negates 1-hit KO attacks. Pinned ability can alter a damage operand, damage/type/immunity result, field, effective form, stat, held-item behavior, or ability state; current calculator does not reproduce every applicable trigger and rounding path.
6	ABILITY_DAMP	Damp	UNCLASSIFIED	MODELLED_HNS_CONDITIONAL	src/battle_util.c:4073, src/battle_move_resolution.c:1461, src/battle_ai_main.c:1433, src/battle_ai_util.c:682	Pinned description: Prevents self-destruction. Damp prevents the frozen Explosion/Self-Destruct family from executing before self-KO. Request-local effective field authority gates execution; ordinary selected hits retain no-current-hit effect. Aftermath prevention remains outside the result.
7	ABILITY_LIMBER	Limber	UNCLASSIFIED	PROVEN_NO_DAMAGE_EFFECT	src/battle_util.c:5432, src/battle_util.c:9061, src/battle_pike.c:962	Pinned description: Prevents paralysis. Reviewed pinned ability uses affect status, accuracy, switching, priority, PP, secondary/indirect effects, or overworld behavior; no ordinary direct-damage operand, type, immunity, field, or held-item modifier is changed by the effective ability itself.
8	ABILITY_SAND_VEIL	Sand Veil	UNCLASSIFIED	PROVEN_NO_DAMAGE_EFFECT	src/battle_util.c:10500, src/battle_end_turn.c:139, src/battle_ai_field_statuses.c:155, src/battle_ai_switch.c:1595	Pinned description: Ups evasion in a sandstorm. battle_util.c GetTotalAccuracy changes evasion in sand; no damage operand or type/immunity change.
9	ABILITY_STATIC	Static	UNCLASSIFIED	PROVEN_NO_DAMAGE_EFFECT	src/battle_util.c:4168, src/wild_encounter.c:610, src/wild_encounter.c:630	Pinned description: Paralyzes on contact. Pinned use affects a secondary contact/status, end-turn recovery, speed after a hit, or accuracy; the live HP/status/stat snapshot captures earlier effects and the ability adds no modifier to this ordinary direct hit.
10	ABILITY_VOLT_ABSORB	Volt Absorb	UNCLASSIFIED	MODELLED_HNS_CONDITIONAL	src/battle_util.c:2444, src/battle_ai_main.c:3534, src/battle_ai_main.c:5596, src/battle_ai_main.c:5657	Pinned description: Turns electricity into HP. Group C modeled conditionally by the H&S immunity layer: Electric absorbs zero matching single hits; healing is outside the selected hit (src/battle_util.c:2444).
11	ABILITY_WATER_ABSORB	Water Absorb	UNCLASSIFIED	MODELLED_HNS_CONDITIONAL	src/battle_util.c:2448, src/battle_ai_main.c:3579, src/battle_ai_main.c:6586, src/battle_ai_switch.c:623	Pinned description: Changes water into HP. Group C modeled conditionally by the H&S immunity layer: Water Absorb and Dry Skin zero matching Water hits; Dry Skin Fire weakness is modeled separately (src/battle_util.c:2448).
12	ABILITY_OBLIVIOUS	Oblivious	UNCLASSIFIED	PROVEN_NO_DAMAGE_EFFECT	src/battle_util.c:4214, src/battle_util.c:9094, src/battle_script_commands.c:11606, src/battle_script_commands.c:11609	Pinned description: Prevents attraction. Reviewed pinned ability uses affect status, accuracy, switching, priority, PP, secondary/indirect effects, or overworld behavior; no ordinary direct-damage operand, type, immunity, field, or held-item modifier is changed by the effective ability itself.
13	ABILITY_CLOUD_NINE	Cloud Nine	UNCLASSIFIED	MODELLED_HNS_CONDITIONAL	src/battle_util.c:10063, src/battle_util.c:3473, src/battle_script_commands.c:13506, src/battle_ai_util.c:1926	Pinned description: Negates weather effects. Cloud Nine suppresses effective weather through HasWeatherEffect; the request boundary forwards the resulting no-weather state for currently supported selected-hit weather.
14	ABILITY_COMPOUND_EYES	Compound Eyes	UNCLASSIFIED	PROVEN_NO_DAMAGE_EFFECT	src/battle_util.c:10483, src/battle_ai_util.c:6160, src/pokemon.c:8381	Pinned description: Raises accuracy. Reviewed pinned ability uses affect status, accuracy, switching, priority, PP, secondary/indirect effects, or overworld behavior; no ordinary direct-damage operand, type, immunity, field, or held-item modifier is changed by the effective ability itself.
15	ABILITY_INSOMNIA	Insomnia	PROVEN_NO_DAMAGE_EFFECT	PROVEN_NO_DAMAGE_EFFECT	src/battle_util.c:5482, src/battle_util.c:9068, src/battle_move_resolution.c:1202, src/battle_end_turn.c:871	Pinned description: Prevents sleep. Pinned battle paths affect no direct-damage operand or modifier; ability identity is read from the live battler.
16	ABILITY_COLOR_CHANGE	Color Change	UNCLASSIFIED	MODELLED_HNS_CONDITIONAL	src/battle_util.c:3850	Pinned description: Changes type to foe's move. Color Change’s completed type rewrite is the current live battler type; request-local proof requires authoritative current types.
17	ABILITY_IMMUNITY	Immunity	UNCLASSIFIED	PROVEN_NO_DAMAGE_EFFECT	src/battle_util.c:5413, src/battle_util.c:9046, src/battle_ai_switch.c:1545, src/battle_ai_switch.c:1756	Pinned description: Prevents poisoning. Reviewed pinned ability uses affect status, accuracy, switching, priority, PP, secondary/indirect effects, or overworld behavior; no ordinary direct-damage operand, type, immunity, field, or held-item modifier is changed by the effective ability itself.
18	ABILITY_FLASH_FIRE	Flash Fire	UNCLASSIFIED	MODELLED_HNS_CONDITIONAL	src/battle_util.c:7006	Pinned description: Powers up if hit by fire. Ordinary selected-hit Singles branch is conditional on authoritative live runtime operands. Missing operands remain UNKNOWN. Pinned stat/base-power operators are reproduced; independent item, field, format, suppression and gimmick blockers remain.
19	ABILITY_SHIELD_DUST	Shield Dust	UNCLASSIFIED	PROVEN_NO_DAMAGE_EFFECT	src/battle_util.c:9993, src/battle_ai_util.c:2379, src/battle_ai_util.c:3766, src/battle_ai_util.c:3828	Pinned description: Prevents added effects. Reviewed pinned ability uses affect status, accuracy, switching, priority, PP, secondary/indirect effects, or overworld behavior; no ordinary direct-damage operand, type, immunity, field, or held-item modifier is changed by the effective ability itself.
20	ABILITY_OWN_TEMPO	Own Tempo	UNCLASSIFIED	PROVEN_NO_DAMAGE_EFFECT	src/battle_util.c:1113, src/battle_util.c:5603, src/battle_util.c:9054, src/battle_script_commands.c:13353	Pinned description: Prevents confusion. Reviewed pinned ability uses affect status, accuracy, switching, priority, PP, secondary/indirect effects, or overworld behavior; no ordinary direct-damage operand, type, immunity, field, or held-item modifier is changed by the effective ability itself.
21	ABILITY_SUCTION_CUPS	Suction Cups	UNCLASSIFIED	PROVEN_NO_DAMAGE_EFFECT	src/battle_move_resolution.c:3117, src/battle_ai_main.c:1808, src/battle_ai_main.c:4639, src/fishing.c:499	Pinned description: Firmly anchors the body. Reviewed pinned ability uses affect status, accuracy, switching, priority, PP, secondary/indirect effects, or overworld behavior; no ordinary direct-damage operand, type, immunity, field, or held-item modifier is changed by the effective ability itself.
22	ABILITY_INTIMIDATE	Intimidate	UNCLASSIFIED	MODELLED_HNS_CONDITIONAL	src/battle_util.c:3451, src/battle_ai_switch.c:2089, src/battle_ai_util.c:6192, src/battle_pike.c:1770	Pinned description: Lowers the foe's Attack. The damage-relevant consequence is the current live stat stage. Request-local proof requires both active stage arrays; switch-in writers also require switch-in settlement, while post-hit/end-turn writes cannot change the current hit. The source-backed policy keeps Analytic order and unsupported move blockers independent.
23	ABILITY_SHADOW_TAG	Shadow Tag	UNCLASSIFIED	PROVEN_NO_DAMAGE_EFFECT	src/battle_util.c:5082, src/battle_ai_switch.c:2059, src/battle_ai_switch.c:2061, src/battle_ai_util.c:1841	Pinned description: Prevents the foe's escape. Reviewed pinned ability uses affect status, accuracy, switching, priority, PP, secondary/indirect effects, or overworld behavior; no ordinary direct-damage operand, type, immunity, field, or held-item modifier is changed by the effective ability itself.
24	ABILITY_ROUGH_SKIN	Rough Skin	UNCLASSIFIED	UNSUPPORTED_DAMAGE_RELEVANT	src/battle_util.c:4047, src/battle_ai_util.c:1335	Pinned description: Hurts to touch. Pinned ability can alter a damage operand, damage/type/immunity result, field, effective form, stat, held-item behavior, or ability state; current calculator does not reproduce every applicable trigger and rounding path.
25	ABILITY_WONDER_GUARD	Wonder Guard	UNCLASSIFIED	MODELLED_HNS_CONDITIONAL	src/battle_util.c:8421, src/battle_util.c:8479, src/battle_util.c:8523, src/battle_ai_main.c:1305	Pinned description: Only “Supereffective” hits. Group C modeled conditionally by the pinned type-effectiveness layer: damaging moves with effectiveness at or below neutral are zeroed; super-effective hits proceed (src/battle_util.c:8421).
26	ABILITY_LEVITATE	Levitate	UNCLASSIFIED	MODELLED_HNS_CONDITIONAL	src/battle_util.c:6014, src/battle_util.c:8385, src/battle_util.c:8388, src/battle_util.c:8390	Pinned description: Not hit by Ground attacks. Group C modeled conditionally by the H&S Grounded/type-effectiveness layer; positive grounding volatiles and fields stay blocked by the live-state policy (src/battle_util.c:8385).
27	ABILITY_EFFECT_SPORE	Effect Spore	UNCLASSIFIED	PROVEN_NO_DAMAGE_EFFECT	src/battle_util.c:4102	Pinned description: Leaves spores on contact. Reviewed pinned ability uses affect status, accuracy, switching, priority, PP, secondary/indirect effects, or overworld behavior; no ordinary direct-damage operand, type, immunity, field, or held-item modifier is changed by the effective ability itself.
28	ABILITY_SYNCHRONIZE	Synchronize	UNCLASSIFIED	PROVEN_NO_DAMAGE_EFFECT	src/battle_util.c:4668, src/battle_util.c:4673, src/battle_util.c:4688, src/battle_util.c:4700	Pinned description: Passes on status problems. Reviewed pinned ability uses affect status, accuracy, switching, priority, PP, secondary/indirect effects, or overworld behavior; no ordinary direct-damage operand, type, immunity, field, or held-item modifier is changed by the effective ability itself.
29	ABILITY_CLEAR_BODY	Clear Body	UNCLASSIFIED	PROVEN_NO_DAMAGE_EFFECT	src/battle_script_commands.c:11799, src/battle_ai_main.c:3055, src/battle_ai_util.c:2375, src/battle_ai_util.c:6151	Pinned description: Prevents ability reduction. Reviewed pinned ability uses affect status, accuracy, switching, priority, PP, secondary/indirect effects, or overworld behavior; no ordinary direct-damage operand, type, immunity, field, or held-item modifier is changed by the effective ability itself.
30	ABILITY_NATURAL_CURE	Natural Cure	UNCLASSIFIED	PROVEN_NO_DAMAGE_EFFECT	src/battle_script_commands.c:10224, src/battle_ai_main.c:4387, src/battle_ai_switch.c:804, src/battle_ai_switch.c:954	Pinned description: Heals upon switching out. Reviewed pinned ability uses affect status, accuracy, switching, priority, PP, secondary/indirect effects, or overworld behavior; no ordinary direct-damage operand, type, immunity, field, or held-item modifier is changed by the effective ability itself.
31	ABILITY_LIGHTNING_ROD	Lightning Rod	UNCLASSIFIED	MODELLED_HNS_CONDITIONAL	src/battle_util.c:2461, src/battle_move_resolution.c:810, src/battle_move_resolution.c:835, src/battle_ai_main.c:1361	Pinned description: Draws electrical moves. Group C modeled conditionally by the H&S immunity layer: matching Electric hits are zeroed; redirect behavior is Singles-only and does not alter the selected hit (src/battle_util.c:2461).
32	ABILITY_SERENE_GRACE	Serene Grace	UNCLASSIFIED	PROVEN_NO_DAMAGE_EFFECT	src/battle_util.c:9672, src/battle_hold_effects.c:210, src/battle_ai_util.c:3773, src/battle_ai_util.c:5119	Pinned description: Promotes added effects. Reviewed pinned ability uses affect status, accuracy, switching, priority, PP, secondary/indirect effects, or overworld behavior; no ordinary direct-damage operand, type, immunity, field, or held-item modifier is changed by the effective ability itself.
33	ABILITY_SWIFT_SWIM	Swift Swim	UNCLASSIFIED	MODELLED_HNS_CONDITIONAL	src/battle_main.c:4946, src/battle_ai_field_statuses.c:165, src/battle_ai_main.c:3991	Pinned description: Raises Speed in rain. The pinned ability changes effective Speed. The current-action order authority captures its consequence; request-local proof requires a known attacker ability or observed Analytic order, and independently unsupported moves remain refused.
34	ABILITY_CHLOROPHYLL	Chlorophyll	UNCLASSIFIED	MODELLED_HNS_CONDITIONAL	src/battle_main.c:4948, src/battle_ai_field_statuses.c:167, src/battle_ai_main.c:3999	Pinned description: Raises Speed in sunshine. The pinned ability changes effective Speed. The current-action order authority captures its consequence; request-local proof requires a known attacker ability or observed Analytic order, and independently unsupported moves remain refused.
35	ABILITY_ILLUMINATE	Illuminate	UNCLASSIFIED	PROVEN_NO_DAMAGE_EFFECT	src/battle_util.c:10452, src/battle_script_commands.c:7712, src/battle_script_commands.c:7877, src/battle_ai_switch.c:820	Pinned description: Encounter rate increases. Reviewed pinned ability uses affect status, accuracy, switching, priority, PP, secondary/indirect effects, or overworld behavior; no ordinary direct-damage operand, type, immunity, field, or held-item modifier is changed by the effective ability itself.
36	ABILITY_TRACE	Trace	UNCLASSIFIED	MODELLED_HNS_CONDITIONAL	src/battle_util.c:3097, src/battle_ai_switch.c:2313, src/battle_ai_switch.c:758	Pinned description: Copies special ability. Trace’s completed copy is the current live effective ability; request-local proof requires settled switch-in events.
37	ABILITY_HUGE_POWER	Huge Power	UNSUPPORTED_DAMAGE_RELEVANT	UNSUPPORTED_DAMAGE_RELEVANT	src/battle_util.c:6989, src/battle_ai_util.c:6181	Pinned description: Raises Attack. Pinned stat modifier or ability interaction diverges in ordering/rounding from the embedded calculator; fail closed.
38	ABILITY_POISON_POINT	Poison Point	UNCLASSIFIED	PROVEN_NO_DAMAGE_EFFECT	src/battle_util.c:4146	Pinned description: Poisons foe on contact. Reviewed pinned ability uses affect status, accuracy, switching, priority, PP, secondary/indirect effects, or overworld behavior; no ordinary direct-damage operand, type, immunity, field, or held-item modifier is changed by the effective ability itself.
39	ABILITY_INNER_FOCUS	Inner Focus	UNCLASSIFIED	PROVEN_NO_DAMAGE_EFFECT	src/battle_script_commands.c:13351, src/battle_script_commands.c:2552, src/battle_script_commands.c:2558, src/battle_script_commands.c:2560	Pinned description: Prevents flinching. Reviewed pinned ability uses affect status, accuracy, switching, priority, PP, secondary/indirect effects, or overworld behavior; no ordinary direct-damage operand, type, immunity, field, or held-item modifier is changed by the effective ability itself.
40	ABILITY_MAGMA_ARMOR	Magma Armor	UNCLASSIFIED	PROVEN_NO_DAMAGE_EFFECT	src/battle_util.c:5498, src/battle_util.c:9087, src/battle_pike.c:954, src/egg_hatch.c:991	Pinned description: Prevents freezing. Reviewed pinned ability uses affect status, accuracy, switching, priority, PP, secondary/indirect effects, or overworld behavior; no ordinary direct-damage operand, type, immunity, field, or held-item modifier is changed by the effective ability itself.
41	ABILITY_WATER_VEIL	Water Veil	UNCLASSIFIED	PROVEN_NO_DAMAGE_EFFECT	src/battle_util.c:5447, src/battle_util.c:9078, src/battle_pike.c:958, src/pokemon.c:5536	Pinned description: Prevents burns. Reviewed pinned ability uses affect status, accuracy, switching, priority, PP, secondary/indirect effects, or overworld behavior; no ordinary direct-damage operand, type, immunity, field, or held-item modifier is changed by the effective ability itself.
42	ABILITY_MAGNET_PULL	Magnet Pull	UNCLASSIFIED	PROVEN_NO_DAMAGE_EFFECT	src/battle_util.c:5088, src/battle_ai_switch.c:2068, src/battle_ai_util.c:1841, src/battle_ai_util.c:502	Pinned description: Traps Steel-type Pokémon. Reviewed pinned ability uses affect status, accuracy, switching, priority, PP, secondary/indirect effects, or overworld behavior; no ordinary direct-damage operand, type, immunity, field, or held-item modifier is changed by the effective ability itself.
43	ABILITY_SOUNDPROOF	Soundproof	UNCLASSIFIED	MODELLED_HNS_CONDITIONAL	src/battle_util.c:2485, src/battle_script_commands.c:12811, src/battle_script_commands.c:12813, src/battle_script_commands.c:13005	Pinned description: Avoids sound-based moves. Group C modeled conditionally from pinned MoveInfo.soundMove: sound-tagged ordinary hits are zeroed (src/battle_util.c:2485; include/move.h:358).
44	ABILITY_RAIN_DISH	Rain Dish	UNCLASSIFIED	PROVEN_NO_DAMAGE_EFFECT	src/battle_util.c:3691, src/battle_util.c:3696, src/battle_end_turn.c:124, src/battle_ai_field_statuses.c:164	Pinned description: Slight HP recovery in rain. Pinned use affects a secondary contact/status, end-turn recovery, speed after a hit, or accuracy; the live HP/status/stat snapshot captures earlier effects and the ability adds no modifier to this ordinary direct hit.
45	ABILITY_SAND_STREAM	Sand Stream	UNCLASSIFIED	MODELLED_HNS_CONDITIONAL	src/battle_util.c:3368, src/battle_ai_util.c:1938	Pinned description: Summons a sandstorm. The ability writes the current live weather. Request-local proof requires an authoritative weather word and switch-in settlement for entry setters; Sand/Snow formula limits and unsupported moves remain independent blockers. Sand Spit writes weather after the triggering hit.
46	ABILITY_PRESSURE	Pressure	UNCLASSIFIED	PROVEN_NO_DAMAGE_EFFECT	src/battle_util.c:3306, src/battle_move_resolution.c:957, src/battle_move_resolution.c:962, src/wild_encounter.c:365	Pinned description: Raises foe's PP usage. Reviewed pinned ability uses affect status, accuracy, switching, priority, PP, secondary/indirect effects, or overworld behavior; no ordinary direct-damage operand, type, immunity, field, or held-item modifier is changed by the effective ability itself.
47	ABILITY_THICK_FAT	Thick Fat	UNSUPPORTED_DAMAGE_RELEVANT	UNSUPPORTED_DAMAGE_RELEVANT	src/battle_util.c:7121, src/battle_util.c:7126	Pinned description: Heat-and-cold protection. Pinned stat modifier or ability interaction diverges in ordering/rounding from the embedded calculator; fail closed.
48	ABILITY_EARLY_BIRD	Early Bird	UNCLASSIFIED	PROVEN_NO_DAMAGE_EFFECT	src/battle_move_resolution.c:127, src/battle_ai_main.c:4718, src/battle_ai_switch.c:806, src/battle_ai_util.c:3867	Pinned description: Awakens quickly from sleep. Reviewed pinned ability uses affect status, accuracy, switching, priority, PP, secondary/indirect effects, or overworld behavior; no ordinary direct-damage operand, type, immunity, field, or held-item modifier is changed by the effective ability itself.
49	ABILITY_FLAME_BODY	Flame Body	UNCLASSIFIED	PROVEN_NO_DAMAGE_EFFECT	src/battle_util.c:4190, src/egg_hatch.c:992, src/pokemon.c:5538	Pinned description: Burns the foe on contact. Reviewed pinned ability uses affect status, accuracy, switching, priority, PP, secondary/indirect effects, or overworld behavior; no ordinary direct-damage operand, type, immunity, field, or held-item modifier is changed by the effective ability itself.
50	ABILITY_RUN_AWAY	Run Away	UNCLASSIFIED	PROVEN_NO_DAMAGE_EFFECT	src/battle_util.c:572, src/battle_util.c:581, src/battle_util.c:588, src/battle_util.c:687	Pinned description: Makes escaping easier. Reviewed pinned ability uses affect status, accuracy, switching, priority, PP, secondary/indirect effects, or overworld behavior; no ordinary direct-damage operand, type, immunity, field, or held-item modifier is changed by the effective ability itself.
51	ABILITY_KEEN_EYE	Keen Eye	PROVEN_NO_DAMAGE_EFFECT	PROVEN_NO_DAMAGE_EFFECT	src/battle_util.c:10451, src/battle_script_commands.c:7711, src/battle_script_commands.c:7876, src/battle_ai_switch.c:818	Pinned description: Prevents loss of accuracy. Pinned battle paths affect no direct-damage operand or modifier; ability identity is read from the live battler.
52	ABILITY_HYPER_CUTTER	Hyper Cutter	UNCLASSIFIED	PROVEN_NO_DAMAGE_EFFECT	src/battle_script_commands.c:7713, src/battle_script_commands.c:7878, src/battle_ai_util.c:2357, src/fldeff_cut.c:167	Pinned description: Prevents Attack reduction. Pinned battle_script_commands.c prevents or reflects a stat-stage decrease; the resulting live stat stages are read before the direct hit. No current-hit damage modifier is applied by this ability.
53	ABILITY_PICKUP	Pickup	UNCLASSIFIED	PROVEN_NO_DAMAGE_EFFECT	src/battle_util.c:3655, src/battle_script_commands.c:10289, src/battle_script_commands.c:10456, src/battle_end_turn.c:1275	Pinned description: May pick up items. Reviewed pinned ability uses affect status, accuracy, switching, priority, PP, secondary/indirect effects, or overworld behavior; no ordinary direct-damage operand, type, immunity, field, or held-item modifier is changed by the effective ability itself.
54	ABILITY_TRUANT	Truant	UNCLASSIFIED	UNSUPPORTED_DAMAGE_RELEVANT	src/battle_util.c:3778, src/battle_move_resolution.c:253, src/battle_script_commands.c:5836, src/battle_end_turn.c:1268	Pinned description: Moves only every two turns. Pinned ability can alter a damage operand, damage/type/immunity result, field, effective form, stat, held-item behavior, or ability state; current calculator does not reproduce every applicable trigger and rounding path.
55	ABILITY_HUSTLE	Hustle	MODELLED_HNS_CONDITIONAL	MODELLED_HNS_CONDITIONAL	src/battle_util.c:7048	Pinned description: Trades accuracy for power. Pinned CalcAttackStat applies Hustle's 1.5 UQ4.12 modifier only to physical moves. The Attack-stage accumulator reproduces it; effective category must be authoritative.
56	ABILITY_CUTE_CHARM	Cute Charm	UNCLASSIFIED	PROVEN_NO_DAMAGE_EFFECT	src/battle_util.c:4206, src/ow_abilities.c:91	Pinned description: Infatuates on contact. Reviewed pinned ability uses affect status, accuracy, switching, priority, PP, secondary/indirect effects, or overworld behavior; no ordinary direct-damage operand, type, immunity, field, or held-item modifier is changed by the effective ability itself.
57	ABILITY_PLUS	Plus	UNCLASSIFIED	UNSUPPORTED_DAMAGE_RELEVANT	src/battle_util.c:7026, src/battle_util.c:7031, src/battle_util.c:7039, src/battle_ai_main.c:1637	Pinned description: Powers up with Minus. Pinned ability can alter a damage operand, damage/type/immunity result, field, effective form, stat, held-item behavior, or ability state; current calculator does not reproduce every applicable trigger and rounding path.
58	ABILITY_MINUS	Minus	UNCLASSIFIED	UNSUPPORTED_DAMAGE_RELEVANT	src/battle_util.c:7030, src/battle_util.c:7035, src/battle_util.c:7040, src/battle_ai_main.c:1637	Pinned description: Powers up with Plus. Pinned ability can alter a damage operand, damage/type/immunity result, field, effective form, stat, held-item behavior, or ability state; current calculator does not reproduce every applicable trigger and rounding path.
59	ABILITY_FORECAST	Forecast	UNCLASSIFIED	UNSUPPORTED_DAMAGE_RELEVANT	src/battle_util.c:4849, src/battle_ai_field_statuses.c:148	Pinned description: Changes with the weather. Pinned ability can alter a damage operand, damage/type/immunity result, field, effective form, stat, held-item behavior, or ability state; current calculator does not reproduce every applicable trigger and rounding path.
60	ABILITY_STICKY_HOLD	Sticky Hold	UNCLASSIFIED	PROVEN_NO_DAMAGE_EFFECT	src/battle_util.c:4538, src/battle_move_resolution.c:3046, src/battle_move_resolution.c:3086, src/battle_move_resolution.c:3500	Pinned description: Prevents item theft. Reviewed pinned ability uses affect status, accuracy, switching, priority, PP, secondary/indirect effects, or overworld behavior; no ordinary direct-damage operand, type, immunity, field, or held-item modifier is changed by the effective ability itself.
61	ABILITY_SHED_SKIN	Shed Skin	UNCLASSIFIED	PROVEN_NO_DAMAGE_EFFECT	src/battle_util.c:3709, src/battle_end_turn.c:373, src/battle_ai_main.c:4717, src/battle_ai_switch.c:805	Pinned description: Heals the body by shedding. Reviewed pinned ability uses affect status, accuracy, switching, priority, PP, secondary/indirect effects, or overworld behavior; no ordinary direct-damage operand, type, immunity, field, or held-item modifier is changed by the effective ability itself.
62	ABILITY_GUTS	Guts	MODELLED_HNS_CONDITIONAL	MODELLED_HNS_CONDITIONAL	src/battle_util.c:7057	Pinned description: Ups Attack if suffering. Pinned CalcAttackStat applies Guts's 1.5 UQ4.12 modifier only when STATUS1_ANY is set and the move is physical. Exact live status1 and effective category are required; all other Guts contexts are source-proven irrelevant or refused when operands are unknown.
63	ABILITY_MARVEL_SCALE	Marvel Scale	UNCLASSIFIED	MODELLED_HNS_CONDITIONAL	src/battle_util.c:7280	Pinned description: Ups Defense if suffering. Marvel Scale multiplies the selected Defense stat by 1.5 only when raw defender STATUS1_ANY is set and usesDefStat is true; Wonder Room remains conservatively blocked.
64	ABILITY_LIQUID_OOZE	Liquid Ooze	UNCLASSIFIED	UNSUPPORTED_DAMAGE_RELEVANT	src/battle_move_resolution.c:2170, src/battle_end_turn.c:448, src/battle_ai_main.c:1884, src/battle_ai_main.c:4760	Pinned description: Draining causes injury. Pinned ability can alter a damage operand, damage/type/immunity result, field, effective form, stat, held-item behavior, or ability state; current calculator does not reproduce every applicable trigger and rounding path.
65	ABILITY_OVERGROW	Overgrow	MODELLED_HNS_CONDITIONAL	MODELLED_HNS_CONDITIONAL	src/battle_util.c:7022	Pinned description: Ups Grass moves in a pinch. Pinned CalcAttackStat pinch modifier is modelled with authoritative live HP; irrelevant defender and wrong-type attacker cases are proven at the request boundary.
66	ABILITY_BLAZE	Blaze	MODELLED_HNS_CONDITIONAL	MODELLED_HNS_CONDITIONAL	src/battle_util.c:7018	Pinned description: Ups Fire moves in a pinch. Pinned CalcAttackStat pinch modifier is modelled with authoritative live HP; irrelevant defender and wrong-type attacker cases are proven at the request boundary.
67	ABILITY_TORRENT	Torrent	MODELLED_HNS_CONDITIONAL	MODELLED_HNS_CONDITIONAL	src/battle_util.c:7014	Pinned description: Ups Water moves in a pinch. Pinned CalcAttackStat pinch modifier is modelled with authoritative live HP; irrelevant defender and wrong-type attacker cases are proven at the request boundary.
68	ABILITY_SWARM	Swarm	MODELLED_HNS_CONDITIONAL	MODELLED_HNS_CONDITIONAL	src/battle_util.c:7010, src/overworld.c:1523	Pinned description: Ups Bug moves in a pinch. Pinned CalcAttackStat pinch modifier is modelled with authoritative live HP; irrelevant defender and wrong-type attacker cases are proven at the request boundary.
69	ABILITY_ROCK_HEAD	Rock Head	UNCLASSIFIED	PROVEN_NO_DAMAGE_EFFECT	src/battle_move_resolution.c:2979, src/battle_ai_util.c:1028	Pinned description: Prevents recoil damage. Reviewed pinned ability uses affect status, accuracy, switching, priority, PP, secondary/indirect effects, or overworld behavior; no ordinary direct-damage operand, type, immunity, field, or held-item modifier is changed by the effective ability itself.
70	ABILITY_DROUGHT	Drought	UNCLASSIFIED	MODELLED_HNS_CONDITIONAL	src/battle_util.c:3383, src/battle_ai_util.c:1936	Pinned description: Summons sunlight in battle. The ability writes the current live weather. Request-local proof requires an authoritative weather word and switch-in settlement for entry setters; Sand/Snow formula limits and unsupported moves remain independent blockers. Sand Spit writes weather after the triggering hit.
71	ABILITY_ARENA_TRAP	Arena Trap	UNCLASSIFIED	PROVEN_NO_DAMAGE_EFFECT	src/battle_util.c:5085, src/battle_ai_switch.c:2066, src/battle_ai_util.c:1841, src/battle_ai_util.c:499	Pinned description: Prevents fleeing. Reviewed pinned ability uses affect status, accuracy, switching, priority, PP, secondary/indirect effects, or overworld behavior; no ordinary direct-damage operand, type, immunity, field, or held-item modifier is changed by the effective ability itself.
72	ABILITY_VITAL_SPIRIT	Vital Spirit	UNCLASSIFIED	PROVEN_NO_DAMAGE_EFFECT	src/battle_util.c:5482, src/battle_util.c:9069, src/battle_move_resolution.c:1203, src/battle_end_turn.c:870	Pinned description: Prevents sleep. Reviewed pinned ability uses affect status, accuracy, switching, priority, PP, secondary/indirect effects, or overworld behavior; no ordinary direct-damage operand, type, immunity, field, or held-item modifier is changed by the effective ability itself.
73	ABILITY_WHITE_SMOKE	White Smoke	UNCLASSIFIED	PROVEN_NO_DAMAGE_EFFECT	src/battle_script_commands.c:11801, src/battle_ai_util.c:2376, src/battle_ai_util.c:6157, src/wild_encounter.c:741	Pinned description: Prevents ability reduction. Reviewed pinned ability uses affect status, accuracy, switching, priority, PP, secondary/indirect effects, or overworld behavior; no ordinary direct-damage operand, type, immunity, field, or held-item modifier is changed by the effective ability itself.
74	ABILITY_PURE_POWER	Pure Power	UNSUPPORTED_DAMAGE_RELEVANT	UNSUPPORTED_DAMAGE_RELEVANT	src/battle_util.c:6990, src/battle_ai_util.c:6182	Pinned description: Raises Attack. Pinned stat modifier or ability interaction diverges in ordering/rounding from the embedded calculator; fail closed.
75	ABILITY_SHELL_ARMOR	Shell Armor	UNCLASSIFIED	UNSUPPORTED_DAMAGE_RELEVANT	src/battle_util.c:8056, src/battle_util.c:8108, src/battle_ai_main.c:2357	Pinned description: Blocks critical hits. Pinned ability can alter a critical-hit, damage, or attack-blocking result; the current calculator does not model that trigger.
76	ABILITY_AIR_LOCK	Air Lock	UNCLASSIFIED	MODELLED_HNS_CONDITIONAL	src/battle_util.c:10064, src/battle_util.c:3474, src/battle_script_commands.c:13505, src/battle_ai_util.c:1926	Pinned description: Negates weather effects. Air Lock suppresses effective weather through HasWeatherEffect; the request boundary forwards the resulting no-weather state for currently supported selected-hit weather.
77	ABILITY_TANGLED_FEET	Tangled Feet	PROVEN_NO_DAMAGE_EFFECT	PROVEN_NO_DAMAGE_EFFECT	src/battle_util.c:10508	Pinned description: Ups evasion if confused. Pinned battle paths affect no direct-damage operand or modifier; ability identity is read from the live battler.
78	ABILITY_MOTOR_DRIVE	Motor Drive	UNCLASSIFIED	MODELLED_HNS_CONDITIONAL	src/battle_util.c:2457, src/battle_ai_main.c:3533, src/battle_ai_main.c:5597, src/battle_ai_main.c:5658	Pinned description: Electricity raises Speed. Group C modeled conditionally by the H&S immunity layer: matching Electric hits are zeroed; the Speed boost is after the hit (src/battle_util.c:2457).
79	ABILITY_RIVALRY	Rivalry	UNCLASSIFIED	MODELLED_HNS_CONDITIONAL	src/battle_util.c:6684	Pinned description: Powers up against rivals. Ordinary selected-hit Singles branch is conditional on authoritative live runtime operands. Missing operands remain UNKNOWN. Pinned stat/base-power operators are reproduced; independent item, field, format, suppression and gimmick blockers remain.
80	ABILITY_STEADFAST	Steadfast	UNCLASSIFIED	MODELLED_HNS_CONDITIONAL	src/data/abilities.h (catalogue only)	Pinned description: Flinching raises Speed. The damage-relevant consequence is the current live stat stage. Request-local proof requires both active stage arrays; switch-in writers also require switch-in settlement, while post-hit/end-turn writes cannot change the current hit. The source-backed policy keeps Analytic order and unsupported move blockers independent.
81	ABILITY_SNOW_CLOAK	Snow Cloak	UNCLASSIFIED	PROVEN_NO_DAMAGE_EFFECT	src/battle_util.c:10504, src/battle_end_turn.c:164, src/battle_ai_field_statuses.c:159, src/battle_ai_switch.c:1587	Pinned description: Ups evasion in Hail or Snow. Pinned use affects a secondary contact/status, end-turn recovery, speed after a hit, or accuracy; the live HP/status/stat snapshot captures earlier effects and the ability adds no modifier to this ordinary direct hit.
82	ABILITY_GLUTTONY	Gluttony	UNCLASSIFIED	UNSUPPORTED_DAMAGE_RELEVANT	src/battle_util.c:5620	Pinned description: Eats Berries early. Pinned ability can alter a damage operand, damage/type/immunity result, field, effective form, stat, held-item behavior, or ability state; current calculator does not reproduce every applicable trigger and rounding path.
83	ABILITY_ANGER_POINT	Anger Point	UNCLASSIFIED	MODELLED_HNS_CONDITIONAL	src/battle_util.c:4022, src/battle_ai_main.c:3249, src/battle_ai_main.c:3511	Pinned description: Critical hits raise Attack. The damage-relevant consequence is the current live stat stage. Request-local proof requires both active stage arrays; switch-in writers also require switch-in settlement, while post-hit/end-turn writes cannot change the current hit. The source-backed policy keeps Analytic order and unsupported move blockers independent.
84	ABILITY_UNBURDEN	Unburden	UNCLASSIFIED	UNSUPPORTED_DAMAGE_RELEVANT	src/battle_util.c:10761, src/battle_main.c:4967	Pinned description: Using a hold item ups Speed. Pinned ability can alter a damage operand, damage/type/immunity result, field, effective form, stat, held-item behavior, or ability state; current calculator does not reproduce every applicable trigger and rounding path.
85	ABILITY_HEATPROOF	Heatproof	UNCLASSIFIED	MODELLED_HNS_CONDITIONAL	src/battle_util.c:6787, src/battle_end_turn.c:526, src/battle_end_turn.c:529, src/battle_ai_switch.c:1722	Pinned description: Heat and burn protection. The selected ordinary direct-hit scope is conditionally modelled: defender Fire moves receive the pinned 0.5 base-power modifier and attacker-side Heatproof is irrelevant to outgoing direct damage. Burn residual damage, status handling, and switch AI remain outside the displayed single-hit result.
86	ABILITY_SIMPLE	Simple	UNCLASSIFIED	MODELLED_HNS_CONDITIONAL	src/battle_script_commands.c:7792, src/battle_ai_util.c:4863, src/battle_ai_util.c:6236	Pinned description: Prone to wild stat changes. The damage-relevant consequence is the current live stat stage. Request-local proof requires both active stage arrays; switch-in writers also require switch-in settlement, while post-hit/end-turn writes cannot change the current hit. The source-backed policy keeps Analytic order and unsupported move blockers independent.
87	ABILITY_DRY_SKIN	Dry Skin	UNCLASSIFIED	MODELLED_HNS_CONDITIONAL	src/battle_util.c:2449, src/battle_util.c:3687, src/battle_util.c:6796, src/battle_end_turn.c:124	Pinned description: Prefers moisture to heat. Group C modeled conditionally by the H&S immunity layer: matching Water hits are zeroed and Fire damage uses the pinned 1.25 modifier (src/battle_util.c:2449; src/battle_util.c:6796).
88	ABILITY_DOWNLOAD	Download	UNCLASSIFIED	MODELLED_HNS_CONDITIONAL	src/battle_util.c:3269	Pinned description: Adjusts power favorably. The damage-relevant consequence is the current live stat stage. Request-local proof requires both active stage arrays; switch-in writers also require switch-in settlement, while post-hit/end-turn writes cannot change the current hit. The source-backed policy keeps Analytic order and unsupported move blockers independent.
89	ABILITY_IRON_FIST	Iron Fist	MODELLED_HNS_CONDITIONAL	MODELLED_HNS_CONDITIONAL	src/battle_util.c:6671	Pinned description: Boosts punching moves. Group D base-power support applies the pinned 1.2 modifier only to authoritative ordinary moves with MoveInfo.punchingMove; move flags come from the pinned source generator.
90	ABILITY_POISON_HEAL	Poison Heal	UNCLASSIFIED	PROVEN_NO_DAMAGE_EFFECT	src/battle_end_turn.c:484, src/battle_ai_switch.c:1545, src/battle_ai_switch.c:1661, src/battle_ai_switch.c:1736	Pinned description: Restores HP if poisoned. Pinned use affects a secondary contact/status, end-turn recovery, speed after a hit, or accuracy; the live HP/status/stat snapshot captures earlier effects and the ability adds no modifier to this ordinary direct hit.
91	ABILITY_ADAPTABILITY	Adaptability	UNSUPPORTED_DAMAGE_RELEVANT	MODELLED_HNS_CONDITIONAL	src/battle_util.c:7427	Pinned description: Boosts same type attacks. Adaptability uses the exact live effective type and attacker typings for its STAB-only 2.0 branch; unresolved gimmicks and type authority remain request-local blockers.
92	ABILITY_SKILL_LINK	Skill Link	UNCLASSIFIED	UNSUPPORTED_DAMAGE_RELEVANT	src/battle_move_resolution.c:1919, src/battle_script_commands.c:1103, src/battle_ai_util.c:798	Pinned description: Multi-hit moves hit 5 times. Pinned ability can alter a damage operand, damage/type/immunity result, field, effective form, stat, held-item behavior, or ability state; current calculator does not reproduce every applicable trigger and rounding path.
93	ABILITY_HYDRATION	Hydration	UNCLASSIFIED	PROVEN_NO_DAMAGE_EFFECT	src/battle_util.c:3702, src/battle_end_turn.c:372, src/battle_ai_field_statuses.c:163, src/battle_ai_main.c:3989	Pinned description: Cures status in rain. Pinned use affects a secondary contact/status, end-turn recovery, speed after a hit, or accuracy; the live HP/status/stat snapshot captures earlier effects and the ability adds no modifier to this ordinary direct hit.
94	ABILITY_SOLAR_POWER	Solar Power	UNCLASSIFIED	MODELLED_HNS_CONDITIONAL	src/battle_util.c:3792, src/battle_util.c:6998, src/battle_end_turn.c:132, src/battle_ai_field_statuses.c:173	Pinned description: Powers up in sunshine. Solar Power’s Special Attack-stat ×1.5 is modelled in the Attack-stat accumulator only when HnsMoveAuthority proves a Special ordinary move and the live IsBattlerWeatherAffected predicate proves ordinary Sun affects the attacker. Utility Umbrella remains independently unsupported; weather-suppressor limitations remain independent. End-of-turn maxHP/8 residual loss is outside the selected-hit result.
95	ABILITY_QUICK_FEET	Quick Feet	UNCLASSIFIED	UNSUPPORTED_DAMAGE_RELEVANT	src/battle_main.c:4957, src/battle_main.c:4993, src/battle_ai_util.c:3584, src/wild_encounter.c:749	Pinned description: Ups Speed if suffering. Pinned ability can alter a damage operand, damage/type/immunity result, field, effective form, stat, held-item behavior, or ability state; current calculator does not reproduce every applicable trigger and rounding path.
96	ABILITY_NORMALIZE	Normalize	UNCLASSIFIED	MODELLED_HNS_CONDITIONAL	src/battle_util.c:6730, src/battle_main.c:6388, src/battle_main.c:6393, src/battle_main.c:6407	Pinned description: Moves become Normal-type. The pinned ordinary-move dynamic-type path rewrites to Normal and sets ateBoost; the pinned Gen-Latest configuration applies the later 1.2 base-power modifier.
97	ABILITY_SNIPER	Sniper	UNCLASSIFIED	MODELLED_HNS_CONDITIONAL	src/battle_util.c:7567	Pinned description: Boosts critical hits. Sniper is modeled as an additional 1.5 final attacker modifier only for the selected critical hit; the ordinary critical multiplier remains a separate pre-roll stage.
98	ABILITY_MAGIC_GUARD	Magic Guard	UNCLASSIFIED	PROVEN_NO_DAMAGE_EFFECT	src/battle_util.c:4054, src/battle_util.c:4420, src/battle_move_resolution.c:1379, src/battle_move_resolution.c:2102	Pinned description: Only damaged by attacks. Reviewed pinned ability uses affect status, accuracy, switching, priority, PP, secondary/indirect effects, or overworld behavior; no ordinary direct-damage operand, type, immunity, field, or held-item modifier is changed by the effective ability itself.
99	ABILITY_NO_GUARD	No Guard	UNCLASSIFIED	PROVEN_NO_DAMAGE_EFFECT	src/battle_util.c:10384, src/battle_util.c:10389, src/battle_util.c:10392, src/battle_util.c:10396	Pinned description: Ensures that all moves hit. Reviewed pinned ability uses affect status, accuracy, switching, priority, PP, secondary/indirect effects, or overworld behavior; no ordinary direct-damage operand, type, immunity, field, or held-item modifier is changed by the effective ability itself.
100	ABILITY_STALL	Stall	UNCLASSIFIED	UNSUPPORTED_DAMAGE_RELEVANT	src/battle_main.c:5068, src/battle_main.c:5069, src/battle_ai_util.c:1484, src/battle_ai_util.c:1486	Pinned description: Always moves last. Pinned priority effect can change whether a damaging move is blocked by priority-sensitive field/ability rules; current calculator does not model that interaction.
101	ABILITY_TECHNICIAN	Technician	MODELLED_HNS_CONDITIONAL	MODELLED_HNS_CONDITIONAL	src/battle_util.c:6655	Pinned description: Boosts weaker moves. Group D base-power support applies the pinned 1.5 modifier to authoritative ordinary moves whose pre-ability base power is at most 60; other move shapes remain refused.
102	ABILITY_LEAF_GUARD	Leaf Guard	UNCLASSIFIED	PROVEN_NO_DAMAGE_EFFECT	src/battle_script_commands.c:7234, src/battle_ai_field_statuses.c:170, src/battle_ai_main.c:1346, src/battle_ai_main.c:4001	Pinned description: Blocks status in sunshine. Reviewed pinned ability uses affect status, accuracy, switching, priority, PP, secondary/indirect effects, or overworld behavior; no ordinary direct-damage operand, type, immunity, field, or held-item modifier is changed by the effective ability itself.
103	ABILITY_KLUTZ	Klutz	UNCLASSIFIED	UNSUPPORTED_DAMAGE_RELEVANT	src/battle_util.c:5829, src/battle_util.c:9273, src/battle_move_resolution.c:1235, src/battle_ai_switch.c:1527	Pinned description: Can't use hold items. Pinned ability can alter a damage operand, damage/type/immunity result, field, effective form, stat, held-item behavior, or ability state; current calculator does not reproduce every applicable trigger and rounding path.
104	ABILITY_MOLD_BREAKER	Mold Breaker	UNCLASSIFIED	UNSUPPORTED_DAMAGE_RELEVANT	src/battle_util.c:3160, src/battle_util.c:4962	Pinned description: Moves hit through abilities. Pinned ability can alter a damage operand, damage/type/immunity result, field, effective form, stat, held-item behavior, or ability state; current calculator does not reproduce every applicable trigger and rounding path.
105	ABILITY_SUPER_LUCK	Super Luck	UNCLASSIFIED	UNSUPPORTED_DAMAGE_RELEVANT	src/battle_util.c:8049, src/battle_util.c:8102, src/battle_ai_items.c:162, src/battle_ai_main.c:4735	Pinned description: Critical hits land often. Pinned ability can alter a critical-hit, damage, or attack-blocking result; the current calculator does not model that trigger.
106	ABILITY_AFTERMATH	Aftermath	UNCLASSIFIED	UNSUPPORTED_DAMAGE_RELEVANT	src/battle_util.c:4067	Pinned description: Fainting damages the foe. Pinned ability can alter a damage operand, damage/type/immunity result, field, effective form, stat, held-item behavior, or ability state; current calculator does not reproduce every applicable trigger and rounding path.
107	ABILITY_ANTICIPATION	Anticipation	UNCLASSIFIED	PROVEN_NO_DAMAGE_EFFECT	src/battle_util.c:3215	Pinned description: Senses dangerous moves. Reviewed pinned ability uses affect status, accuracy, switching, priority, PP, secondary/indirect effects, or overworld behavior; no ordinary direct-damage operand, type, immunity, field, or held-item modifier is changed by the effective ability itself.
108	ABILITY_FOREWARN	Forewarn	UNCLASSIFIED	PROVEN_NO_DAMAGE_EFFECT	src/battle_util.c:3260	Pinned description: Determines a foe's move. Reviewed pinned ability uses affect status, accuracy, switching, priority, PP, secondary/indirect effects, or overworld behavior; no ordinary direct-damage operand, type, immunity, field, or held-item modifier is changed by the effective ability itself.
109	ABILITY_UNAWARE	Unaware	UNCLASSIFIED	UNSUPPORTED_DAMAGE_RELEVANT	src/battle_util.c:10451, src/battle_util.c:10456, src/battle_util.c:6974, src/battle_util.c:7261	Pinned description: Ignores stat changes. Pinned ability can alter a damage operand, damage/type/immunity result, field, effective form, stat, held-item behavior, or ability state; current calculator does not reproduce every applicable trigger and rounding path.
110	ABILITY_TINTED_LENS	Tinted Lens	UNCLASSIFIED	MODELLED_HNS_CONDITIONAL	src/battle_util.c:7571	Pinned description: Ups “not very effective”. Tinted Lens is modeled from exact H&S type effectiveness in the attacker final slot; immunity remains zero before final modifiers.
111	ABILITY_FILTER	Filter	UNCLASSIFIED	MODELLED_HNS_CONDITIONAL	src/battle_util.c:7595	Pinned description: Weakens “supereffective”. Filter is modeled from exact H&S type effectiveness in the defender final slot; its breakable metadata keeps Mold Breaker handling request-local.
112	ABILITY_SLOW_START	Slow Start	UNCLASSIFIED	MODELLED_HNS_CONDITIONAL	src/battle_util.c:6994	Pinned description: Takes a while to get going. Ordinary selected-hit Singles branch is conditional on authoritative live runtime operands. Missing operands remain UNKNOWN. Pinned stat/base-power operators are reproduced; independent item, field, format, suppression and gimmick blockers remain.
113	ABILITY_SCRAPPY	Scrappy	UNCLASSIFIED	UNSUPPORTED_DAMAGE_RELEVANT	src/battle_util.c:8268, src/battle_script_commands.c:13352, src/battle_ai_main.c:4963	Pinned description: Hits Ghost-type Pokémon. Pinned ability can alter a damage operand, damage/type/immunity result, field, effective form, stat, held-item behavior, or ability state; current calculator does not reproduce every applicable trigger and rounding path.
114	ABILITY_STORM_DRAIN	Storm Drain	UNCLASSIFIED	MODELLED_HNS_CONDITIONAL	src/battle_util.c:2465, src/battle_move_resolution.c:811, src/battle_move_resolution.c:836, src/battle_ai_main.c:1365	Pinned description: Draws in Water moves. Group C modeled conditionally by the H&S immunity layer: matching Water hits are zeroed; redirection is outside the Singles damage result (src/battle_util.c:2465).
115	ABILITY_ICE_BODY	Ice Body	UNCLASSIFIED	PROVEN_NO_DAMAGE_EFFECT	src/battle_util.c:3675, src/battle_end_turn.c:157, src/battle_ai_field_statuses.c:157, src/battle_ai_switch.c:1587	Pinned description: HP recovery in Hail or Snow. Reviewed pinned ability uses affect status, accuracy, switching, priority, PP, secondary/indirect effects, or overworld behavior; no ordinary direct-damage operand, type, immunity, field, or held-item modifier is changed by the effective ability itself.
116	ABILITY_SOLID_ROCK	Solid Rock	UNCLASSIFIED	MODELLED_HNS_CONDITIONAL	src/battle_util.c:7596	Pinned description: Weakens “supereffective”. Solid Rock is modeled from exact H&S type effectiveness in the defender final slot; its breakable metadata keeps Mold Breaker handling request-local.
117	ABILITY_SNOW_WARNING	Snow Warning	UNCLASSIFIED	MODELLED_HNS_CONDITIONAL	src/battle_util.c:3397, src/battle_ai_util.c:1940	Pinned description: Summons snow in battle. The ability writes the current live weather. Request-local proof requires an authoritative weather word and switch-in settlement for entry setters; Sand/Snow formula limits and unsupported moves remain independent blockers. Sand Spit writes weather after the triggering hit.
118	ABILITY_HONEY_GATHER	Honey Gather	UNCLASSIFIED	PROVEN_NO_DAMAGE_EFFECT	src/battle_script_commands.c:10316	Pinned description: May gather Honey. Reviewed pinned ability uses affect status, accuracy, switching, priority, PP, secondary/indirect effects, or overworld behavior; no ordinary direct-damage operand, type, immunity, field, or held-item modifier is changed by the effective ability itself.
119	ABILITY_FRISK	Frisk	UNCLASSIFIED	PROVEN_NO_DAMAGE_EFFECT	src/battle_util.c:3253	Pinned description: Checks a foe's item. Reviewed pinned ability uses affect status, accuracy, switching, priority, PP, secondary/indirect effects, or overworld behavior; no ordinary direct-damage operand, type, immunity, field, or held-item modifier is changed by the effective ability itself.
120	ABILITY_RECKLESS	Reckless	UNCLASSIFIED	MODELLED_HNS_CONDITIONAL	src/battle_util.c:6667	Pinned description: Boosts moves with recoil. Fixed single-hit EFFECT_RECOIL uses the pinned UQ4.12 1.2 base-power slot. Ordinary EFFECT_HIT and defender-side Reckless are inactive. Other recoil shapes remain refused independently.
121	ABILITY_MULTITYPE	Multitype	UNCLASSIFIED	UNSUPPORTED_DAMAGE_RELEVANT	src/data/abilities.h (catalogue only)	Pinned description: Changes type to its Plate. Pinned ability can alter a damage operand, damage/type/immunity result, field, effective form, stat, held-item behavior, or ability state; current calculator does not reproduce every applicable trigger and rounding path.
122	ABILITY_FLOWER_GIFT	Flower Gift	UNCLASSIFIED	MODELLED_HNS_CONDITIONAL	src/battle_util.c:7044	Pinned description: Allies power up in sunshine. Only holder-side Singles branches are modelled: exact live Cherrim-Sunshine form, effective Sun applicability, holder item and authoritative move category. Partner/Doubles branch remains unsupported.
123	ABILITY_BAD_DREAMS	Bad Dreams	UNCLASSIFIED	PROVEN_NO_DAMAGE_EFFECT	src/battle_util.c:3788, src/battle_end_turn.c:1271	Pinned description: Damages sleeping Pokémon. Reviewed pinned ability uses affect status, accuracy, switching, priority, PP, secondary/indirect effects, or overworld behavior; no ordinary direct-damage operand, type, immunity, field, or held-item modifier is changed by the effective ability itself.
124	ABILITY_PICKPOCKET	Pickpocket	UNCLASSIFIED	UNSUPPORTED_DAMAGE_RELEVANT	src/battle_move_resolution.c:3490	Pinned description: Steals the foe's held item. Pickpocket transfers an item in MoveEndPickpocket after the current hit. Request-local ordinary-hit clearance is source reviewed; other shapes remain unsupported.
125	ABILITY_SHEER_FORCE	Sheer Force	UNCLASSIFIED	MODELLED_HNS_CONDITIONAL	src/battle_util.c:6675	Pinned description: Trades effects for power. The selected-hit base-power factor uses the exact source-generated MoveIsAffectedBySheerForce predicate; secondary-effect heuristics are not used.
126	ABILITY_CONTRARY	Contrary	UNCLASSIFIED	PROVEN_NO_DAMAGE_EFFECT	src/battle_util.c:1241, src/battle_util.c:1245, src/battle_util.c:1257, src/battle_util.c:9441	Pinned description: Inverts stat changes. Reviewed pinned ability uses affect status, accuracy, switching, priority, PP, secondary/indirect effects, or overworld behavior; no ordinary direct-damage operand, type, immunity, field, or held-item modifier is changed by the effective ability itself.
127	ABILITY_UNNERVE	Unnerve	UNCLASSIFIED	UNSUPPORTED_DAMAGE_RELEVANT	src/battle_util.c:363, src/battle_util.c:4756, src/battle_ai_switch.c:1838	Pinned description: Foes can't eat Berries. Pinned ability can alter a damage operand, damage/type/immunity result, field, effective form, stat, held-item behavior, or ability state; current calculator does not reproduce every applicable trigger and rounding path.
128	ABILITY_DEFIANT	Defiant	UNCLASSIFIED	MODELLED_HNS_CONDITIONAL	src/battle_util.c:1205, src/battle_util.c:1275, src/battle_ai_main.c:3737, src/battle_ai_util.c:5859	Pinned description: Lowered stats up Attack. The damage-relevant consequence is the current live stat stage. Request-local proof requires both active stage arrays; switch-in writers also require switch-in settlement, while post-hit/end-turn writes cannot change the current hit. The source-backed policy keeps Analytic order and unsupported move blockers independent.
129	ABILITY_DEFEATIST	Defeatist	UNCLASSIFIED	MODELLED_HNS_CONDITIONAL	src/battle_util.c:7002	Pinned description: Gives up at half HP. Defeatist’s ×0.5 selected attacking-stat modifier is modelled for either final category only from valid authoritative live attacker HP and maxHP using hp <= floor(maxHP/2); missing or invalid live HP remains unknown.
130	ABILITY_CURSED_BODY	Cursed Body	UNCLASSIFIED	PROVEN_NO_DAMAGE_EFFECT	src/battle_util.c:3956	Pinned description: Disables moves on contact. Reviewed pinned ability uses affect status, accuracy, switching, priority, PP, secondary/indirect effects, or overworld behavior; no ordinary direct-damage operand, type, immunity, field, or held-item modifier is changed by the effective ability itself.
131	ABILITY_HEALER	Healer	UNCLASSIFIED	PROVEN_NO_DAMAGE_EFFECT	src/battle_util.c:3801, src/battle_end_turn.c:371	Pinned description: Heals partner Pokémon. Reviewed pinned ability uses affect status, accuracy, switching, priority, PP, secondary/indirect effects, or overworld behavior; no ordinary direct-damage operand, type, immunity, field, or held-item modifier is changed by the effective ability itself.
132	ABILITY_FRIEND_GUARD	Friend Guard	UNCLASSIFIED	UNSUPPORTED_DAMAGE_RELEVANT	src/battle_util.c:7647, src/battle_ai_util.c:6171	Pinned description: Lowers damage to partner. Pinned ability can alter a damage operand, damage/type/immunity result, field, effective form, stat, held-item behavior, or ability state; current calculator does not reproduce every applicable trigger and rounding path.
133	ABILITY_WEAK_ARMOR	Weak Armor	UNCLASSIFIED	MODELLED_HNS_CONDITIONAL	src/battle_util.c:3942	Pinned description: Its stats change when hit. The damage-relevant consequence is the current live stat stage. Request-local proof requires both active stage arrays; switch-in writers also require switch-in settlement, while post-hit/end-turn writes cannot change the current hit. The source-backed policy keeps Analytic order and unsupported move blockers independent.
134	ABILITY_HEAVY_METAL	Heavy Metal	UNCLASSIFIED	UNSUPPORTED_DAMAGE_RELEVANT	src/battle_util.c:6074	Pinned description: Doubles weight. Pinned ability can alter a damage operand, damage/type/immunity result, field, effective form, stat, held-item behavior, or ability state; current calculator does not reproduce every applicable trigger and rounding path.
135	ABILITY_LIGHT_METAL	Light Metal	UNCLASSIFIED	UNSUPPORTED_DAMAGE_RELEVANT	src/battle_util.c:6076	Pinned description: Halves weight. Pinned ability can alter a damage operand, damage/type/immunity result, field, effective form, stat, held-item behavior, or ability state; current calculator does not reproduce every applicable trigger and rounding path.
136	ABILITY_MULTISCALE	Multiscale	UNCLASSIFIED	MODELLED_HNS_CONDITIONAL	src/battle_util.c:7589	Pinned description: Halves damage at full HP. Multiscale is modeled from exact live defender HP/max HP in the defender final slot; its breakable metadata keeps Mold Breaker handling request-local.
137	ABILITY_TOXIC_BOOST	Toxic Boost	MODELLED_HNS_CONDITIONAL	MODELLED_HNS_CONDITIONAL	src/battle_util.c:6663, src/battle_ai_util.c:3600, src/battle_ai_util.c:4097	Pinned description: Ups Attack if poisoned. Group D base-power support uses the exact live STATUS1_PSN_ANY mask and authoritative Physical category; raw status1 remains required.
138	ABILITY_FLARE_BOOST	Flare Boost	MODELLED_HNS_CONDITIONAL	MODELLED_HNS_CONDITIONAL	src/battle_util.c:6659, src/battle_ai_util.c:3619, src/battle_ai_util.c:4111	Pinned description: Ups Sp. Atk if burned. Group D base-power support uses the exact live STATUS1_BURN bit and authoritative Special category; raw status1 remains required.
139	ABILITY_HARVEST	Harvest	UNCLASSIFIED	UNSUPPORTED_DAMAGE_RELEVANT	src/battle_util.c:3665, src/battle_end_turn.c:1273, src/battle_ai_field_statuses.c:169, src/battle_ai_main.c:3993	Pinned description: May recycle a used Berry. Pinned ability can alter a damage operand, damage/type/immunity result, field, effective form, stat, held-item behavior, or ability state; current calculator does not reproduce every applicable trigger and rounding path.
140	ABILITY_TELEPATHY	Telepathy	UNCLASSIFIED	UNSUPPORTED_DAMAGE_RELEVANT	src/battle_util.c:8422, src/battle_ai_main.c:4908	Pinned description: Can't be damaged by an ally. src/battle_util.c:8422 sets the type-effectiveness modifier to zero when the holder is the attacker's partner and the move has power. Current production is Singles-only, but the registry is global and does not model this partner-dependent immunity.
141	ABILITY_MOODY	Moody	UNCLASSIFIED	MODELLED_HNS_CONDITIONAL	src/battle_util.c:3748, src/battle_end_turn.c:1274, src/battle_ai_util.c:6154	Pinned description: Stats change gradually. The damage-relevant consequence is the current live stat stage. Request-local proof requires both active stage arrays; switch-in writers also require switch-in settlement, while post-hit/end-turn writes cannot change the current hit. The source-backed policy keeps Analytic order and unsupported move blockers independent.
142	ABILITY_OVERCOAT	Overcoat	UNCLASSIFIED	PROVEN_NO_DAMAGE_EFFECT	src/battle_util.c:10722, src/battle_end_turn.c:142, src/battle_end_turn.c:165, src/battle_ai_field_statuses.c:151	Pinned description: Blocks weather and powder. Reviewed pinned ability uses affect status, accuracy, switching, priority, PP, secondary/indirect effects, or overworld behavior; no ordinary direct-damage operand, type, immunity, field, or held-item modifier is changed by the effective ability itself.
143	ABILITY_POISON_TOUCH	Poison Touch	UNCLASSIFIED	PROVEN_NO_DAMAGE_EFFECT	src/battle_util.c:4343	Pinned description: Poisons foe on contact. Reviewed pinned ability uses affect status, accuracy, switching, priority, PP, secondary/indirect effects, or overworld behavior; no ordinary direct-damage operand, type, immunity, field, or held-item modifier is changed by the effective ability itself.
144	ABILITY_REGENERATOR	Regenerator	UNCLASSIFIED	PROVEN_NO_DAMAGE_EFFECT	src/battle_script_commands.c:10235, src/battle_ai_switch.c:1113, src/battle_ai_switch.c:389, src/battle_ai_switch.c:404	Pinned description: Heals upon switching out. Reviewed pinned ability uses affect status, accuracy, switching, priority, PP, secondary/indirect effects, or overworld behavior; no ordinary direct-damage operand, type, immunity, field, or held-item modifier is changed by the effective ability itself.
145	ABILITY_BIG_PECKS	Big Pecks	UNCLASSIFIED	PROVEN_NO_DAMAGE_EFFECT	src/battle_script_commands.c:7714, src/battle_script_commands.c:7879, src/battle_ai_util.c:2361	Pinned description: Prevents Defense loss. Reviewed pinned ability uses affect status, accuracy, switching, priority, PP, secondary/indirect effects, or overworld behavior; no ordinary direct-damage operand, type, immunity, field, or held-item modifier is changed by the effective ability itself.
146	ABILITY_SAND_RUSH	Sand Rush	UNCLASSIFIED	UNSUPPORTED_DAMAGE_RELEVANT	src/battle_end_turn.c:141, src/battle_main.c:4950, src/battle_ai_field_statuses.c:154, src/battle_ai_switch.c:1595	Pinned description: Ups Speed in a sandstorm. Pinned ability can alter a damage operand, damage/type/immunity result, field, effective form, stat, held-item behavior, or ability state; current calculator does not reproduce every applicable trigger and rounding path.
147	ABILITY_WONDER_SKIN	Wonder Skin	UNCLASSIFIED	PROVEN_NO_DAMAGE_EFFECT	src/battle_util.c:10474	Pinned description: May avoid status problems. Reviewed pinned ability uses affect status, accuracy, switching, priority, PP, secondary/indirect effects, or overworld behavior; no ordinary direct-damage operand, type, immunity, field, or held-item modifier is changed by the effective ability itself.
148	ABILITY_ANALYTIC	Analytic	UNCLASSIFIED	MODELLED_HNS_CONDITIONAL	src/battle_util.c:6690	Pinned description: Moving last boosts power. Ordinary selected-hit Singles branch is conditional on authoritative live runtime operands. Missing operands remain UNKNOWN. Pinned stat/base-power operators are reproduced; independent item, field, format, suppression and gimmick blockers remain.
149	ABILITY_ILLUSION	Illusion	UNCLASSIFIED	PROVEN_NO_DAMAGE_EFFECT	src/battle_util.c:4223, src/battle_util.c:8318, src/battle_util.c:8327, src/battle_util.c:8946	Pinned description: Appears as a partner. Reviewed pinned ability uses affect status, accuracy, switching, priority, PP, secondary/indirect effects, or overworld behavior; no ordinary direct-damage operand, type, immunity, field, or held-item modifier is changed by the effective ability itself.
150	ABILITY_IMPOSTER	Imposter	UNCLASSIFIED	UNSUPPORTED_DAMAGE_RELEVANT	src/battle_util.c:3135, src/battle_script_commands.c:13503, src/event_object_movement.c:6068	Pinned description: Transforms into the foe. Pinned ability can alter a damage operand, damage/type/immunity result, field, effective form, stat, held-item behavior, or ability state; current calculator does not reproduce every applicable trigger and rounding path.
151	ABILITY_INFILTRATOR	Infiltrator	UNCLASSIFIED	UNSUPPORTED_DAMAGE_RELEVANT	src/battle_util.c:5382, src/battle_util.c:7538, src/battle_script_commands.c:10412, src/battle_script_commands.c:7805	Pinned description: Passes through barriers. Pinned ability can alter a damage operand, damage/type/immunity result, field, effective form, stat, held-item behavior, or ability state; current calculator does not reproduce every applicable trigger and rounding path.
152	ABILITY_MUMMY	Mummy	UNCLASSIFIED	UNSUPPORTED_DAMAGE_RELEVANT	src/battle_util.c:3972, src/battle_util.c:3977	Pinned description: Spreads with contact. Pinned ability can alter a damage operand, damage/type/immunity result, field, effective form, stat, held-item behavior, or ability state; current calculator does not reproduce every applicable trigger and rounding path.
153	ABILITY_MOXIE	Moxie	UNCLASSIFIED	MODELLED_HNS_CONDITIONAL	src/battle_util.c:4553, src/battle_ai_util.c:5841, src/battle_ai_util.c:5897	Pinned description: KOs raise Attack. The damage-relevant consequence is the current live stat stage. Request-local proof requires both active stage arrays; switch-in writers also require switch-in settlement, while post-hit/end-turn writes cannot change the current hit. The source-backed policy keeps Analytic order and unsupported move blockers independent.
154	ABILITY_JUSTIFIED	Justified	UNCLASSIFIED	MODELLED_HNS_CONDITIONAL	src/battle_util.c:3894, src/battle_ai_main.c:1309, src/battle_ai_main.c:3698, src/battle_ai_main.c:3820	Pinned description: Dark hits raise Attack. The damage-relevant consequence is the current live stat stage. Request-local proof requires both active stage arrays; switch-in writers also require switch-in settlement, while post-hit/end-turn writes cannot change the current hit. The source-backed policy keeps Analytic order and unsupported move blockers independent.
155	ABILITY_RATTLED	Rattled	UNCLASSIFIED	MODELLED_HNS_CONDITIONAL	src/battle_util.c:1250, src/battle_util.c:3906, src/battle_ai_main.c:1313, src/battle_ai_main.c:3720	Pinned description: Raises Speed when scared. The damage-relevant consequence is the current live stat stage. Request-local proof requires both active stage arrays; switch-in writers also require switch-in settlement, while post-hit/end-turn writes cannot change the current hit. The source-backed policy keeps Analytic order and unsupported move blockers independent.
156	ABILITY_MAGIC_BOUNCE	Magic Bounce	UNCLASSIFIED	PROVEN_NO_DAMAGE_EFFECT	src/battle_util.c:2412, src/battle_move_resolution.c:4241, src/battle_ai_main.c:1330, src/battle_ai_main.c:1369	Pinned description: Reflects status moves. Reviewed pinned ability uses affect status, accuracy, switching, priority, PP, secondary/indirect effects, or overworld behavior; no ordinary direct-damage operand, type, immunity, field, or held-item modifier is changed by the effective ability itself.
157	ABILITY_SAP_SIPPER	Sap Sipper	UNCLASSIFIED	MODELLED_HNS_CONDITIONAL	src/battle_util.c:2469, src/battle_ai_main.c:3680, src/battle_ai_switch.c:637, src/battle_ai_util.c:5898	Pinned description: Grass increases Attack. Group C modeled conditionally by the H&S immunity layer: matching Grass hits are zeroed; its Attack stage effect is outside the hit (src/battle_util.c:2469).
158	ABILITY_PRANKSTER	Prankster	UNCLASSIFIED	PROVEN_NO_DAMAGE_EFFECT	src/battle_main.c:5038, src/battle_ai_field_statuses.c:434, src/battle_ai_field_statuses.c:447, src/battle_ai_main.c:1392	Pinned description: Status moves go first. Reviewed pinned ability uses affect status, accuracy, switching, priority, PP, secondary/indirect effects, or overworld behavior; no ordinary direct-damage operand, type, immunity, field, or held-item modifier is changed by the effective ability itself.
159	ABILITY_SAND_FORCE	Sand Force	UNCLASSIFIED	UNSUPPORTED_DAMAGE_RELEVANT	src/battle_util.c:6679	Pinned description: Powers up in a sandstorm. Sand Force is request-locally cleared for nonmatching types or observed non-Sandstorm weather. Matching Sandstorm arithmetic is represented, while the independent Sandstorm limitation remains.
160	ABILITY_IRON_BARBS	Iron Barbs	UNCLASSIFIED	UNSUPPORTED_DAMAGE_RELEVANT	src/battle_util.c:4048, src/battle_ai_util.c:1230, src/battle_ai_util.c:1335	Pinned description: Hurts to touch. Pinned ability can alter a damage operand, damage/type/immunity result, field, effective form, stat, held-item behavior, or ability state; current calculator does not reproduce every applicable trigger and rounding path.
161	ABILITY_ZEN_MODE	Zen Mode	UNCLASSIFIED	UNSUPPORTED_DAMAGE_RELEVANT	src/battle_end_turn.c:1335	Pinned description: Transforms at half HP. Pinned ability can alter a damage operand, damage/type/immunity result, field, effective form, stat, held-item behavior, or ability state; current calculator does not reproduce every applicable trigger and rounding path.
162	ABILITY_VICTORY_STAR	Victory Star	UNCLASSIFIED	PROVEN_NO_DAMAGE_EFFECT	src/battle_util.c:10486, src/battle_util.c:10520, src/battle_ai_util.c:6173	Pinned description: Raises party accuracy. Reviewed pinned ability uses affect status, accuracy, switching, priority, PP, secondary/indirect effects, or overworld behavior; no ordinary direct-damage operand, type, immunity, field, or held-item modifier is changed by the effective ability itself.
163	ABILITY_TURBOBLAZE	Turboblaze	UNCLASSIFIED	UNSUPPORTED_DAMAGE_RELEVANT	src/battle_util.c:3176, src/battle_util.c:4964	Pinned description: Moves hit through abilities. Pinned ability can alter a damage operand, damage/type/immunity result, field, effective form, stat, held-item behavior, or ability state; current calculator does not reproduce every applicable trigger and rounding path.
164	ABILITY_TERAVOLT	Teravolt	UNCLASSIFIED	UNSUPPORTED_DAMAGE_RELEVANT	src/battle_util.c:3168, src/battle_util.c:4963	Pinned description: Moves hit through abilities. Pinned ability can alter a damage operand, damage/type/immunity result, field, effective form, stat, held-item behavior, or ability state; current calculator does not reproduce every applicable trigger and rounding path.
165	ABILITY_AROMA_VEIL	Aroma Veil	UNCLASSIFIED	PROVEN_NO_DAMAGE_EFFECT	src/battle_util.c:3960, src/battle_util.c:4216, src/battle_script_commands.c:13242, src/battle_script_commands.c:13278	Pinned description: Prevents limiting of moves. Pinned use affects a secondary contact/status, end-turn recovery, speed after a hit, or accuracy; the live HP/status/stat snapshot captures earlier effects and the ability adds no modifier to this ordinary direct hit.
166	ABILITY_FLOWER_VEIL	Flower Veil	UNCLASSIFIED	PROVEN_NO_DAMAGE_EFFECT	src/battle_util.c:5536, src/battle_script_commands.c:7226, src/battle_script_commands.c:7869, src/battle_ai_main.c:1326	Pinned description: Protects Grass-types. Reviewed pinned ability uses affect status, accuracy, switching, priority, PP, secondary/indirect effects, or overworld behavior; no ordinary direct-damage operand, type, immunity, field, or held-item modifier is changed by the effective ability itself.
167	ABILITY_CHEEK_POUCH	Cheek Pouch	UNCLASSIFIED	UNSUPPORTED_DAMAGE_RELEVANT	src/battle_script_commands.c:6573	Pinned description: Eating Berries restores HP. Pinned ability can alter a damage operand, damage/type/immunity result, field, effective form, stat, held-item behavior, or ability state; current calculator does not reproduce every applicable trigger and rounding path.
168	ABILITY_PROTEAN	Protean	UNSUPPORTED_DAMAGE_RELEVANT	UNSUPPORTED_DAMAGE_RELEVANT	src/battle_script_commands.c:944	Pinned description: Changes type to used move. Pinned damage/type/stat modifier is not reproduced by the embedded calculator; fail closed.
169	ABILITY_FUR_COAT	Fur Coat	UNCLASSIFIED	MODELLED_HNS_CONDITIONAL	src/battle_util.c:7287, src/battle_util.c:7292	Pinned description: Raises Defense. Fur Coat’s Defense-stage ×2.0 branch is modelled only for ordinary moves with authoritative final category and Wonder Room inactive. Wonder Room and nonordinary alternate-defense selection remain blocked; the breakable ability follows centralized Mold Breaker/literal-bypass and Ability Shield policy.
170	ABILITY_MAGICIAN	Magician	UNCLASSIFIED	UNSUPPORTED_DAMAGE_RELEVANT	src/battle_util.c:4482	Pinned description: Steals the foe's held item. Pinned ability can alter a damage operand, damage/type/immunity result, field, effective form, stat, held-item behavior, or ability state; current calculator does not reproduce every applicable trigger and rounding path.
171	ABILITY_BULLETPROOF	Bulletproof	UNCLASSIFIED	MODELLED_HNS_CONDITIONAL	src/battle_util.c:2489, src/battle_ai_switch.c:650	Pinned description: Avoids some projectiles. Group C modeled conditionally from pinned MoveInfo.ballisticMove: ball/bomb-tagged ordinary hits are zeroed (src/battle_util.c:2489; include/move.h:363).
172	ABILITY_COMPETITIVE	Competitive	UNCLASSIFIED	MODELLED_HNS_CONDITIONAL	src/battle_util.c:1205, src/battle_ai_main.c:3738, src/battle_ai_util.c:5858, src/battle_ai_util.c:5870	Pinned description: Lowered stats up Sp. Atk. The damage-relevant consequence is the current live stat stage. Request-local proof requires both active stage arrays; switch-in writers also require switch-in settlement, while post-hit/end-turn writes cannot change the current hit. The source-backed policy keeps Analytic order and unsupported move blockers independent.
173	ABILITY_STRONG_JAW	Strong Jaw	MODELLED_HNS_CONDITIONAL	MODELLED_HNS_CONDITIONAL	src/battle_util.c:6698	Pinned description: Boosts biting moves. Group D base-power support applies the pinned 1.5 modifier only to authoritative ordinary moves with MoveInfo.bitingMove; move flags come from the pinned source generator.
174	ABILITY_REFRIGERATE	Refrigerate	UNCLASSIFIED	MODELLED_HNS_CONDITIONAL	src/battle_util.c:6722, src/battle_main.c:6158	Pinned description: Normal moves become Ice. For an ordinary source Normal move, the pinned -ate path rewrites to Ice, sets ateBoost, and applies the pinned Gen-Latest 1.2 base-power modifier.
175	ABILITY_SWEET_VEIL	Sweet Veil	UNCLASSIFIED	PROVEN_NO_DAMAGE_EFFECT	src/battle_util.c:5475, src/battle_util.c:5479, src/battle_script_commands.c:14949, src/battle_end_turn.c:891	Pinned description: Prevents party from sleep. Reviewed pinned ability uses affect status, accuracy, switching, priority, PP, secondary/indirect effects, or overworld behavior; no ordinary direct-damage operand, type, immunity, field, or held-item modifier is changed by the effective ability itself.
176	ABILITY_STANCE_CHANGE	Stance Change	UNCLASSIFIED	UNSUPPORTED_DAMAGE_RELEVANT	src/battle_ai_main.c:4924	Pinned description: Transforms as it battles. Pinned ability can alter a damage operand, damage/type/immunity result, field, effective form, stat, held-item behavior, or ability state; current calculator does not reproduce every applicable trigger and rounding path.
177	ABILITY_GALE_WINGS	Gale Wings	UNCLASSIFIED	UNSUPPORTED_DAMAGE_RELEVANT	src/battle_main.c:5032, src/battle_ai_field_statuses.c:432, src/battle_ai_field_statuses.c:445	Pinned description: Flying moves go first. Pinned priority/contact change can alter terrain blocking, contact-dependent damage, or move outcome; no complete model is available.
178	ABILITY_MEGA_LAUNCHER	Mega Launcher	MODELLED_HNS_CONDITIONAL	MODELLED_HNS_CONDITIONAL	src/battle_util.c:6702, src/battle_script_commands.c:12572	Pinned description: Boosts pulse moves. Group D base-power support applies the pinned 1.5 modifier only to authoritative ordinary moves with MoveInfo.pulseMove; move flags come from the pinned source generator.
179	ABILITY_GRASS_PELT	Grass Pelt	UNCLASSIFIED	MODELLED_HNS_CONDITIONAL	src/battle_util.c:7296	Pinned description: Ups Defense in grass. Pinned CalcDefenseStat applies Grass Pelt only when STATUS_FIELD_GRASSY_TERRAIN is active and usesDefStat is true. The Defense-stage accumulator reproduces uq4_12_multiply_half_down with UQ_4_12(1.5); the request policy requires the authoritative final category and field word and refuses Wonder Room stat selection.
180	ABILITY_SYMBIOSIS	Symbiosis	UNCLASSIFIED	UNSUPPORTED_DAMAGE_RELEVANT	src/battle_util.c:10176	Pinned description: Passes its item to an ally. Pinned ability can alter a damage operand, damage/type/immunity result, field, effective form, stat, held-item behavior, or ability state; current calculator does not reproduce every applicable trigger and rounding path.
181	ABILITY_TOUGH_CLAWS	Tough Claws	UNCLASSIFIED	MODELLED_HNS_CONDITIONAL	src/battle_util.c:6694	Pinned description: Boosts contact moves. The attacker base-power factor uses the shared source-backed IsMoveMakingContact authority and current effective Long Reach/Punching Glove operands.
182	ABILITY_PIXILATE	Pixilate	UNCLASSIFIED	MODELLED_HNS_CONDITIONAL	src/battle_util.c:6714, src/battle_main.c:6155	Pinned description: Normal moves become Fairy. For an ordinary source Normal move, the pinned -ate path rewrites to Fairy, sets ateBoost, and applies the pinned Gen-Latest 1.2 base-power modifier.
183	ABILITY_GOOEY	Gooey	UNCLASSIFIED	PROVEN_NO_DAMAGE_EFFECT	src/battle_util.c:4033	Pinned description: Lowers Speed on contact. Pinned use affects a secondary contact/status, end-turn recovery, speed after a hit, or accuracy; the live HP/status/stat snapshot captures earlier effects and the ability adds no modifier to this ordinary direct hit.
184	ABILITY_AERILATE	Aerilate	UNCLASSIFIED	MODELLED_HNS_CONDITIONAL	src/battle_util.c:6726, src/battle_main.c:6161	Pinned description: Normal moves become Flying. For an ordinary source Normal move, the pinned -ate path rewrites to Flying, sets ateBoost, and applies the pinned Gen-Latest 1.2 base-power modifier.
185	ABILITY_PARENTAL_BOND	Parental Bond	UNCLASSIFIED	UNSUPPORTED_DAMAGE_RELEVANT	src/battle_move_resolution.c:1871, src/battle_ai_util.c:1513, src/battle_ai_util.c:818	Pinned description: Moves hit twice. Pinned ability can alter a damage operand, damage/type/immunity result, field, effective form, stat, held-item behavior, or ability state; current calculator does not reproduce every applicable trigger and rounding path.
186	ABILITY_DARK_AURA	Dark Aura	UNCLASSIFIED	MODELLED_HNS_CONDITIONAL	src/battle_util.c:6754	Pinned description: Boosts Dark moves. Ordinary selected-hit Singles branch is conditional on authoritative live runtime operands. Missing operands remain UNKNOWN. Pinned stat/base-power operators are reproduced; independent item, field, format, suppression and gimmick blockers remain.
187	ABILITY_FAIRY_AURA	Fairy Aura	UNCLASSIFIED	MODELLED_HNS_CONDITIONAL	src/battle_util.c:6755	Pinned description: Boosts Fairy moves. Ordinary selected-hit Singles branch is conditional on authoritative live runtime operands. Missing operands remain UNKNOWN. Pinned stat/base-power operators are reproduced; independent item, field, format, suppression and gimmick blockers remain.
188	ABILITY_AURA_BREAK	Aura Break	UNCLASSIFIED	MODELLED_HNS_CONDITIONAL	src/battle_util.c:6757	Pinned description: Reverse aura abilities. Ordinary selected-hit Singles branch is conditional on authoritative live runtime operands. Missing operands remain UNKNOWN. Pinned stat/base-power operators are reproduced; independent item, field, format, suppression and gimmick blockers remain.
189	ABILITY_PRIMORDIAL_SEA	Primordial Sea	UNCLASSIFIED	UNSUPPORTED_DAMAGE_RELEVANT	src/battle_util.c:2120, src/battle_util.c:3535, src/battle_script_commands.c:14813	Pinned description: Summons heavy rain. Pinned ability can alter a damage operand, damage/type/immunity result, field, effective form, stat, held-item behavior, or ability state; current calculator does not reproduce every applicable trigger and rounding path.
190	ABILITY_DESOLATE_LAND	Desolate Land	UNCLASSIFIED	UNSUPPORTED_DAMAGE_RELEVANT	src/battle_util.c:2119, src/battle_util.c:3526, src/battle_script_commands.c:14812	Pinned description: Summons intense sunlight. Pinned ability can alter a damage operand, damage/type/immunity result, field, effective form, stat, held-item behavior, or ability state; current calculator does not reproduce every applicable trigger and rounding path.
191	ABILITY_DELTA_STREAM	Delta Stream	UNCLASSIFIED	UNSUPPORTED_DAMAGE_RELEVANT	src/battle_util.c:2121, src/battle_util.c:3544, src/battle_script_commands.c:14814	Pinned description: Summons strong winds. Pinned ability can alter a damage operand, damage/type/immunity result, field, effective form, stat, held-item behavior, or ability state; current calculator does not reproduce every applicable trigger and rounding path.
192	ABILITY_STAMINA	Stamina	UNCLASSIFIED	MODELLED_HNS_CONDITIONAL	src/battle_util.c:3930	Pinned description: Boosts Defense when hit. The damage-relevant consequence is the current live stat stage. Request-local proof requires both active stage arrays; switch-in writers also require switch-in settlement, while post-hit/end-turn writes cannot change the current hit. The source-backed policy keeps Analytic order and unsupported move blockers independent.
193	ABILITY_WIMP_OUT	Wimp Out	UNCLASSIFIED	PROVEN_NO_DAMAGE_EFFECT	src/battle_util.c:10161	Pinned description: Flees at half HP. Reviewed pinned ability uses affect status, accuracy, switching, priority, PP, secondary/indirect effects, or overworld behavior; no ordinary direct-damage operand, type, immunity, field, or held-item modifier is changed by the effective ability itself.
194	ABILITY_EMERGENCY_EXIT	Emergency Exit	UNCLASSIFIED	PROVEN_NO_DAMAGE_EFFECT	src/battle_util.c:10161	Pinned description: Flees at half HP. Reviewed pinned ability uses affect status, accuracy, switching, priority, PP, secondary/indirect effects, or overworld behavior; no ordinary direct-damage operand, type, immunity, field, or held-item modifier is changed by the effective ability itself.
195	ABILITY_WATER_COMPACTION	Water Compaction	UNCLASSIFIED	MODELLED_HNS_CONDITIONAL	src/battle_util.c:3918, src/battle_ai_main.c:3606, src/battle_ai_util.c:5921	Pinned description: Water boosts Defense. The damage-relevant consequence is the current live stat stage. Request-local proof requires both active stage arrays; switch-in writers also require switch-in settlement, while post-hit/end-turn writes cannot change the current hit. The source-backed policy keeps Analytic order and unsupported move blockers independent.
196	ABILITY_MERCILESS	Merciless	UNCLASSIFIED	UNSUPPORTED_DAMAGE_RELEVANT	src/battle_util.c:8038, src/battle_util.c:8116, src/battle_ai_util.c:5005	Pinned description: Criticals poisoned foes. Pinned ability can alter a damage operand, damage/type/immunity result, field, effective form, stat, held-item behavior, or ability state; current calculator does not reproduce every applicable trigger and rounding path.
197	ABILITY_SHIELDS_DOWN	Shields Down	UNCLASSIFIED	UNSUPPORTED_DAMAGE_RELEVANT	src/battle_script_commands.c:7241, src/battle_ai_main.c:1342	Pinned description: Shell breaks at half HP. Pinned ability can alter a damage operand, damage/type/immunity result, field, effective form, stat, held-item behavior, or ability state; current calculator does not reproduce every applicable trigger and rounding path.
198	ABILITY_STAKEOUT	Stakeout	UNCLASSIFIED	MODELLED_HNS_CONDITIONAL	src/battle_util.c:7052	Pinned description: Stronger as foes switch in. Ordinary selected-hit Singles branch is conditional on authoritative live runtime operands. Missing operands remain UNKNOWN. Pinned stat/base-power operators are reproduced; independent item, field, format, suppression and gimmick blockers remain.
199	ABILITY_WATER_BUBBLE	Water Bubble	MODELLED_HNS_CONDITIONAL	MODELLED_HNS_CONDITIONAL	src/battle_util.c:5447, src/battle_util.c:6706, src/battle_util.c:6788, src/battle_util.c:9079	Pinned description: Guards from fire and burns. Water Bubble's direct damage branches are modelled: attacker Water moves receive 2.0 base power and defender incoming Fire moves receive 0.5 base power. Burn prevention and status clearing remain separately deferred.
200	ABILITY_STEELWORKER	Steelworker	MODELLED_HNS_CONDITIONAL	MODELLED_HNS_CONDITIONAL	src/battle_util.c:6710	Pinned description: Powers up Steel moves. Group D base-power support applies the pinned 1.5 modifier to an attacker Steelworker only when the authoritative effective move type is Steel.
201	ABILITY_BERSERK	Berserk	UNCLASSIFIED	MODELLED_HNS_CONDITIONAL	src/battle_util.c:3865	Pinned description: Boosts Sp. Atk at low HP. The damage-relevant consequence is the current live stat stage. Request-local proof requires both active stage arrays; switch-in writers also require switch-in settlement, while post-hit/end-turn writes cannot change the current hit. The source-backed policy keeps Analytic order and unsupported move blockers independent.
202	ABILITY_SLUSH_RUSH	Slush Rush	UNCLASSIFIED	UNSUPPORTED_DAMAGE_RELEVANT	src/battle_main.c:4952, src/battle_ai_field_statuses.c:160	Pinned description: Raises Speed in Hail/Snow. Pinned ability can alter a damage operand, damage/type/immunity result, field, effective form, stat, held-item behavior, or ability state; current calculator does not reproduce every applicable trigger and rounding path.
203	ABILITY_LONG_REACH	Long Reach	UNCLASSIFIED	UNSUPPORTED_DAMAGE_RELEVANT	src/battle_util.c:5880, src/battle_util.c:5882, src/battle_ai_util.c:1333, src/battle_ai_util.c:5178	Pinned description: Never makes contact. Pinned priority/contact change can alter terrain blocking, contact-dependent damage, or move outcome; no complete model is available.
204	ABILITY_LIQUID_VOICE	Liquid Voice	UNCLASSIFIED	MODELLED_HNS_CONDITIONAL	src/battle_main.c:6382	Pinned description: Makes sound moves Water. For an ordinary source-derived sound move, the pinned dynamic-type path rewrites to Water. No Liquid Voice base-power modifier exists in the pinned base-power ability switch.
205	ABILITY_TRIAGE	Triage	UNCLASSIFIED	UNSUPPORTED_DAMAGE_RELEVANT	src/battle_main.c:5049, src/battle_ai_field_statuses.c:433, src/battle_ai_field_statuses.c:446	Pinned description: Healing moves go first. Request-local generated drain family models +3 priority under authoritative Singles state; unrelated healing moves remain refused. Priority immunity, terrain and current-action authority remain independent.
206	ABILITY_GALVANIZE	Galvanize	UNCLASSIFIED	MODELLED_HNS_CONDITIONAL	src/battle_util.c:6718, src/battle_main.c:6164	Pinned description: Normal moves turn Electric. For an ordinary source Normal move, the pinned -ate path rewrites to Electric, sets ateBoost, and applies the pinned Gen-Latest 1.2 base-power modifier.
207	ABILITY_SURGE_SURFER	Surge Surfer	UNCLASSIFIED	UNSUPPORTED_DAMAGE_RELEVANT	src/battle_main.c:4959, src/battle_ai_field_statuses.c:189	Pinned description: Faster on electricity. Pinned ability can alter a damage operand, damage/type/immunity result, field, effective form, stat, held-item behavior, or ability state; current calculator does not reproduce every applicable trigger and rounding path.
208	ABILITY_SCHOOLING	Schooling	UNCLASSIFIED	UNSUPPORTED_DAMAGE_RELEVANT	src/data/abilities.h (catalogue only)	Pinned description: Forms a school when strong. Pinned ability can alter a damage operand, damage/type/immunity result, field, effective form, stat, held-item behavior, or ability state; current calculator does not reproduce every applicable trigger and rounding path.
209	ABILITY_DISGUISE	Disguise	UNCLASSIFIED	UNSUPPORTED_DAMAGE_RELEVANT	src/battle_util.c:4436, src/battle_util.c:4437, src/battle_script_commands.c:10423, src/battle_script_commands.c:1411	Pinned description: Decoy protects it once. Pinned ability can alter a damage operand, damage/type/immunity result, field, effective form, stat, held-item behavior, or ability state; current calculator does not reproduce every applicable trigger and rounding path.
210	ABILITY_BATTLE_BOND	Battle Bond	UNCLASSIFIED	UNSUPPORTED_DAMAGE_RELEVANT	src/battle_util.c:4587	Pinned description: Changes form after a KO. Pinned ability can alter a damage operand, damage/type/immunity result, field, effective form, stat, held-item behavior, or ability state; current calculator does not reproduce every applicable trigger and rounding path.
211	ABILITY_POWER_CONSTRUCT	Power Construct	UNCLASSIFIED	UNSUPPORTED_DAMAGE_RELEVANT	src/battle_end_turn.c:1329	Pinned description: Cells aid it when weakened. Pinned ability can alter a damage operand, damage/type/immunity result, field, effective form, stat, held-item behavior, or ability state; current calculator does not reproduce every applicable trigger and rounding path.
212	ABILITY_CORROSION	Corrosion	UNCLASSIFIED	PROVEN_NO_DAMAGE_EFFECT	src/battle_util.c:5402	Pinned description: Poisons any type. Reviewed pinned ability uses affect status, accuracy, switching, priority, PP, secondary/indirect effects, or overworld behavior; no ordinary direct-damage operand, type, immunity, field, or held-item modifier is changed by the effective ability itself.
213	ABILITY_COMATOSE	Comatose	UNCLASSIFIED	UNSUPPORTED_DAMAGE_RELEVANT	src/battle_util.c:3338, src/battle_util.c:5006, src/battle_util.c:5512, src/battle_util.c:6400	Pinned description: Always drowsing. Pinned ability can alter a damage operand, damage/type/immunity result, field, effective form, stat, held-item behavior, or ability state; current calculator does not reproduce every applicable trigger and rounding path.
214	ABILITY_QUEENLY_MAJESTY	Queenly Majesty	UNCLASSIFIED	MODELLED_HNS_CONDITIONAL	src/battle_move_resolution.c:1396	Pinned description: Protects from priority. Group C priority blocking is modeled only when source-derived effective priority is known; otherwise the production boundary hard-refuses (src/battle_move_resolution.c:1391).
215	ABILITY_INNARDS_OUT	Innards Out	UNCLASSIFIED	UNSUPPORTED_DAMAGE_RELEVANT	src/battle_util.c:4087	Pinned description: Hurts foe when defeated. Pinned ability can alter a damage operand, damage/type/immunity result, field, effective form, stat, held-item behavior, or ability state; current calculator does not reproduce every applicable trigger and rounding path.
216	ABILITY_DANCER	Dancer	UNCLASSIFIED	UNSUPPORTED_DAMAGE_RELEVANT	src/battle_util.c:4452, src/battle_move_resolution.c:2336, src/battle_move_resolution.c:3826	Pinned description: Dances along with others. Pinned ability can alter a damage operand, damage/type/immunity result, field, effective form, stat, held-item behavior, or ability state; current calculator does not reproduce every applicable trigger and rounding path.
217	ABILITY_BATTERY	Battery	UNCLASSIFIED	UNSUPPORTED_DAMAGE_RELEVANT	src/battle_util.c:6763	Pinned description: Boosts ally's Sp. Atk. Battery is proven irrelevant in observed Singles because its only damage branch reads a living attacker partner; Doubles remains blocked.
218	ABILITY_FLUFFY	Fluffy	UNCLASSIFIED	MODELLED_HNS_CONDITIONAL	src/battle_util.c:7604	Pinned description: Tougher but flammable. The defender final modifier uses the exact final effective move type and shared IsMoveMakingContact result; breakable suppression follows centralized Mold Breaker/Ability Shield policy.
219	ABILITY_DAZZLING	Dazzling	UNCLASSIFIED	MODELLED_HNS_CONDITIONAL	src/battle_move_resolution.c:1395	Pinned description: Protects from priority. Group C priority blocking is modeled only when source-derived effective priority is known; otherwise the production boundary hard-refuses (src/battle_move_resolution.c:1391).
220	ABILITY_SOUL_HEART	Soul-Heart	UNCLASSIFIED	MODELLED_HNS_CONDITIONAL	src/battle_script_commands.c:14149	Pinned description: KOs raise Sp. Atk. The damage-relevant consequence is the current live stat stage. Request-local proof requires both active stage arrays; switch-in writers also require switch-in settlement, while post-hit/end-turn writes cannot change the current hit. The source-backed policy keeps Analytic order and unsupported move blockers independent.
221	ABILITY_TANGLING_HAIR	Tangling Hair	UNCLASSIFIED	UNSUPPORTED_DAMAGE_RELEVANT	src/battle_util.c:4034	Pinned description: Lowers Speed on contact. Pinned ability can alter a damage operand, damage/type/immunity result, field, effective form, stat, held-item behavior, or ability state; current calculator does not reproduce every applicable trigger and rounding path.
222	ABILITY_RECEIVER	Receiver	UNCLASSIFIED	MODELLED_HNS_CONDITIONAL	src/battle_script_commands.c:14126, src/battle_ai_main.c:3446	Pinned description: Copies ally's ability. Receiver’s completed copy is the current live effective ability; Singles topology proves no ally-triggered copy can occur.
223	ABILITY_POWER_OF_ALCHEMY	Power Of Alchemy	UNCLASSIFIED	MODELLED_HNS_CONDITIONAL	src/battle_script_commands.c:14126	Pinned description: Copies ally's ability. Power of Alchemy’s completed copy is the current live effective ability; Singles topology proves no ally-triggered copy can occur.
224	ABILITY_BEAST_BOOST	Beast Boost	UNCLASSIFIED	MODELLED_HNS_CONDITIONAL	src/battle_util.c:4558, src/battle_util.c:4566, src/battle_ai_util.c:5842	Pinned description: KOs boost best stat. The damage-relevant consequence is the current live stat stage. Request-local proof requires both active stage arrays; switch-in writers also require switch-in settlement, while post-hit/end-turn writes cannot change the current hit. The source-backed policy keeps Analytic order and unsupported move blockers independent.
225	ABILITY_RKS_SYSTEM	RKS System	UNCLASSIFIED	UNSUPPORTED_DAMAGE_RELEVANT	src/data/abilities.h (catalogue only)	Pinned description: Memories change its type. Pinned ability can alter a damage operand, damage/type/immunity result, field, effective form, stat, held-item behavior, or ability state; current calculator does not reproduce every applicable trigger and rounding path.
226	ABILITY_ELECTRIC_SURGE	Electric Surge	UNCLASSIFIED	MODELLED_HNS_CONDITIONAL	src/battle_util.c:3414, src/battle_ai_util.c:1969	Pinned description: Field becomes Electric. The ability writes the current live terrain. Request-local proof requires an authoritative gFieldStatuses word and switch-in settlement for entry Surges; Seed Sower writes terrain after the triggering hit.
227	ABILITY_PSYCHIC_SURGE	Psychic Surge	UNCLASSIFIED	MODELLED_HNS_CONDITIONAL	src/battle_util.c:3442, src/battle_ai_util.c:1976	Pinned description: Field becomes weird. The ability writes the current live terrain. Request-local proof requires an authoritative gFieldStatuses word and switch-in settlement for entry Surges; Seed Sower writes terrain after the triggering hit.
228	ABILITY_MISTY_SURGE	Misty Surge	UNCLASSIFIED	MODELLED_HNS_CONDITIONAL	src/battle_util.c:3433, src/battle_ai_util.c:1974	Pinned description: Field becomes misty. The ability writes the current live terrain. Request-local proof requires an authoritative gFieldStatuses word and switch-in settlement for entry Surges; Seed Sower writes terrain after the triggering hit.
229	ABILITY_GRASSY_SURGE	Grassy Surge	UNCLASSIFIED	MODELLED_HNS_CONDITIONAL	src/battle_util.c:3424, src/battle_ai_util.c:1972	Pinned description: Field becomes grassy. The ability writes the current live terrain. Request-local proof requires an authoritative gFieldStatuses word and switch-in settlement for entry Surges; Seed Sower writes terrain after the triggering hit.
230	ABILITY_FULL_METAL_BODY	Full Metal Body	UNCLASSIFIED	PROVEN_NO_DAMAGE_EFFECT	src/battle_script_commands.c:11800, src/battle_ai_util.c:2377	Pinned description: Prevents stat reduction. Pinned battle_script_commands.c prevents or reflects a stat-stage decrease; the resulting live stat stages are read before the direct hit. No current-hit damage modifier is applied by this ability.
231	ABILITY_SHADOW_SHIELD	Shadow Shield	UNCLASSIFIED	MODELLED_HNS_CONDITIONAL	src/battle_util.c:7589	Pinned description: Halves damage at full HP. Shadow Shield is modeled from exact live defender HP/max HP in the defender final slot; pinned metadata does not mark it breakable.
232	ABILITY_PRISM_ARMOR	Prism Armor	UNCLASSIFIED	MODELLED_HNS_CONDITIONAL	src/battle_util.c:7597	Pinned description: Weakens “supereffective”. Prism Armor is modeled from exact H&S type effectiveness in the defender final slot; pinned metadata does not mark it breakable.
233	ABILITY_NEUROFORCE	Neuroforce	UNCLASSIFIED	MODELLED_HNS_CONDITIONAL	src/battle_util.c:7563	Pinned description: Ups “supereffective”. Neuroforce is modeled from exact H&S type effectiveness in the attacker final slot.
234	ABILITY_INTREPID_SWORD	Intrepid Sword	UNCLASSIFIED	MODELLED_HNS_CONDITIONAL	src/battle_util.c:3488	Pinned description: Ups Attack on entry. The damage-relevant consequence is the current live stat stage. Request-local proof requires both active stage arrays; switch-in writers also require switch-in settlement, while post-hit/end-turn writes cannot change the current hit. The source-backed policy keeps Analytic order and unsupported move blockers independent.
235	ABILITY_DAUNTLESS_SHIELD	Dauntless Shield	UNCLASSIFIED	MODELLED_HNS_CONDITIONAL	src/battle_util.c:3502	Pinned description: Ups Defense on entry. The damage-relevant consequence is the current live stat stage. Request-local proof requires both active stage arrays; switch-in writers also require switch-in settlement, while post-hit/end-turn writes cannot change the current hit. The source-backed policy keeps Analytic order and unsupported move blockers independent.
236	ABILITY_LIBERO	Libero	UNCLASSIFIED	UNSUPPORTED_DAMAGE_RELEVANT	src/battle_script_commands.c:944	Pinned description: Changes type to move's. Pinned ability can alter a damage operand, damage/type/immunity result, field, effective form, stat, held-item behavior, or ability state; current calculator does not reproduce every applicable trigger and rounding path.
237	ABILITY_BALL_FETCH	Ball Fetch	UNCLASSIFIED	PROVEN_NO_DAMAGE_EFFECT	src/battle_util.c:3811, src/battle_end_turn.c:1272	Pinned description: Fetches failed Poké Ball. Reviewed pinned ability uses affect status, accuracy, switching, priority, PP, secondary/indirect effects, or overworld behavior; no ordinary direct-damage operand, type, immunity, field, or held-item modifier is changed by the effective ability itself.
238	ABILITY_COTTON_DOWN	Cotton Down	UNCLASSIFIED	UNSUPPORTED_DAMAGE_RELEVANT	src/battle_util.c:4231	Pinned description: Lower Speed of all when hit. Pinned ability can alter a damage operand, damage/type/immunity result, field, effective form, stat, held-item behavior, or ability state; current calculator does not reproduce every applicable trigger and rounding path.
239	ABILITY_PROPELLER_TAIL	Propeller Tail	UNCLASSIFIED	PROVEN_NO_DAMAGE_EFFECT	src/battle_move_resolution.c:771, src/battle_move_resolution.c:838, src/battle_ai_util.c:2161, src/battle_anim_effects_1.c:6764	Pinned description: Ignores foe's redirection. Reviewed pinned ability uses affect status, accuracy, switching, priority, PP, secondary/indirect effects, or overworld behavior; no ordinary direct-damage operand, type, immunity, field, or held-item modifier is changed by the effective ability itself.
240	ABILITY_MIRROR_ARMOR	Mirror Armor	UNCLASSIFIED	PROVEN_NO_DAMAGE_EFFECT	src/battle_util.c:4036, src/battle_script_commands.c:2467, src/battle_script_commands.c:7892	Pinned description: Reflect stat decreases. Pinned battle_script_commands.c prevents or reflects a stat-stage decrease; the resulting live stat stages are read before the direct hit. No current-hit damage modifier is applied by this ability.
241	ABILITY_GULP_MISSILE	Gulp Missile	UNCLASSIFIED	UNSUPPORTED_DAMAGE_RELEVANT	src/battle_util.c:4416	Pinned description: If hit, spits prey from sea. Pinned ability can alter a damage operand, damage/type/immunity result, field, effective form, stat, held-item behavior, or ability state; current calculator does not reproduce every applicable trigger and rounding path.
242	ABILITY_STALWART	Stalwart	UNCLASSIFIED	PROVEN_NO_DAMAGE_EFFECT	src/battle_move_resolution.c:772, src/battle_move_resolution.c:839, src/battle_ai_util.c:2162, src/battle_anim_effects_1.c:6764	Pinned description: Ignores foe's redirection. Reviewed pinned ability uses affect status, accuracy, switching, priority, PP, secondary/indirect effects, or overworld behavior; no ordinary direct-damage operand, type, immunity, field, or held-item modifier is changed by the effective ability itself.
243	ABILITY_STEAM_ENGINE	Steam Engine	UNCLASSIFIED	MODELLED_HNS_CONDITIONAL	src/battle_util.c:4240, src/battle_ai_main.c:3625, src/battle_ai_util.c:5915, src/egg_hatch.c:993	Pinned description: Fire or Water hits up Speed. The damage-relevant consequence is the current live stat stage. Request-local proof requires both active stage arrays; switch-in writers also require switch-in settlement, while post-hit/end-turn writes cannot change the current hit. The source-backed policy keeps Analytic order and unsupported move blockers independent.
244	ABILITY_PUNK_ROCK	Punk Rock	UNCLASSIFIED	MODELLED_HNS_CONDITIONAL	src/battle_util.c:6734, src/battle_util.c:7616	Pinned description: Ups and resists sound. Both pinned Singles damage branches are exact when source-derived soundMove metadata is known: attacker Punk Rock composes x1.3 base power and defender Punk Rock applies x0.5 final damage. Unknown metadata remains blocked.
245	ABILITY_SAND_SPIT	Sand Spit	UNCLASSIFIED	MODELLED_HNS_CONDITIONAL	src/battle_util.c:4252	Pinned description: Creates a sandstorm if hit. The ability writes the current live weather. Request-local proof requires an authoritative weather word and switch-in settlement for entry setters; Sand/Snow formula limits and unsupported moves remain independent blockers. Sand Spit writes weather after the triggering hit.
246	ABILITY_ICE_SCALES	Ice Scales	UNCLASSIFIED	MODELLED_HNS_CONDITIONAL	src/battle_util.c:7624	Pinned description: Halves special damage. Ice Scales is modeled from HnsMoveAuthority final category in the defender final slot; its breakable metadata keeps Mold Breaker handling request-local.
247	ABILITY_RIPEN	Ripen	UNCLASSIFIED	UNSUPPORTED_DAMAGE_RELEVANT	src/battle_util.c:10558, src/battle_util.c:7695, src/battle_hold_effects.c:1009, src/battle_hold_effects.c:354	Pinned description: Doubles effect of Berries. Pinned ability can alter a damage operand, damage/type/immunity result, field, effective form, stat, held-item behavior, or ability state; current calculator does not reproduce every applicable trigger and rounding path.
248	ABILITY_ICE_FACE	Ice Face	UNCLASSIFIED	UNSUPPORTED_DAMAGE_RELEVANT	src/battle_util.c:4441, src/battle_util.c:4851, src/battle_script_commands.c:10434, src/battle_script_commands.c:1413	Pinned description: Hail or Snow renew free hit. Pinned ability can alter a damage operand, damage/type/immunity result, field, effective form, stat, held-item behavior, or ability state; current calculator does not reproduce every applicable trigger and rounding path.
249	ABILITY_POWER_SPOT	Power Spot	UNCLASSIFIED	UNSUPPORTED_DAMAGE_RELEVANT	src/battle_util.c:6763	Pinned description: Powers up ally moves. Power Spot is proven irrelevant in observed Singles because its only damage branch reads a living attacker partner; Doubles remains blocked.
250	ABILITY_MIMICRY	Mimicry	UNCLASSIFIED	MODELLED_HNS_CONDITIONAL	src/battle_util.c:1815, src/battle_util.c:4896, src/battle_ai_field_statuses.c:185	Pinned description: Changes type on terrain. Mimicry’s completed terrain type rewrite is the current live battler type; request-local proof requires authoritative current types and field state.
251	ABILITY_SCREEN_CLEANER	Screen Cleaner	UNCLASSIFIED	UNSUPPORTED_DAMAGE_RELEVANT	src/battle_util.c:3346	Pinned description: Removes walls of light. Pinned ability can alter a damage operand, damage/type/immunity result, field, effective form, stat, held-item behavior, or ability state; current calculator does not reproduce every applicable trigger and rounding path.
252	ABILITY_STEELY_SPIRIT	Steely Spirit	UNCLASSIFIED	MODELLED_HNS_CONDITIONAL	src/battle_util.c:6738, src/battle_util.c:6775	Pinned description: Boosts ally's Steel moves. The holder-side attacker branch is exact from HnsMoveAuthority.effectiveType. Defender Singles is irrelevant to the incoming hit; the separate attacker-partner branch remains deferred while Doubles topology is unsupported.
253	ABILITY_PERISH_BODY	Perish Body	UNCLASSIFIED	PROVEN_NO_DAMAGE_EFFECT	src/battle_util.c:4270	Pinned description: Foe faints in 3 turns if hit. Reviewed pinned ability uses affect status, accuracy, switching, priority, PP, secondary/indirect effects, or overworld behavior; no ordinary direct-damage operand, type, immunity, field, or held-item modifier is changed by the effective ability itself.
254	ABILITY_WANDERING_SPIRIT	Wandering Spirit	UNCLASSIFIED	UNSUPPORTED_DAMAGE_RELEVANT	src/battle_util.c:3995	Pinned description: Trade abilities on contact. Pinned ability can alter a damage operand, damage/type/immunity result, field, effective form, stat, held-item behavior, or ability state; current calculator does not reproduce every applicable trigger and rounding path.
255	ABILITY_GORILLA_TACTICS	Gorilla Tactics	UNSUPPORTED_DAMAGE_RELEVANT	MODELLED_HNS_CONDITIONAL	src/battle_util.c:7073	Pinned description: Ups Attack and locks move. Ordinary selected-hit Singles branch is conditional on authoritative live runtime operands. Missing operands remain UNKNOWN. Pinned stat/base-power operators are reproduced; independent item, field, format, suppression and gimmick blockers remain.
256	ABILITY_NEUTRALIZING_GAS	Neutralizing Gas	UNCLASSIFIED	UNSUPPORTED_DAMAGE_RELEVANT	src/battle_util.c:4744, src/battle_util.c:5020, src/battle_util.c:6884, src/battle_script_commands.c:13504	Pinned description: All Abilities are nullified. Pinned ability can alter a damage operand, damage/type/immunity result, field, effective form, stat, held-item behavior, or ability state; current calculator does not reproduce every applicable trigger and rounding path.
257	ABILITY_PASTEL_VEIL	Pastel Veil	UNCLASSIFIED	PROVEN_NO_DAMAGE_EFFECT	src/battle_util.c:3205, src/battle_util.c:5406, src/battle_util.c:5410, src/battle_util.c:9047	Pinned description: Protects team from poison. Reviewed pinned ability uses affect status, accuracy, switching, priority, PP, secondary/indirect effects, or overworld behavior; no ordinary direct-damage operand, type, immunity, field, or held-item modifier is changed by the effective ability itself.
258	ABILITY_HUNGER_SWITCH	Hunger Switch	UNCLASSIFIED	UNSUPPORTED_DAMAGE_RELEVANT	src/battle_end_turn.c:1332	Pinned description: Changes form each turn. Pinned ability can alter a damage operand, damage/type/immunity result, field, effective form, stat, held-item behavior, or ability state; current calculator does not reproduce every applicable trigger and rounding path.
259	ABILITY_QUICK_DRAW	Quick Draw	UNCLASSIFIED	UNSUPPORTED_DAMAGE_RELEVANT	src/battle_main.c:5470, src/battle_main.c:5480	Pinned description: Moves first occasionally. Pinned priority/contact change can alter terrain blocking, contact-dependent damage, or move outcome; no complete model is available.
260	ABILITY_UNSEEN_FIST	Unseen Fist	UNCLASSIFIED	UNSUPPORTED_DAMAGE_RELEVANT	src/battle_util.c:5927, src/battle_move_resolution.c:2092, src/battle_ai_util.c:5191	Pinned description: Contact evades protection. Pinned ability can alter a critical-hit, damage, or attack-blocking result; the current calculator does not model that trigger.
261	ABILITY_CURIOUS_MEDICINE	Curious Medicine	UNCLASSIFIED	UNSUPPORTED_DAMAGE_RELEVANT	src/battle_util.c:3193	Pinned description: Remove ally's stat changes. Pinned ability can alter a damage operand, damage/type/immunity result, field, effective form, stat, held-item behavior, or ability state; current calculator does not reproduce every applicable trigger and rounding path.
262	ABILITY_TRANSISTOR	Transistor	UNSUPPORTED_DAMAGE_RELEVANT	MODELLED_HNS_CONDITIONAL	src/battle_util.c:7060	Pinned description: Ups Electric-type moves. Pinned B_TRANSISTOR_BOOST is GEN_LATEST, so CalcAttackStat applies ×1.3 (UQ_4_12 5325) only when HnsMoveAuthority proves the final effective type is Electric; this factor uses uq4_12_multiply (half-up).
263	ABILITY_DRAGONS_MAW	Dragon's Maw	UNCLASSIFIED	MODELLED_HNS_CONDITIONAL	src/battle_util.c:7069	Pinned description: Ups Dragon-type moves. CalcAttackStat applies ×1.5 with uq4_12_multiply (half-up) only when HnsMoveAuthority proves the final effective type is Dragon.
264	ABILITY_CHILLING_NEIGH	Chilling Neigh	UNCLASSIFIED	MODELLED_HNS_CONDITIONAL	src/battle_util.c:4554, src/battle_util.c:4575, src/battle_ai_util.c:5843	Pinned description: KOs boost Attack stat. The damage-relevant consequence is the current live stat stage. Request-local proof requires both active stage arrays; switch-in writers also require switch-in settlement, while post-hit/end-turn writes cannot change the current hit. The source-backed policy keeps Analytic order and unsupported move blockers independent.
265	ABILITY_GRIM_NEIGH	Grim Neigh	UNCLASSIFIED	MODELLED_HNS_CONDITIONAL	src/battle_util.c:4556, src/battle_util.c:4568, src/battle_util.c:4577, src/battle_ai_util.c:5845	Pinned description: KOs boost Sp. Atk stat. The damage-relevant consequence is the current live stat stage. Request-local proof requires both active stage arrays; switch-in writers also require switch-in settlement, while post-hit/end-turn writes cannot change the current hit. The source-backed policy keeps Analytic order and unsupported move blockers independent.
266	ABILITY_AS_ONE_ICE_RIDER	As One	UNCLASSIFIED	UNSUPPORTED_DAMAGE_RELEVANT	src/battle_util.c:364, src/battle_util.c:4555, src/battle_util.c:4574, src/battle_util.c:4767	Pinned description: Unnerve and Chilling Neigh. Pinned ability can alter a damage operand, damage/type/immunity result, field, effective form, stat, held-item behavior, or ability state; current calculator does not reproduce every applicable trigger and rounding path.
267	ABILITY_AS_ONE_SHADOW_RIDER	As One	UNCLASSIFIED	UNSUPPORTED_DAMAGE_RELEVANT	src/battle_util.c:365, src/battle_util.c:4557, src/battle_util.c:4568, src/battle_util.c:4576	Pinned description: Unnerve and Grim Neigh. Pinned ability can alter a damage operand, damage/type/immunity result, field, effective form, stat, held-item behavior, or ability state; current calculator does not reproduce every applicable trigger and rounding path.
268	ABILITY_LINGERING_AROMA	Lingering Aroma	UNCLASSIFIED	UNSUPPORTED_DAMAGE_RELEVANT	src/battle_util.c:3971, src/battle_util.c:3978	Pinned description: Spreads with contact. Pinned ability can alter a damage operand, damage/type/immunity result, field, effective form, stat, held-item behavior, or ability state; current calculator does not reproduce every applicable trigger and rounding path.
269	ABILITY_SEED_SOWER	Seed Sower	UNCLASSIFIED	MODELLED_HNS_CONDITIONAL	src/battle_util.c:4288	Pinned description: Affects terrain when hit. The ability writes the current live terrain. Request-local proof requires an authoritative gFieldStatuses word and switch-in settlement for entry Surges; Seed Sower writes terrain after the triggering hit.
270	ABILITY_THERMAL_EXCHANGE	Thermal Exchange	UNCLASSIFIED	MODELLED_HNS_CONDITIONAL	src/battle_util.c:4297, src/battle_util.c:5452, src/battle_util.c:9080, src/battle_ai_main.c:3640	Pinned description: Fire hits up Attack. The damage-relevant consequence is the current live stat stage. Request-local proof requires both active stage arrays; switch-in writers also require switch-in settlement, while post-hit/end-turn writes cannot change the current hit. The source-backed policy keeps Analytic order and unsupported move blockers independent.
271	ABILITY_ANGER_SHELL	Anger Shell	UNCLASSIFIED	MODELLED_HNS_CONDITIONAL	src/battle_util.c:3877	Pinned description: Gets angry at half HP. The damage-relevant consequence is the current live stat stage. Request-local proof requires both active stage arrays; switch-in writers also require switch-in settlement, while post-hit/end-turn writes cannot change the current hit. The source-backed policy keeps Analytic order and unsupported move blockers independent.
272	ABILITY_PURIFYING_SALT	Purifying Salt	UNCLASSIFIED	UNSUPPORTED_DAMAGE_RELEVANT	src/battle_util.c:5513, src/battle_util.c:7129, src/battle_util.c:7134, src/battle_move_resolution.c:1204	Pinned description: Protected by pure salts. Pinned ability can alter a critical-hit, damage, or attack-blocking result; the current calculator does not model that trigger.
273	ABILITY_WELL_BAKED_BODY	Well-Baked Body	UNCLASSIFIED	MODELLED_HNS_CONDITIONAL	src/battle_util.c:2473, src/battle_ai_main.c:3663, src/battle_ai_switch.c:619, src/battle_ai_util.c:5922	Pinned description: Strengthened by Fire. Group C modeled conditionally by the H&S immunity layer: Fire hits are zeroed; the Defense stage effect is after the hit (src/battle_util.c:2473).
274	ABILITY_WIND_RIDER	Wind Rider	UNCLASSIFIED	MODELLED_HNS_CONDITIONAL	src/battle_util.c:2477, src/battle_util.c:3516, src/battle_script_commands.c:12881, src/battle_ai_main.c:4015	Pinned description: Ups Attack if hit by wind. Group C modeled conditionally from pinned MoveInfo.windMove: qualifying wind hits are zeroed; the Attack boost is after the hit (src/battle_util.c:2477; include/move.h:378).
275	ABILITY_GUARD_DOG	Guard Dog	UNCLASSIFIED	MODELLED_HNS_CONDITIONAL	src/battle_move_resolution.c:3114, src/battle_move_resolution.c:3305, src/battle_script_commands.c:13365, src/battle_ai_util.c:5873	Pinned description: Cannot be intimidated. The damage-relevant consequence is the current live stat stage. Request-local proof requires both active stage arrays; switch-in writers also require switch-in settlement, while post-hit/end-turn writes cannot change the current hit. The source-backed policy keeps Analytic order and unsupported move blockers independent.
276	ABILITY_ROCKY_PAYLOAD	Rocky Payload	UNCLASSIFIED	MODELLED_HNS_CONDITIONAL	src/battle_util.c:7079	Pinned description: Powers up Rock moves. CalcAttackStat applies ×1.5 with uq4_12_multiply (half-up) only when HnsMoveAuthority proves the final effective type is Rock.
277	ABILITY_WIND_POWER	Wind Power	UNCLASSIFIED	MODELLED_HNS_CONDITIONAL	src/battle_util.c:4309, src/battle_script_commands.c:12881, src/battle_ai_main.c:4019	Pinned description: Gets charged by wind. The reaction runs BattleScript_WindPowerActivates, which writes VOLATILE_CHARGE_TIMER (data/battle_scripts_1.s:4947-4952); include/constants/battle.h:217 maps this to observed chargeTimer. The exact base-power stage consumes that timer for Electric hits (src/battle_util.c:6635-6636). Missing live state fails closed.
278	ABILITY_ZERO_TO_HERO	Zero To Hero	UNCLASSIFIED	UNSUPPORTED_DAMAGE_RELEVANT	src/battle_util.c:3600, src/battle_ai_switch.c:1429, src/battle_ai_switch.c:877, src/battle_ai_switch.c:980	Pinned description: Changes form on switch out. Pinned ability can alter a damage operand, damage/type/immunity result, field, effective form, stat, held-item behavior, or ability state; current calculator does not reproduce every applicable trigger and rounding path.
279	ABILITY_COMMANDER	Commander	UNCLASSIFIED	UNSUPPORTED_DAMAGE_RELEVANT	src/battle_util.c:4788	Pinned description: Commands from Dondozo. Pinned ability can alter a damage operand, damage/type/immunity result, field, effective form, stat, held-item behavior, or ability state; current calculator does not reproduce every applicable trigger and rounding path.
280	ABILITY_ELECTROMORPHOSIS	Electromorphosis	UNCLASSIFIED	MODELLED_HNS_CONDITIONAL	src/battle_util.c:4313	Pinned description: Gets Charged when hit. The reaction runs BattleScript_WindPowerActivates, which writes VOLATILE_CHARGE_TIMER (data/battle_scripts_1.s:4947-4952); include/constants/battle.h:217 maps this to observed chargeTimer. The exact base-power stage consumes that timer for Electric hits (src/battle_util.c:6635-6636). Missing live state fails closed.
281	ABILITY_PROTOSYNTHESIS	Protosynthesis	UNCLASSIFIED	MODELLED_HNS_CONDITIONAL	src/battle_util.c:7083	Pinned description: Sun boosts best stat. Ordinary selected-hit Singles branch is conditional on authoritative live runtime operands. Missing operands remain UNKNOWN. Pinned stat/base-power operators are reproduced; independent item, field, format, suppression and gimmick blockers remain.
282	ABILITY_QUARK_DRIVE	Quark Drive	UNSUPPORTED_DAMAGE_RELEVANT	MODELLED_HNS_CONDITIONAL	src/battle_util.c:7094	Pinned description: Elec. field ups best stat. Ordinary selected-hit Singles branch is conditional on authoritative live runtime operands. Missing operands remain UNKNOWN. Pinned stat/base-power operators are reproduced; independent item, field, format, suppression and gimmick blockers remain.
283	ABILITY_GOOD_AS_GOLD	Good As Gold	UNCLASSIFIED	PROVEN_NO_DAMAGE_EFFECT	src/battle_util.c:2493, src/battle_ai_main.c:2160, src/battle_ai_main.c:3056, src/battle_ai_main.c:3268	Pinned description: Avoids status moves. Reviewed pinned ability uses affect status, accuracy, switching, priority, PP, secondary/indirect effects, or overworld behavior; no ordinary direct-damage operand, type, immunity, field, or held-item modifier is changed by the effective ability itself.
284	ABILITY_VESSEL_OF_RUIN	Vessel Of Ruin	UNCLASSIFIED	MODELLED_HNS_CONDITIONAL	src/battle_util.c:7156	Pinned description: Lowers foes' sp. damage. Ordinary selected-hit Singles branch is conditional on authoritative live runtime operands. Missing operands remain UNKNOWN. Pinned stat/base-power operators are reproduced; independent item, field, format, suppression and gimmick blockers remain.
285	ABILITY_SWORD_OF_RUIN	Sword Of Ruin	UNCLASSIFIED	MODELLED_HNS_CONDITIONAL	src/battle_util.c:7344	Pinned description: Lowers foes' Defense. Ordinary selected-hit Singles branch is conditional on authoritative live runtime operands. Missing operands remain UNKNOWN. Pinned stat/base-power operators are reproduced; independent item, field, format, suppression and gimmick blockers remain.
286	ABILITY_TABLETS_OF_RUIN	Tablets Of Ruin	UNCLASSIFIED	MODELLED_HNS_CONDITIONAL	src/battle_util.c:7159	Pinned description: Lowers foes' damage. Ordinary selected-hit Singles branch is conditional on authoritative live runtime operands. Missing operands remain UNKNOWN. Pinned stat/base-power operators are reproduced; independent item, field, format, suppression and gimmick blockers remain.
287	ABILITY_BEADS_OF_RUIN	Beads Of Ruin	UNCLASSIFIED	MODELLED_HNS_CONDITIONAL	src/battle_util.c:7347	Pinned description: Lowers foes' Sp. Defense. Ordinary selected-hit Singles branch is conditional on authoritative live runtime operands. Missing operands remain UNKNOWN. Pinned stat/base-power operators are reproduced; independent item, field, format, suppression and gimmick blockers remain.
288	ABILITY_ORICHALCUM_PULSE	Orichalcum Pulse	UNCLASSIFIED	MODELLED_HNS_CONDITIONAL	src/battle_util.c:7105	Pinned description: Summons sunlight in battle. CalcAttackStat applies ×1.3333 (UQ_4_12 5461) with uq4_12_multiply (half-up) for Physical + ctx Sun + no Utility Umbrella. GetWeather supplies ctx.weather and returns NONE when HasWeatherEffect is false under a live Cloud Nine/Air Lock. The separate weather-setting event is represented only by already-observed weather.
289	ABILITY_HADRON_ENGINE	Hadron Engine	UNCLASSIFIED	MODELLED_HNS_CONDITIONAL	src/battle_util.c:7111	Pinned description: Field becomes Electric. Pinned CalcAttackStat applies Hadron Engine only to Special moves while the observed Electric Terrain bit is active, using uq4_12_multiply with UQ_4_12(1.3333). The calculator consumes live field state and never models Hadron Engine terrain-setting.
290	ABILITY_OPPORTUNIST	Opportunist	UNCLASSIFIED	MODELLED_HNS_CONDITIONAL	src/battle_util.c:4648, src/battle_script_commands.c:7990, src/battle_ai_util.c:2215	Pinned description: Copies foe's stat change. The damage-relevant consequence is the current live stat stage. Request-local proof requires both active stage arrays; switch-in writers also require switch-in settlement, while post-hit/end-turn writes cannot change the current hit. The source-backed policy keeps Analytic order and unsupported move blockers independent.
291	ABILITY_CUD_CHEW	Cud Chew	UNCLASSIFIED	UNSUPPORTED_DAMAGE_RELEVANT	src/battle_util.c:3827, src/battle_end_turn.c:1269	Pinned description: Eats a used berry again. Pinned ability can alter a damage operand, damage/type/immunity result, field, effective form, stat, held-item behavior, or ability state; current calculator does not reproduce every applicable trigger and rounding path.
292	ABILITY_SHARPNESS	Sharpness	MODELLED_HNS_CONDITIONAL	MODELLED_HNS_CONDITIONAL	src/battle_util.c:6742	Pinned description: Strengthens slicing moves. Group D base-power support applies the pinned 1.5 modifier only to authoritative ordinary moves with MoveInfo.slicingMove; move flags come from the pinned source generator.
293	ABILITY_SUPREME_OVERLORD	Supreme Overlord	UNCLASSIFIED	MODELLED_HNS_CONDITIONAL	src/battle_util.c:6746	Pinned description: Inherits fallen's strength. Ordinary selected-hit Singles branch is conditional on authoritative live runtime operands. Missing operands remain UNKNOWN. Pinned stat/base-power operators are reproduced; independent item, field, format, suppression and gimmick blockers remain.
294	ABILITY_COSTAR	Costar	UNCLASSIFIED	UNSUPPORTED_DAMAGE_RELEVANT	src/battle_util.c:4822	Pinned description: Copies ally's stat changes. Pinned ability can alter a damage operand, damage/type/immunity result, field, effective form, stat, held-item behavior, or ability state; current calculator does not reproduce every applicable trigger and rounding path.
295	ABILITY_TOXIC_DEBRIS	Toxic Debris	UNCLASSIFIED	UNSUPPORTED_DAMAGE_RELEVANT	src/battle_util.c:4321	Pinned description: Throws poison spikes if hit. Pinned ability can alter a damage operand, damage/type/immunity result, field, effective form, stat, held-item behavior, or ability state; current calculator does not reproduce every applicable trigger and rounding path.
296	ABILITY_ARMOR_TAIL	Armor Tail	UNCLASSIFIED	MODELLED_HNS_CONDITIONAL	src/battle_move_resolution.c:1397	Pinned description: Protects from priority. Group C priority blocking is modeled only when source-derived effective priority is known; otherwise the production boundary hard-refuses (src/battle_move_resolution.c:1391).
297	ABILITY_EARTH_EATER	Earth Eater	UNCLASSIFIED	MODELLED_HNS_CONDITIONAL	src/battle_util.c:2453, src/battle_ai_main.c:3560, src/battle_ai_main.c:3568, src/battle_ai_main.c:6585	Pinned description: Eats ground to heal HP. Group C modeled conditionally by the H&S immunity layer: Ground hits are zeroed; healing is outside the selected hit (src/battle_util.c:2453).
298	ABILITY_MYCELIUM_MIGHT	Mycelium Might	UNCLASSIFIED	PROVEN_NO_DAMAGE_EFFECT	src/battle_util.c:4965, src/battle_main.c:4683, src/battle_ai_main.c:4376, src/battle_ai_main.c:4378	Pinned description: Status moves never fail. Reviewed pinned ability uses affect status, accuracy, switching, priority, PP, secondary/indirect effects, or overworld behavior; no ordinary direct-damage operand, type, immunity, field, or held-item modifier is changed by the effective ability itself.
299	ABILITY_HOSPITALITY	Hospitality	UNCLASSIFIED	UNSUPPORTED_DAMAGE_RELEVANT	src/battle_util.c:4809	Pinned description: Restores ally's HP. Pinned ability can alter a damage operand, damage/type/immunity result, field, effective form, stat, held-item behavior, or ability state; current calculator does not reproduce every applicable trigger and rounding path.
300	ABILITY_MINDS_EYE	Mind's Eye	UNCLASSIFIED	UNSUPPORTED_DAMAGE_RELEVANT	src/battle_util.c:10451, src/battle_util.c:8268, src/battle_script_commands.c:7711, src/battle_script_commands.c:7876	Pinned description: Keen Eye and Scrappy. Pinned ability can alter a damage operand, damage/type/immunity result, field, effective form, stat, held-item behavior, or ability state; current calculator does not reproduce every applicable trigger and rounding path.
301	ABILITY_EMBODY_ASPECT_TEAL_MASK	Embody Aspect	UNCLASSIFIED	UNSUPPORTED_DAMAGE_RELEVANT	src/battle_util.c:3609, src/battle_util.c:3624	Pinned description: Raises Speed. Pinned ability can alter a damage operand, damage/type/immunity result, field, effective form, stat, held-item behavior, or ability state; current calculator does not reproduce every applicable trigger and rounding path.
302	ABILITY_EMBODY_ASPECT_HEARTHFLAME_MASK	Embody Aspect	UNCLASSIFIED	UNSUPPORTED_DAMAGE_RELEVANT	src/battle_util.c:3610, src/battle_util.c:3618	Pinned description: Raises Attack. Pinned ability can alter a damage operand, damage/type/immunity result, field, effective form, stat, held-item behavior, or ability state; current calculator does not reproduce every applicable trigger and rounding path.
303	ABILITY_EMBODY_ASPECT_WELLSPRING_MASK	Embody Aspect	UNCLASSIFIED	UNSUPPORTED_DAMAGE_RELEVANT	src/battle_util.c:3611, src/battle_util.c:3620	Pinned description: Raises Sp. Def. Pinned ability can alter a damage operand, damage/type/immunity result, field, effective form, stat, held-item behavior, or ability state; current calculator does not reproduce every applicable trigger and rounding path.
304	ABILITY_EMBODY_ASPECT_CORNERSTONE_MASK	Embody Aspect	UNCLASSIFIED	UNSUPPORTED_DAMAGE_RELEVANT	src/battle_util.c:3612, src/battle_util.c:3622	Pinned description: Raises Defense. Pinned ability can alter a damage operand, damage/type/immunity result, field, effective form, stat, held-item behavior, or ability state; current calculator does not reproduce every applicable trigger and rounding path.
305	ABILITY_TOXIC_CHAIN	Toxic Chain	UNCLASSIFIED	PROVEN_NO_DAMAGE_EFFECT	src/battle_util.c:4360, src/battle_script_commands.c:3744	Pinned description: Moves can poison. Reviewed pinned ability uses affect status, accuracy, switching, priority, PP, secondary/indirect effects, or overworld behavior; no ordinary direct-damage operand, type, immunity, field, or held-item modifier is changed by the effective ability itself.
306	ABILITY_SUPERSWEET_SYRUP	Supersweet Syrup	UNCLASSIFIED	PROVEN_NO_DAMAGE_EFFECT	src/battle_util.c:3461, src/battle_ai_switch.c:2089	Pinned description: Lowers the foe's Evasion. Reviewed pinned ability uses affect status, accuracy, switching, priority, PP, secondary/indirect effects, or overworld behavior; no ordinary direct-damage operand, type, immunity, field, or held-item modifier is changed by the effective ability itself.
307	ABILITY_TERA_SHIFT	Tera Shift	UNCLASSIFIED	UNSUPPORTED_DAMAGE_RELEVANT	src/data/abilities.h (catalogue only)	Pinned description: Terastallizes upon entry. Pinned ability can alter a damage operand, damage/type/immunity result, field, effective form, stat, held-item behavior, or ability state; current calculator does not reproduce every applicable trigger and rounding path.
308	ABILITY_TERA_SHELL	Tera Shell	UNCLASSIFIED	UNSUPPORTED_DAMAGE_RELEVANT	src/battle_util.c:330	Pinned description: Resists all at full HP. Pinned ability can alter a damage operand, damage/type/immunity result, field, effective form, stat, held-item behavior, or ability state; current calculator does not reproduce every applicable trigger and rounding path.
309	ABILITY_TERAFORM_ZERO	Teraform Zero	UNCLASSIFIED	UNSUPPORTED_DAMAGE_RELEVANT	src/battle_util.c:3481	Pinned description: Zeroes weather and terrain. Pinned ability can alter a damage operand, damage/type/immunity result, field, effective form, stat, held-item behavior, or ability state; current calculator does not reproduce every applicable trigger and rounding path.
310	ABILITY_POISON_PUPPETEER	Poison Puppeteer	UNCLASSIFIED	PROVEN_NO_DAMAGE_EFFECT	src/battle_util.c:4386, src/battle_util.c:4387	Pinned description: Confuses poisoned foes. Reviewed pinned ability uses affect status, accuracy, switching, priority, PP, secondary/indirect effects, or overworld behavior; no ordinary direct-damage operand, type, immunity, field, or held-item modifier is changed by the effective ability itself.
