id	symbol	display_name	hold_effect	hold_effect_param	item_type	category	family_group	rationale
0	ITEM_NONE	None	HOLD_EFFECT_NONE	0		PROVEN_NO_ORDINARY_DAMAGE_EFFECT	no_battle_effect	Every pinned reference is outside battle damage (prize money, friendship, EXP, wild encounters, fleeing, evolution/breeding) or the hold effect has no battle reference at all.
1	ITEM_POKE_BALL	Poké Ball	HOLD_EFFECT_NONE	0		PROVEN_NO_ORDINARY_DAMAGE_EFFECT	no_battle_effect	Every pinned reference is outside battle damage (prize money, friendship, EXP, wild encounters, fleeing, evolution/breeding) or the hold effect has no battle reference at all.
2	ITEM_GREAT_BALL	Great Ball	HOLD_EFFECT_NONE	0		PROVEN_NO_ORDINARY_DAMAGE_EFFECT	no_battle_effect	Every pinned reference is outside battle damage (prize money, friendship, EXP, wild encounters, fleeing, evolution/breeding) or the hold effect has no battle reference at all.
3	ITEM_ULTRA_BALL	Ultra Ball	HOLD_EFFECT_NONE	0		PROVEN_NO_ORDINARY_DAMAGE_EFFECT	no_battle_effect	Every pinned reference is outside battle damage (prize money, friendship, EXP, wild encounters, fleeing, evolution/breeding) or the hold effect has no battle reference at all.
4	ITEM_MASTER_BALL	Master Ball	HOLD_EFFECT_NONE	0		PROVEN_NO_ORDINARY_DAMAGE_EFFECT	no_battle_effect	Every pinned reference is outside battle damage (prize money, friendship, EXP, wild encounters, fleeing, evolution/breeding) or the hold effect has no battle reference at all.
5	ITEM_PREMIER_BALL	Premier Ball	HOLD_EFFECT_NONE	0		PROVEN_NO_ORDINARY_DAMAGE_EFFECT	no_battle_effect	Every pinned reference is outside battle damage (prize money, friendship, EXP, wild encounters, fleeing, evolution/breeding) or the hold effect has no battle reference at all.
6	ITEM_HEAL_BALL	Heal Ball	HOLD_EFFECT_NONE	0		PROVEN_NO_ORDINARY_DAMAGE_EFFECT	no_battle_effect	Every pinned reference is outside battle damage (prize money, friendship, EXP, wild encounters, fleeing, evolution/breeding) or the hold effect has no battle reference at all.
7	ITEM_NET_BALL	Net Ball	HOLD_EFFECT_NONE	0		PROVEN_NO_ORDINARY_DAMAGE_EFFECT	no_battle_effect	Every pinned reference is outside battle damage (prize money, friendship, EXP, wild encounters, fleeing, evolution/breeding) or the hold effect has no battle reference at all.
8	ITEM_NEST_BALL	Nest Ball	HOLD_EFFECT_NONE	0		PROVEN_NO_ORDINARY_DAMAGE_EFFECT	no_battle_effect	Every pinned reference is outside battle damage (prize money, friendship, EXP, wild encounters, fleeing, evolution/breeding) or the hold effect has no battle reference at all.
9	ITEM_DIVE_BALL	Dive Ball	HOLD_EFFECT_NONE	0		PROVEN_NO_ORDINARY_DAMAGE_EFFECT	no_battle_effect	Every pinned reference is outside battle damage (prize money, friendship, EXP, wild encounters, fleeing, evolution/breeding) or the hold effect has no battle reference at all.
10	ITEM_DUSK_BALL	Dusk Ball	HOLD_EFFECT_NONE	0		PROVEN_NO_ORDINARY_DAMAGE_EFFECT	no_battle_effect	Every pinned reference is outside battle damage (prize money, friendship, EXP, wild encounters, fleeing, evolution/breeding) or the hold effect has no battle reference at all.
11	ITEM_TIMER_BALL	Timer Ball	HOLD_EFFECT_NONE	0		PROVEN_NO_ORDINARY_DAMAGE_EFFECT	no_battle_effect	Every pinned reference is outside battle damage (prize money, friendship, EXP, wild encounters, fleeing, evolution/breeding) or the hold effect has no battle reference at all.
12	ITEM_QUICK_BALL	Quick Ball	HOLD_EFFECT_NONE	0		PROVEN_NO_ORDINARY_DAMAGE_EFFECT	no_battle_effect	Every pinned reference is outside battle damage (prize money, friendship, EXP, wild encounters, fleeing, evolution/breeding) or the hold effect has no battle reference at all.
13	ITEM_REPEAT_BALL	Repeat Ball	HOLD_EFFECT_NONE	0		PROVEN_NO_ORDINARY_DAMAGE_EFFECT	no_battle_effect	Every pinned reference is outside battle damage (prize money, friendship, EXP, wild encounters, fleeing, evolution/breeding) or the hold effect has no battle reference at all.
14	ITEM_LUXURY_BALL	Luxury Ball	HOLD_EFFECT_NONE	0		PROVEN_NO_ORDINARY_DAMAGE_EFFECT	no_battle_effect	Every pinned reference is outside battle damage (prize money, friendship, EXP, wild encounters, fleeing, evolution/breeding) or the hold effect has no battle reference at all.
15	ITEM_LEVEL_BALL	Level Ball	HOLD_EFFECT_NONE	0		PROVEN_NO_ORDINARY_DAMAGE_EFFECT	no_battle_effect	Every pinned reference is outside battle damage (prize money, friendship, EXP, wild encounters, fleeing, evolution/breeding) or the hold effect has no battle reference at all.
16	ITEM_LURE_BALL	Lure Ball	HOLD_EFFECT_NONE	0		PROVEN_NO_ORDINARY_DAMAGE_EFFECT	no_battle_effect	Every pinned reference is outside battle damage (prize money, friendship, EXP, wild encounters, fleeing, evolution/breeding) or the hold effect has no battle reference at all.
17	ITEM_MOON_BALL	Moon Ball	HOLD_EFFECT_NONE	0		PROVEN_NO_ORDINARY_DAMAGE_EFFECT	no_battle_effect	Every pinned reference is outside battle damage (prize money, friendship, EXP, wild encounters, fleeing, evolution/breeding) or the hold effect has no battle reference at all.
18	ITEM_FRIEND_BALL	Friend Ball	HOLD_EFFECT_NONE	0		PROVEN_NO_ORDINARY_DAMAGE_EFFECT	no_battle_effect	Every pinned reference is outside battle damage (prize money, friendship, EXP, wild encounters, fleeing, evolution/breeding) or the hold effect has no battle reference at all.
19	ITEM_LOVE_BALL	Love Ball	HOLD_EFFECT_NONE	0		PROVEN_NO_ORDINARY_DAMAGE_EFFECT	no_battle_effect	Every pinned reference is outside battle damage (prize money, friendship, EXP, wild encounters, fleeing, evolution/breeding) or the hold effect has no battle reference at all.
20	ITEM_FAST_BALL	Fast Ball	HOLD_EFFECT_NONE	0		PROVEN_NO_ORDINARY_DAMAGE_EFFECT	no_battle_effect	Every pinned reference is outside battle damage (prize money, friendship, EXP, wild encounters, fleeing, evolution/breeding) or the hold effect has no battle reference at all.
21	ITEM_HEAVY_BALL	Heavy Ball	HOLD_EFFECT_NONE	0		PROVEN_NO_ORDINARY_DAMAGE_EFFECT	no_battle_effect	Every pinned reference is outside battle damage (prize money, friendship, EXP, wild encounters, fleeing, evolution/breeding) or the hold effect has no battle reference at all.
22	ITEM_DREAM_BALL	Dream Ball	HOLD_EFFECT_NONE	0		PROVEN_NO_ORDINARY_DAMAGE_EFFECT	no_battle_effect	Every pinned reference is outside battle damage (prize money, friendship, EXP, wild encounters, fleeing, evolution/breeding) or the hold effect has no battle reference at all.
23	ITEM_SAFARI_BALL	Safari Ball	HOLD_EFFECT_NONE	0		PROVEN_NO_ORDINARY_DAMAGE_EFFECT	no_battle_effect	Every pinned reference is outside battle damage (prize money, friendship, EXP, wild encounters, fleeing, evolution/breeding) or the hold effect has no battle reference at all.
24	ITEM_SPORT_BALL	Sport Ball	HOLD_EFFECT_NONE	0		PROVEN_NO_ORDINARY_DAMAGE_EFFECT	no_battle_effect	Every pinned reference is outside battle damage (prize money, friendship, EXP, wild encounters, fleeing, evolution/breeding) or the hold effect has no battle reference at all.
25	ITEM_PARK_BALL	Park Ball	HOLD_EFFECT_NONE	0		PROVEN_NO_ORDINARY_DAMAGE_EFFECT	no_battle_effect	Every pinned reference is outside battle damage (prize money, friendship, EXP, wild encounters, fleeing, evolution/breeding) or the hold effect has no battle reference at all.
26	ITEM_BEAST_BALL	Beast Ball	HOLD_EFFECT_NONE	0		PROVEN_NO_ORDINARY_DAMAGE_EFFECT	no_battle_effect	Every pinned reference is outside battle damage (prize money, friendship, EXP, wild encounters, fleeing, evolution/breeding) or the hold effect has no battle reference at all.
27	ITEM_CHERISH_BALL	Cherish Ball	HOLD_EFFECT_NONE	0		PROVEN_NO_ORDINARY_DAMAGE_EFFECT	no_battle_effect	Every pinned reference is outside battle damage (prize money, friendship, EXP, wild encounters, fleeing, evolution/breeding) or the hold effect has no battle reference at all.
28	ITEM_POTION	Potion	HOLD_EFFECT_NONE	20		PROVEN_NO_ORDINARY_DAMAGE_EFFECT	no_battle_effect	Every pinned reference is outside battle damage (prize money, friendship, EXP, wild encounters, fleeing, evolution/breeding) or the hold effect has no battle reference at all.
29	ITEM_SUPER_POTION	Super Potion	HOLD_EFFECT_NONE	60		PROVEN_NO_ORDINARY_DAMAGE_EFFECT	no_battle_effect	Every pinned reference is outside battle damage (prize money, friendship, EXP, wild encounters, fleeing, evolution/breeding) or the hold effect has no battle reference at all.
30	ITEM_HYPER_POTION	Hyper Potion	HOLD_EFFECT_NONE	120		PROVEN_NO_ORDINARY_DAMAGE_EFFECT	no_battle_effect	Every pinned reference is outside battle damage (prize money, friendship, EXP, wild encounters, fleeing, evolution/breeding) or the hold effect has no battle reference at all.
31	ITEM_MAX_POTION	Max Potion	HOLD_EFFECT_NONE	255		PROVEN_NO_ORDINARY_DAMAGE_EFFECT	no_battle_effect	Every pinned reference is outside battle damage (prize money, friendship, EXP, wild encounters, fleeing, evolution/breeding) or the hold effect has no battle reference at all.
32	ITEM_FULL_RESTORE	Full Restore	HOLD_EFFECT_NONE	255		PROVEN_NO_ORDINARY_DAMAGE_EFFECT	no_battle_effect	Every pinned reference is outside battle damage (prize money, friendship, EXP, wild encounters, fleeing, evolution/breeding) or the hold effect has no battle reference at all.
33	ITEM_REVIVE	Revive	HOLD_EFFECT_NONE	0		PROVEN_NO_ORDINARY_DAMAGE_EFFECT	no_battle_effect	Every pinned reference is outside battle damage (prize money, friendship, EXP, wild encounters, fleeing, evolution/breeding) or the hold effect has no battle reference at all.
34	ITEM_MAX_REVIVE	Max Revive	HOLD_EFFECT_NONE	0		PROVEN_NO_ORDINARY_DAMAGE_EFFECT	no_battle_effect	Every pinned reference is outside battle damage (prize money, friendship, EXP, wild encounters, fleeing, evolution/breeding) or the hold effect has no battle reference at all.
35	ITEM_FRESH_WATER	Fresh Water	HOLD_EFFECT_NONE	30		PROVEN_NO_ORDINARY_DAMAGE_EFFECT	no_battle_effect	Every pinned reference is outside battle damage (prize money, friendship, EXP, wild encounters, fleeing, evolution/breeding) or the hold effect has no battle reference at all.
36	ITEM_SODA_POP	Soda Pop	HOLD_EFFECT_NONE	50		PROVEN_NO_ORDINARY_DAMAGE_EFFECT	no_battle_effect	Every pinned reference is outside battle damage (prize money, friendship, EXP, wild encounters, fleeing, evolution/breeding) or the hold effect has no battle reference at all.
37	ITEM_LEMONADE	Lemonade	HOLD_EFFECT_NONE	70		PROVEN_NO_ORDINARY_DAMAGE_EFFECT	no_battle_effect	Every pinned reference is outside battle damage (prize money, friendship, EXP, wild encounters, fleeing, evolution/breeding) or the hold effect has no battle reference at all.
38	ITEM_MOOMOO_MILK	Moomoo Milk	HOLD_EFFECT_NONE	100		PROVEN_NO_ORDINARY_DAMAGE_EFFECT	no_battle_effect	Every pinned reference is outside battle damage (prize money, friendship, EXP, wild encounters, fleeing, evolution/breeding) or the hold effect has no battle reference at all.
39	ITEM_ENERGY_POWDER	Energy Powder	HOLD_EFFECT_NONE	0		PROVEN_NO_ORDINARY_DAMAGE_EFFECT	no_battle_effect	Every pinned reference is outside battle damage (prize money, friendship, EXP, wild encounters, fleeing, evolution/breeding) or the hold effect has no battle reference at all.
40	ITEM_ENERGY_ROOT	Energy Root	HOLD_EFFECT_NONE	0		PROVEN_NO_ORDINARY_DAMAGE_EFFECT	no_battle_effect	Every pinned reference is outside battle damage (prize money, friendship, EXP, wild encounters, fleeing, evolution/breeding) or the hold effect has no battle reference at all.
41	ITEM_HEAL_POWDER	Heal Powder	HOLD_EFFECT_NONE	0		PROVEN_NO_ORDINARY_DAMAGE_EFFECT	no_battle_effect	Every pinned reference is outside battle damage (prize money, friendship, EXP, wild encounters, fleeing, evolution/breeding) or the hold effect has no battle reference at all.
42	ITEM_REVIVAL_HERB	Revival Herb	HOLD_EFFECT_NONE	0		PROVEN_NO_ORDINARY_DAMAGE_EFFECT	no_battle_effect	Every pinned reference is outside battle damage (prize money, friendship, EXP, wild encounters, fleeing, evolution/breeding) or the hold effect has no battle reference at all.
43	ITEM_ANTIDOTE	Antidote	HOLD_EFFECT_NONE	0		PROVEN_NO_ORDINARY_DAMAGE_EFFECT	no_battle_effect	Every pinned reference is outside battle damage (prize money, friendship, EXP, wild encounters, fleeing, evolution/breeding) or the hold effect has no battle reference at all.
44	ITEM_PARALYZE_HEAL	Paralyze Heal	HOLD_EFFECT_NONE	0		PROVEN_NO_ORDINARY_DAMAGE_EFFECT	no_battle_effect	Every pinned reference is outside battle damage (prize money, friendship, EXP, wild encounters, fleeing, evolution/breeding) or the hold effect has no battle reference at all.
45	ITEM_BURN_HEAL	Burn Heal	HOLD_EFFECT_NONE	0		PROVEN_NO_ORDINARY_DAMAGE_EFFECT	no_battle_effect	Every pinned reference is outside battle damage (prize money, friendship, EXP, wild encounters, fleeing, evolution/breeding) or the hold effect has no battle reference at all.
46	ITEM_ICE_HEAL	Ice Heal	HOLD_EFFECT_NONE	0		PROVEN_NO_ORDINARY_DAMAGE_EFFECT	no_battle_effect	Every pinned reference is outside battle damage (prize money, friendship, EXP, wild encounters, fleeing, evolution/breeding) or the hold effect has no battle reference at all.
47	ITEM_AWAKENING	Awakening	HOLD_EFFECT_NONE	0		PROVEN_NO_ORDINARY_DAMAGE_EFFECT	no_battle_effect	Every pinned reference is outside battle damage (prize money, friendship, EXP, wild encounters, fleeing, evolution/breeding) or the hold effect has no battle reference at all.
48	ITEM_FULL_HEAL	Full Heal	HOLD_EFFECT_NONE	0		PROVEN_NO_ORDINARY_DAMAGE_EFFECT	no_battle_effect	Every pinned reference is outside battle damage (prize money, friendship, EXP, wild encounters, fleeing, evolution/breeding) or the hold effect has no battle reference at all.
49	ITEM_ETHER	Ether	HOLD_EFFECT_NONE	10		PROVEN_NO_ORDINARY_DAMAGE_EFFECT	no_battle_effect	Every pinned reference is outside battle damage (prize money, friendship, EXP, wild encounters, fleeing, evolution/breeding) or the hold effect has no battle reference at all.
50	ITEM_MAX_ETHER	Max Ether	HOLD_EFFECT_NONE	255		PROVEN_NO_ORDINARY_DAMAGE_EFFECT	no_battle_effect	Every pinned reference is outside battle damage (prize money, friendship, EXP, wild encounters, fleeing, evolution/breeding) or the hold effect has no battle reference at all.
51	ITEM_ELIXIR	Elixir	HOLD_EFFECT_NONE	10		PROVEN_NO_ORDINARY_DAMAGE_EFFECT	no_battle_effect	Every pinned reference is outside battle damage (prize money, friendship, EXP, wild encounters, fleeing, evolution/breeding) or the hold effect has no battle reference at all.
52	ITEM_MAX_ELIXIR	Max Elixir	HOLD_EFFECT_NONE	255		PROVEN_NO_ORDINARY_DAMAGE_EFFECT	no_battle_effect	Every pinned reference is outside battle damage (prize money, friendship, EXP, wild encounters, fleeing, evolution/breeding) or the hold effect has no battle reference at all.
53	ITEM_BERRY_JUICE	Berry Juice	HOLD_EFFECT_RESTORE_HP	20		UNSUPPORTED_DAMAGE_RELEVANT	post_hit_or_residual	Changes HP, status, stat stages, volatiles or items only through ItemBattleEffects activations (MoveEnd handlers after damage, end of turn, switch-in, or event scripts) or residual/drain handling. It can change later HP/stats/KO, so it is not globally neutral; request-local rule single_hit_item_activation_outside_damage clears it for a single-hit ordinary move.
54	ITEM_SACRED_ASH	Sacred Ash	HOLD_EFFECT_NONE	0		PROVEN_NO_ORDINARY_DAMAGE_EFFECT	no_battle_effect	Every pinned reference is outside battle damage (prize money, friendship, EXP, wild encounters, fleeing, evolution/breeding) or the hold effect has no battle reference at all.
55	ITEM_SWEET_HEART	Sweet Heart	HOLD_EFFECT_NONE	20		PROVEN_NO_ORDINARY_DAMAGE_EFFECT	no_battle_effect	Every pinned reference is outside battle damage (prize money, friendship, EXP, wild encounters, fleeing, evolution/breeding) or the hold effect has no battle reference at all.
56	ITEM_MAX_HONEY	Max Honey	HOLD_EFFECT_NONE	0		PROVEN_NO_ORDINARY_DAMAGE_EFFECT	no_battle_effect	Every pinned reference is outside battle damage (prize money, friendship, EXP, wild encounters, fleeing, evolution/breeding) or the hold effect has no battle reference at all.
57	ITEM_PEWTER_CRUNCHIES	Pewter Crunchies	HOLD_EFFECT_NONE	0		PROVEN_NO_ORDINARY_DAMAGE_EFFECT	no_battle_effect	Every pinned reference is outside battle damage (prize money, friendship, EXP, wild encounters, fleeing, evolution/breeding) or the hold effect has no battle reference at all.
58	ITEM_RAGE_CANDY_BAR	Rage Candy Bar	HOLD_EFFECT_NONE	0		PROVEN_NO_ORDINARY_DAMAGE_EFFECT	no_battle_effect	Every pinned reference is outside battle damage (prize money, friendship, EXP, wild encounters, fleeing, evolution/breeding) or the hold effect has no battle reference at all.
59	ITEM_LAVA_COOKIE	Lava Cookie	HOLD_EFFECT_NONE	0		PROVEN_NO_ORDINARY_DAMAGE_EFFECT	no_battle_effect	Every pinned reference is outside battle damage (prize money, friendship, EXP, wild encounters, fleeing, evolution/breeding) or the hold effect has no battle reference at all.
60	ITEM_OLD_GATEAU	Old Gateau	HOLD_EFFECT_NONE	0		PROVEN_NO_ORDINARY_DAMAGE_EFFECT	no_battle_effect	Every pinned reference is outside battle damage (prize money, friendship, EXP, wild encounters, fleeing, evolution/breeding) or the hold effect has no battle reference at all.
61	ITEM_CASTELIACONE	Casteliacone	HOLD_EFFECT_NONE	0		PROVEN_NO_ORDINARY_DAMAGE_EFFECT	no_battle_effect	Every pinned reference is outside battle damage (prize money, friendship, EXP, wild encounters, fleeing, evolution/breeding) or the hold effect has no battle reference at all.
62	ITEM_LUMIOSE_GALETTE	Lumiose Galette	HOLD_EFFECT_NONE	0		PROVEN_NO_ORDINARY_DAMAGE_EFFECT	no_battle_effect	Every pinned reference is outside battle damage (prize money, friendship, EXP, wild encounters, fleeing, evolution/breeding) or the hold effect has no battle reference at all.
63	ITEM_SHALOUR_SABLE	Shalour Sable	HOLD_EFFECT_NONE	0		PROVEN_NO_ORDINARY_DAMAGE_EFFECT	no_battle_effect	Every pinned reference is outside battle damage (prize money, friendship, EXP, wild encounters, fleeing, evolution/breeding) or the hold effect has no battle reference at all.
64	ITEM_BIG_MALASADA	Big Malasada	HOLD_EFFECT_NONE	0		PROVEN_NO_ORDINARY_DAMAGE_EFFECT	no_battle_effect	Every pinned reference is outside battle damage (prize money, friendship, EXP, wild encounters, fleeing, evolution/breeding) or the hold effect has no battle reference at all.
65	ITEM_HP_UP	HP Up	HOLD_EFFECT_NONE	0		PROVEN_NO_ORDINARY_DAMAGE_EFFECT	no_battle_effect	Every pinned reference is outside battle damage (prize money, friendship, EXP, wild encounters, fleeing, evolution/breeding) or the hold effect has no battle reference at all.
66	ITEM_PROTEIN	Protein	HOLD_EFFECT_NONE	0		PROVEN_NO_ORDINARY_DAMAGE_EFFECT	no_battle_effect	Every pinned reference is outside battle damage (prize money, friendship, EXP, wild encounters, fleeing, evolution/breeding) or the hold effect has no battle reference at all.
67	ITEM_IRON	Iron	HOLD_EFFECT_NONE	0		PROVEN_NO_ORDINARY_DAMAGE_EFFECT	no_battle_effect	Every pinned reference is outside battle damage (prize money, friendship, EXP, wild encounters, fleeing, evolution/breeding) or the hold effect has no battle reference at all.
68	ITEM_CALCIUM	Calcium	HOLD_EFFECT_NONE	0		PROVEN_NO_ORDINARY_DAMAGE_EFFECT	no_battle_effect	Every pinned reference is outside battle damage (prize money, friendship, EXP, wild encounters, fleeing, evolution/breeding) or the hold effect has no battle reference at all.
69	ITEM_ZINC	Zinc	HOLD_EFFECT_NONE	0		PROVEN_NO_ORDINARY_DAMAGE_EFFECT	no_battle_effect	Every pinned reference is outside battle damage (prize money, friendship, EXP, wild encounters, fleeing, evolution/breeding) or the hold effect has no battle reference at all.
70	ITEM_CARBOS	Carbos	HOLD_EFFECT_NONE	0		PROVEN_NO_ORDINARY_DAMAGE_EFFECT	no_battle_effect	Every pinned reference is outside battle damage (prize money, friendship, EXP, wild encounters, fleeing, evolution/breeding) or the hold effect has no battle reference at all.
71	ITEM_PP_UP	PP Up	HOLD_EFFECT_NONE	0		PROVEN_NO_ORDINARY_DAMAGE_EFFECT	no_battle_effect	Every pinned reference is outside battle damage (prize money, friendship, EXP, wild encounters, fleeing, evolution/breeding) or the hold effect has no battle reference at all.
72	ITEM_PP_MAX	PP Max	HOLD_EFFECT_NONE	0		PROVEN_NO_ORDINARY_DAMAGE_EFFECT	no_battle_effect	Every pinned reference is outside battle damage (prize money, friendship, EXP, wild encounters, fleeing, evolution/breeding) or the hold effect has no battle reference at all.
73	ITEM_HEALTH_FEATHER	Health Feather	HOLD_EFFECT_NONE	0		PROVEN_NO_ORDINARY_DAMAGE_EFFECT	no_battle_effect	Every pinned reference is outside battle damage (prize money, friendship, EXP, wild encounters, fleeing, evolution/breeding) or the hold effect has no battle reference at all.
74	ITEM_MUSCLE_FEATHER	Muscle Feather	HOLD_EFFECT_NONE	0		PROVEN_NO_ORDINARY_DAMAGE_EFFECT	no_battle_effect	Every pinned reference is outside battle damage (prize money, friendship, EXP, wild encounters, fleeing, evolution/breeding) or the hold effect has no battle reference at all.
75	ITEM_RESIST_FEATHER	Resist Feather	HOLD_EFFECT_NONE	0		PROVEN_NO_ORDINARY_DAMAGE_EFFECT	no_battle_effect	Every pinned reference is outside battle damage (prize money, friendship, EXP, wild encounters, fleeing, evolution/breeding) or the hold effect has no battle reference at all.
76	ITEM_GENIUS_FEATHER	Genius Feather	HOLD_EFFECT_NONE	0		PROVEN_NO_ORDINARY_DAMAGE_EFFECT	no_battle_effect	Every pinned reference is outside battle damage (prize money, friendship, EXP, wild encounters, fleeing, evolution/breeding) or the hold effect has no battle reference at all.
77	ITEM_CLEVER_FEATHER	Clever Feather	HOLD_EFFECT_NONE	0		PROVEN_NO_ORDINARY_DAMAGE_EFFECT	no_battle_effect	Every pinned reference is outside battle damage (prize money, friendship, EXP, wild encounters, fleeing, evolution/breeding) or the hold effect has no battle reference at all.
78	ITEM_SWIFT_FEATHER	Swift Feather	HOLD_EFFECT_NONE	0		PROVEN_NO_ORDINARY_DAMAGE_EFFECT	no_battle_effect	Every pinned reference is outside battle damage (prize money, friendship, EXP, wild encounters, fleeing, evolution/breeding) or the hold effect has no battle reference at all.
79	ITEM_ABILITY_CAPSULE	Ability Capsule	HOLD_EFFECT_NONE	0		PROVEN_NO_ORDINARY_DAMAGE_EFFECT	no_battle_effect	Every pinned reference is outside battle damage (prize money, friendship, EXP, wild encounters, fleeing, evolution/breeding) or the hold effect has no battle reference at all.
80	ITEM_ABILITY_PATCH	Ability Patch	HOLD_EFFECT_NONE	0		PROVEN_NO_ORDINARY_DAMAGE_EFFECT	no_battle_effect	Every pinned reference is outside battle damage (prize money, friendship, EXP, wild encounters, fleeing, evolution/breeding) or the hold effect has no battle reference at all.
81	ITEM_LONELY_MINT	Lonely Mint	HOLD_EFFECT_NONE	0		PROVEN_NO_ORDINARY_DAMAGE_EFFECT	no_battle_effect	Every pinned reference is outside battle damage (prize money, friendship, EXP, wild encounters, fleeing, evolution/breeding) or the hold effect has no battle reference at all.
82	ITEM_ADAMANT_MINT	Adamant Mint	HOLD_EFFECT_NONE	0		PROVEN_NO_ORDINARY_DAMAGE_EFFECT	no_battle_effect	Every pinned reference is outside battle damage (prize money, friendship, EXP, wild encounters, fleeing, evolution/breeding) or the hold effect has no battle reference at all.
83	ITEM_NAUGHTY_MINT	Naughty Mint	HOLD_EFFECT_NONE	0		PROVEN_NO_ORDINARY_DAMAGE_EFFECT	no_battle_effect	Every pinned reference is outside battle damage (prize money, friendship, EXP, wild encounters, fleeing, evolution/breeding) or the hold effect has no battle reference at all.
84	ITEM_BRAVE_MINT	Brave Mint	HOLD_EFFECT_NONE	0		PROVEN_NO_ORDINARY_DAMAGE_EFFECT	no_battle_effect	Every pinned reference is outside battle damage (prize money, friendship, EXP, wild encounters, fleeing, evolution/breeding) or the hold effect has no battle reference at all.
85	ITEM_BOLD_MINT	Bold Mint	HOLD_EFFECT_NONE	0		PROVEN_NO_ORDINARY_DAMAGE_EFFECT	no_battle_effect	Every pinned reference is outside battle damage (prize money, friendship, EXP, wild encounters, fleeing, evolution/breeding) or the hold effect has no battle reference at all.
86	ITEM_IMPISH_MINT	Impish Mint	HOLD_EFFECT_NONE	0		PROVEN_NO_ORDINARY_DAMAGE_EFFECT	no_battle_effect	Every pinned reference is outside battle damage (prize money, friendship, EXP, wild encounters, fleeing, evolution/breeding) or the hold effect has no battle reference at all.
87	ITEM_LAX_MINT	Lax Mint	HOLD_EFFECT_NONE	0		PROVEN_NO_ORDINARY_DAMAGE_EFFECT	no_battle_effect	Every pinned reference is outside battle damage (prize money, friendship, EXP, wild encounters, fleeing, evolution/breeding) or the hold effect has no battle reference at all.
88	ITEM_RELAXED_MINT	Relaxed Mint	HOLD_EFFECT_NONE	0		PROVEN_NO_ORDINARY_DAMAGE_EFFECT	no_battle_effect	Every pinned reference is outside battle damage (prize money, friendship, EXP, wild encounters, fleeing, evolution/breeding) or the hold effect has no battle reference at all.
89	ITEM_MODEST_MINT	Modest Mint	HOLD_EFFECT_NONE	0		PROVEN_NO_ORDINARY_DAMAGE_EFFECT	no_battle_effect	Every pinned reference is outside battle damage (prize money, friendship, EXP, wild encounters, fleeing, evolution/breeding) or the hold effect has no battle reference at all.
90	ITEM_MILD_MINT	Mild Mint	HOLD_EFFECT_NONE	0		PROVEN_NO_ORDINARY_DAMAGE_EFFECT	no_battle_effect	Every pinned reference is outside battle damage (prize money, friendship, EXP, wild encounters, fleeing, evolution/breeding) or the hold effect has no battle reference at all.
91	ITEM_RASH_MINT	Rash Mint	HOLD_EFFECT_NONE	0		PROVEN_NO_ORDINARY_DAMAGE_EFFECT	no_battle_effect	Every pinned reference is outside battle damage (prize money, friendship, EXP, wild encounters, fleeing, evolution/breeding) or the hold effect has no battle reference at all.
92	ITEM_QUIET_MINT	Quiet Mint	HOLD_EFFECT_NONE	0		PROVEN_NO_ORDINARY_DAMAGE_EFFECT	no_battle_effect	Every pinned reference is outside battle damage (prize money, friendship, EXP, wild encounters, fleeing, evolution/breeding) or the hold effect has no battle reference at all.
93	ITEM_CALM_MINT	Calm Mint	HOLD_EFFECT_NONE	0		PROVEN_NO_ORDINARY_DAMAGE_EFFECT	no_battle_effect	Every pinned reference is outside battle damage (prize money, friendship, EXP, wild encounters, fleeing, evolution/breeding) or the hold effect has no battle reference at all.
94	ITEM_GENTLE_MINT	Gentle Mint	HOLD_EFFECT_NONE	0		PROVEN_NO_ORDINARY_DAMAGE_EFFECT	no_battle_effect	Every pinned reference is outside battle damage (prize money, friendship, EXP, wild encounters, fleeing, evolution/breeding) or the hold effect has no battle reference at all.
95	ITEM_CAREFUL_MINT	Careful Mint	HOLD_EFFECT_NONE	0		PROVEN_NO_ORDINARY_DAMAGE_EFFECT	no_battle_effect	Every pinned reference is outside battle damage (prize money, friendship, EXP, wild encounters, fleeing, evolution/breeding) or the hold effect has no battle reference at all.
96	ITEM_SASSY_MINT	Sassy Mint	HOLD_EFFECT_NONE	0		PROVEN_NO_ORDINARY_DAMAGE_EFFECT	no_battle_effect	Every pinned reference is outside battle damage (prize money, friendship, EXP, wild encounters, fleeing, evolution/breeding) or the hold effect has no battle reference at all.
97	ITEM_TIMID_MINT	Timid Mint	HOLD_EFFECT_NONE	0		PROVEN_NO_ORDINARY_DAMAGE_EFFECT	no_battle_effect	Every pinned reference is outside battle damage (prize money, friendship, EXP, wild encounters, fleeing, evolution/breeding) or the hold effect has no battle reference at all.
98	ITEM_HASTY_MINT	Hasty Mint	HOLD_EFFECT_NONE	0		PROVEN_NO_ORDINARY_DAMAGE_EFFECT	no_battle_effect	Every pinned reference is outside battle damage (prize money, friendship, EXP, wild encounters, fleeing, evolution/breeding) or the hold effect has no battle reference at all.
99	ITEM_JOLLY_MINT	Jolly Mint	HOLD_EFFECT_NONE	0		PROVEN_NO_ORDINARY_DAMAGE_EFFECT	no_battle_effect	Every pinned reference is outside battle damage (prize money, friendship, EXP, wild encounters, fleeing, evolution/breeding) or the hold effect has no battle reference at all.
100	ITEM_NAIVE_MINT	Naive Mint	HOLD_EFFECT_NONE	0		PROVEN_NO_ORDINARY_DAMAGE_EFFECT	no_battle_effect	Every pinned reference is outside battle damage (prize money, friendship, EXP, wild encounters, fleeing, evolution/breeding) or the hold effect has no battle reference at all.
101	ITEM_SERIOUS_MINT	Serious Mint	HOLD_EFFECT_NONE	0		PROVEN_NO_ORDINARY_DAMAGE_EFFECT	no_battle_effect	Every pinned reference is outside battle damage (prize money, friendship, EXP, wild encounters, fleeing, evolution/breeding) or the hold effect has no battle reference at all.
102	ITEM_RARE_CANDY	Rare Candy	HOLD_EFFECT_NONE	0		PROVEN_NO_ORDINARY_DAMAGE_EFFECT	no_battle_effect	Every pinned reference is outside battle damage (prize money, friendship, EXP, wild encounters, fleeing, evolution/breeding) or the hold effect has no battle reference at all.
103	ITEM_EXP_CANDY_XS	EXP. Candy Xs	HOLD_EFFECT_NONE	1		PROVEN_NO_ORDINARY_DAMAGE_EFFECT	no_battle_effect	Every pinned reference is outside battle damage (prize money, friendship, EXP, wild encounters, fleeing, evolution/breeding) or the hold effect has no battle reference at all.
104	ITEM_EXP_CANDY_S	EXP. Candy S	HOLD_EFFECT_NONE	2		PROVEN_NO_ORDINARY_DAMAGE_EFFECT	no_battle_effect	Every pinned reference is outside battle damage (prize money, friendship, EXP, wild encounters, fleeing, evolution/breeding) or the hold effect has no battle reference at all.
105	ITEM_EXP_CANDY_M	EXP. Candy M	HOLD_EFFECT_NONE	3		PROVEN_NO_ORDINARY_DAMAGE_EFFECT	no_battle_effect	Every pinned reference is outside battle damage (prize money, friendship, EXP, wild encounters, fleeing, evolution/breeding) or the hold effect has no battle reference at all.
106	ITEM_EXP_CANDY_L	EXP. Candy L	HOLD_EFFECT_NONE	4		PROVEN_NO_ORDINARY_DAMAGE_EFFECT	no_battle_effect	Every pinned reference is outside battle damage (prize money, friendship, EXP, wild encounters, fleeing, evolution/breeding) or the hold effect has no battle reference at all.
107	ITEM_EXP_CANDY_XL	EXP. Candy Xl	HOLD_EFFECT_NONE	5		PROVEN_NO_ORDINARY_DAMAGE_EFFECT	no_battle_effect	Every pinned reference is outside battle damage (prize money, friendship, EXP, wild encounters, fleeing, evolution/breeding) or the hold effect has no battle reference at all.
108	ITEM_DYNAMAX_CANDY	Dynamax Candy	HOLD_EFFECT_NONE	0		PROVEN_NO_ORDINARY_DAMAGE_EFFECT	no_battle_effect	Every pinned reference is outside battle damage (prize money, friendship, EXP, wild encounters, fleeing, evolution/breeding) or the hold effect has no battle reference at all.
109	ITEM_BLUE_FLUTE	Blue Flute	HOLD_EFFECT_NONE	0		PROVEN_NO_ORDINARY_DAMAGE_EFFECT	no_battle_effect	Every pinned reference is outside battle damage (prize money, friendship, EXP, wild encounters, fleeing, evolution/breeding) or the hold effect has no battle reference at all.
110	ITEM_YELLOW_FLUTE	Yellow Flute	HOLD_EFFECT_NONE	0		PROVEN_NO_ORDINARY_DAMAGE_EFFECT	no_battle_effect	Every pinned reference is outside battle damage (prize money, friendship, EXP, wild encounters, fleeing, evolution/breeding) or the hold effect has no battle reference at all.
111	ITEM_RED_FLUTE	Red Flute	HOLD_EFFECT_NONE	0		PROVEN_NO_ORDINARY_DAMAGE_EFFECT	no_battle_effect	Every pinned reference is outside battle damage (prize money, friendship, EXP, wild encounters, fleeing, evolution/breeding) or the hold effect has no battle reference at all.
112	ITEM_BLACK_FLUTE	Black Flute	HOLD_EFFECT_NONE	50		PROVEN_NO_ORDINARY_DAMAGE_EFFECT	no_battle_effect	Every pinned reference is outside battle damage (prize money, friendship, EXP, wild encounters, fleeing, evolution/breeding) or the hold effect has no battle reference at all.
113	ITEM_WHITE_FLUTE	White Flute	HOLD_EFFECT_NONE	150		PROVEN_NO_ORDINARY_DAMAGE_EFFECT	no_battle_effect	Every pinned reference is outside battle damage (prize money, friendship, EXP, wild encounters, fleeing, evolution/breeding) or the hold effect has no battle reference at all.
114	ITEM_REPEL	Repel	HOLD_EFFECT_NONE	100		PROVEN_NO_ORDINARY_DAMAGE_EFFECT	no_battle_effect	Every pinned reference is outside battle damage (prize money, friendship, EXP, wild encounters, fleeing, evolution/breeding) or the hold effect has no battle reference at all.
115	ITEM_SUPER_REPEL	Super Repel	HOLD_EFFECT_NONE	200		PROVEN_NO_ORDINARY_DAMAGE_EFFECT	no_battle_effect	Every pinned reference is outside battle damage (prize money, friendship, EXP, wild encounters, fleeing, evolution/breeding) or the hold effect has no battle reference at all.
116	ITEM_MAX_REPEL	Max Repel	HOLD_EFFECT_NONE	250		PROVEN_NO_ORDINARY_DAMAGE_EFFECT	no_battle_effect	Every pinned reference is outside battle damage (prize money, friendship, EXP, wild encounters, fleeing, evolution/breeding) or the hold effect has no battle reference at all.
117	ITEM_LURE	Lure	HOLD_EFFECT_NONE	100		PROVEN_NO_ORDINARY_DAMAGE_EFFECT	no_battle_effect	Every pinned reference is outside battle damage (prize money, friendship, EXP, wild encounters, fleeing, evolution/breeding) or the hold effect has no battle reference at all.
118	ITEM_SUPER_LURE	Super Lure	HOLD_EFFECT_NONE	200		PROVEN_NO_ORDINARY_DAMAGE_EFFECT	no_battle_effect	Every pinned reference is outside battle damage (prize money, friendship, EXP, wild encounters, fleeing, evolution/breeding) or the hold effect has no battle reference at all.
119	ITEM_MAX_LURE	Max Lure	HOLD_EFFECT_NONE	250		PROVEN_NO_ORDINARY_DAMAGE_EFFECT	no_battle_effect	Every pinned reference is outside battle damage (prize money, friendship, EXP, wild encounters, fleeing, evolution/breeding) or the hold effect has no battle reference at all.
120	ITEM_ESCAPE_ROPE	Escape Rope	HOLD_EFFECT_NONE	0		PROVEN_NO_ORDINARY_DAMAGE_EFFECT	no_battle_effect	Every pinned reference is outside battle damage (prize money, friendship, EXP, wild encounters, fleeing, evolution/breeding) or the hold effect has no battle reference at all.
121	ITEM_X_ATTACK	X Attack	HOLD_EFFECT_NONE	2		PROVEN_NO_ORDINARY_DAMAGE_EFFECT	no_battle_effect	Every pinned reference is outside battle damage (prize money, friendship, EXP, wild encounters, fleeing, evolution/breeding) or the hold effect has no battle reference at all.
122	ITEM_X_DEFENSE	X Defense	HOLD_EFFECT_NONE	2		PROVEN_NO_ORDINARY_DAMAGE_EFFECT	no_battle_effect	Every pinned reference is outside battle damage (prize money, friendship, EXP, wild encounters, fleeing, evolution/breeding) or the hold effect has no battle reference at all.
123	ITEM_X_SP_ATK	X Sp. Atk	HOLD_EFFECT_NONE	2		PROVEN_NO_ORDINARY_DAMAGE_EFFECT	no_battle_effect	Every pinned reference is outside battle damage (prize money, friendship, EXP, wild encounters, fleeing, evolution/breeding) or the hold effect has no battle reference at all.
124	ITEM_X_SP_DEF	X Sp. Def	HOLD_EFFECT_NONE	2		PROVEN_NO_ORDINARY_DAMAGE_EFFECT	no_battle_effect	Every pinned reference is outside battle damage (prize money, friendship, EXP, wild encounters, fleeing, evolution/breeding) or the hold effect has no battle reference at all.
125	ITEM_X_SPEED	X Speed	HOLD_EFFECT_NONE	2		PROVEN_NO_ORDINARY_DAMAGE_EFFECT	no_battle_effect	Every pinned reference is outside battle damage (prize money, friendship, EXP, wild encounters, fleeing, evolution/breeding) or the hold effect has no battle reference at all.
126	ITEM_X_ACCURACY	X Accuracy	HOLD_EFFECT_NONE	2		PROVEN_NO_ORDINARY_DAMAGE_EFFECT	no_battle_effect	Every pinned reference is outside battle damage (prize money, friendship, EXP, wild encounters, fleeing, evolution/breeding) or the hold effect has no battle reference at all.
127	ITEM_DIRE_HIT	Dire Hit	HOLD_EFFECT_NONE	0		PROVEN_NO_ORDINARY_DAMAGE_EFFECT	no_battle_effect	Every pinned reference is outside battle damage (prize money, friendship, EXP, wild encounters, fleeing, evolution/breeding) or the hold effect has no battle reference at all.
128	ITEM_GUARD_SPEC	Guard Spec.	HOLD_EFFECT_NONE	0		PROVEN_NO_ORDINARY_DAMAGE_EFFECT	no_battle_effect	Every pinned reference is outside battle damage (prize money, friendship, EXP, wild encounters, fleeing, evolution/breeding) or the hold effect has no battle reference at all.
129	ITEM_POKE_DOLL	Poké Doll	HOLD_EFFECT_NONE	0		PROVEN_NO_ORDINARY_DAMAGE_EFFECT	no_battle_effect	Every pinned reference is outside battle damage (prize money, friendship, EXP, wild encounters, fleeing, evolution/breeding) or the hold effect has no battle reference at all.
130	ITEM_FLUFFY_TAIL	Fluffy Tail	HOLD_EFFECT_NONE	0		PROVEN_NO_ORDINARY_DAMAGE_EFFECT	no_battle_effect	Every pinned reference is outside battle damage (prize money, friendship, EXP, wild encounters, fleeing, evolution/breeding) or the hold effect has no battle reference at all.
131	ITEM_POKE_TOY	Poké Toy	HOLD_EFFECT_NONE	0		PROVEN_NO_ORDINARY_DAMAGE_EFFECT	no_battle_effect	Every pinned reference is outside battle damage (prize money, friendship, EXP, wild encounters, fleeing, evolution/breeding) or the hold effect has no battle reference at all.
132	ITEM_MAX_MUSHROOMS	Max Mushrooms	HOLD_EFFECT_NONE	0		PROVEN_NO_ORDINARY_DAMAGE_EFFECT	no_battle_effect	Every pinned reference is outside battle damage (prize money, friendship, EXP, wild encounters, fleeing, evolution/breeding) or the hold effect has no battle reference at all.
133	ITEM_BOTTLE_CAP	Bottle Cap	HOLD_EFFECT_NONE	0		PROVEN_NO_ORDINARY_DAMAGE_EFFECT	no_battle_effect	Every pinned reference is outside battle damage (prize money, friendship, EXP, wild encounters, fleeing, evolution/breeding) or the hold effect has no battle reference at all.
134	ITEM_GOLD_BOTTLE_CAP	Gold Bottle Cap	HOLD_EFFECT_NONE	0		PROVEN_NO_ORDINARY_DAMAGE_EFFECT	no_battle_effect	Every pinned reference is outside battle damage (prize money, friendship, EXP, wild encounters, fleeing, evolution/breeding) or the hold effect has no battle reference at all.
135	ITEM_NUGGET	Nugget	HOLD_EFFECT_NONE	0		PROVEN_NO_ORDINARY_DAMAGE_EFFECT	no_battle_effect	Every pinned reference is outside battle damage (prize money, friendship, EXP, wild encounters, fleeing, evolution/breeding) or the hold effect has no battle reference at all.
136	ITEM_BIG_NUGGET	Big Nugget	HOLD_EFFECT_NONE	0		PROVEN_NO_ORDINARY_DAMAGE_EFFECT	no_battle_effect	Every pinned reference is outside battle damage (prize money, friendship, EXP, wild encounters, fleeing, evolution/breeding) or the hold effect has no battle reference at all.
137	ITEM_TINY_MUSHROOM	Tiny Mushroom	HOLD_EFFECT_NONE	0		PROVEN_NO_ORDINARY_DAMAGE_EFFECT	no_battle_effect	Every pinned reference is outside battle damage (prize money, friendship, EXP, wild encounters, fleeing, evolution/breeding) or the hold effect has no battle reference at all.
138	ITEM_BIG_MUSHROOM	Big Mushroom	HOLD_EFFECT_NONE	0		PROVEN_NO_ORDINARY_DAMAGE_EFFECT	no_battle_effect	Every pinned reference is outside battle damage (prize money, friendship, EXP, wild encounters, fleeing, evolution/breeding) or the hold effect has no battle reference at all.
139	ITEM_BALM_MUSHROOM	Balm Mushroom	HOLD_EFFECT_NONE	0		PROVEN_NO_ORDINARY_DAMAGE_EFFECT	no_battle_effect	Every pinned reference is outside battle damage (prize money, friendship, EXP, wild encounters, fleeing, evolution/breeding) or the hold effect has no battle reference at all.
140	ITEM_PEARL	Pearl	HOLD_EFFECT_NONE	0		PROVEN_NO_ORDINARY_DAMAGE_EFFECT	no_battle_effect	Every pinned reference is outside battle damage (prize money, friendship, EXP, wild encounters, fleeing, evolution/breeding) or the hold effect has no battle reference at all.
141	ITEM_BIG_PEARL	Big Pearl	HOLD_EFFECT_NONE	0		PROVEN_NO_ORDINARY_DAMAGE_EFFECT	no_battle_effect	Every pinned reference is outside battle damage (prize money, friendship, EXP, wild encounters, fleeing, evolution/breeding) or the hold effect has no battle reference at all.
142	ITEM_PEARL_STRING	Pearl String	HOLD_EFFECT_NONE	0		PROVEN_NO_ORDINARY_DAMAGE_EFFECT	no_battle_effect	Every pinned reference is outside battle damage (prize money, friendship, EXP, wild encounters, fleeing, evolution/breeding) or the hold effect has no battle reference at all.
143	ITEM_STARDUST	Stardust	HOLD_EFFECT_NONE	0		PROVEN_NO_ORDINARY_DAMAGE_EFFECT	no_battle_effect	Every pinned reference is outside battle damage (prize money, friendship, EXP, wild encounters, fleeing, evolution/breeding) or the hold effect has no battle reference at all.
144	ITEM_STAR_PIECE	Star Piece	HOLD_EFFECT_NONE	0		PROVEN_NO_ORDINARY_DAMAGE_EFFECT	no_battle_effect	Every pinned reference is outside battle damage (prize money, friendship, EXP, wild encounters, fleeing, evolution/breeding) or the hold effect has no battle reference at all.
145	ITEM_COMET_SHARD	Comet Shard	HOLD_EFFECT_NONE	0		PROVEN_NO_ORDINARY_DAMAGE_EFFECT	no_battle_effect	Every pinned reference is outside battle damage (prize money, friendship, EXP, wild encounters, fleeing, evolution/breeding) or the hold effect has no battle reference at all.
146	ITEM_SHOAL_SALT	Shoal Salt	HOLD_EFFECT_NONE	0		PROVEN_NO_ORDINARY_DAMAGE_EFFECT	no_battle_effect	Every pinned reference is outside battle damage (prize money, friendship, EXP, wild encounters, fleeing, evolution/breeding) or the hold effect has no battle reference at all.
147	ITEM_SHOAL_SHELL	Shoal Shell	HOLD_EFFECT_NONE	0		PROVEN_NO_ORDINARY_DAMAGE_EFFECT	no_battle_effect	Every pinned reference is outside battle damage (prize money, friendship, EXP, wild encounters, fleeing, evolution/breeding) or the hold effect has no battle reference at all.
148	ITEM_RED_SHARD	Red Shard	HOLD_EFFECT_NONE	0		PROVEN_NO_ORDINARY_DAMAGE_EFFECT	no_battle_effect	Every pinned reference is outside battle damage (prize money, friendship, EXP, wild encounters, fleeing, evolution/breeding) or the hold effect has no battle reference at all.
149	ITEM_BLUE_SHARD	Blue Shard	HOLD_EFFECT_NONE	0		PROVEN_NO_ORDINARY_DAMAGE_EFFECT	no_battle_effect	Every pinned reference is outside battle damage (prize money, friendship, EXP, wild encounters, fleeing, evolution/breeding) or the hold effect has no battle reference at all.
150	ITEM_YELLOW_SHARD	Yellow Shard	HOLD_EFFECT_NONE	0		PROVEN_NO_ORDINARY_DAMAGE_EFFECT	no_battle_effect	Every pinned reference is outside battle damage (prize money, friendship, EXP, wild encounters, fleeing, evolution/breeding) or the hold effect has no battle reference at all.
151	ITEM_GREEN_SHARD	Green Shard	HOLD_EFFECT_NONE	0		PROVEN_NO_ORDINARY_DAMAGE_EFFECT	no_battle_effect	Every pinned reference is outside battle damage (prize money, friendship, EXP, wild encounters, fleeing, evolution/breeding) or the hold effect has no battle reference at all.
152	ITEM_HEART_SCALE	Heart Scale	HOLD_EFFECT_NONE	0		PROVEN_NO_ORDINARY_DAMAGE_EFFECT	no_battle_effect	Every pinned reference is outside battle damage (prize money, friendship, EXP, wild encounters, fleeing, evolution/breeding) or the hold effect has no battle reference at all.
153	ITEM_HONEY	Honey	HOLD_EFFECT_NONE	0		PROVEN_NO_ORDINARY_DAMAGE_EFFECT	no_battle_effect	Every pinned reference is outside battle damage (prize money, friendship, EXP, wild encounters, fleeing, evolution/breeding) or the hold effect has no battle reference at all.
154	ITEM_RARE_BONE	Rare Bone	HOLD_EFFECT_NONE	0		PROVEN_NO_ORDINARY_DAMAGE_EFFECT	no_battle_effect	Every pinned reference is outside battle damage (prize money, friendship, EXP, wild encounters, fleeing, evolution/breeding) or the hold effect has no battle reference at all.
155	ITEM_ODD_KEYSTONE	Odd Keystone	HOLD_EFFECT_NONE	0		PROVEN_NO_ORDINARY_DAMAGE_EFFECT	no_battle_effect	Every pinned reference is outside battle damage (prize money, friendship, EXP, wild encounters, fleeing, evolution/breeding) or the hold effect has no battle reference at all.
156	ITEM_PRETTY_FEATHER	Pretty Feather	HOLD_EFFECT_NONE	0		PROVEN_NO_ORDINARY_DAMAGE_EFFECT	no_battle_effect	Every pinned reference is outside battle damage (prize money, friendship, EXP, wild encounters, fleeing, evolution/breeding) or the hold effect has no battle reference at all.
157	ITEM_RELIC_COPPER	Relic Copper	HOLD_EFFECT_NONE	0		PROVEN_NO_ORDINARY_DAMAGE_EFFECT	no_battle_effect	Every pinned reference is outside battle damage (prize money, friendship, EXP, wild encounters, fleeing, evolution/breeding) or the hold effect has no battle reference at all.
158	ITEM_RELIC_SILVER	Relic Silver	HOLD_EFFECT_NONE	0		PROVEN_NO_ORDINARY_DAMAGE_EFFECT	no_battle_effect	Every pinned reference is outside battle damage (prize money, friendship, EXP, wild encounters, fleeing, evolution/breeding) or the hold effect has no battle reference at all.
159	ITEM_RELIC_GOLD	Relic Gold	HOLD_EFFECT_NONE	0		PROVEN_NO_ORDINARY_DAMAGE_EFFECT	no_battle_effect	Every pinned reference is outside battle damage (prize money, friendship, EXP, wild encounters, fleeing, evolution/breeding) or the hold effect has no battle reference at all.
160	ITEM_RELIC_VASE	Relic Vase	HOLD_EFFECT_NONE	0		PROVEN_NO_ORDINARY_DAMAGE_EFFECT	no_battle_effect	Every pinned reference is outside battle damage (prize money, friendship, EXP, wild encounters, fleeing, evolution/breeding) or the hold effect has no battle reference at all.
161	ITEM_RELIC_BAND	Relic Band	HOLD_EFFECT_NONE	0		PROVEN_NO_ORDINARY_DAMAGE_EFFECT	no_battle_effect	Every pinned reference is outside battle damage (prize money, friendship, EXP, wild encounters, fleeing, evolution/breeding) or the hold effect has no battle reference at all.
162	ITEM_RELIC_STATUE	Relic Statue	HOLD_EFFECT_NONE	0		PROVEN_NO_ORDINARY_DAMAGE_EFFECT	no_battle_effect	Every pinned reference is outside battle damage (prize money, friendship, EXP, wild encounters, fleeing, evolution/breeding) or the hold effect has no battle reference at all.
163	ITEM_RELIC_CROWN	Relic Crown	HOLD_EFFECT_NONE	0		PROVEN_NO_ORDINARY_DAMAGE_EFFECT	no_battle_effect	Every pinned reference is outside battle damage (prize money, friendship, EXP, wild encounters, fleeing, evolution/breeding) or the hold effect has no battle reference at all.
164	ITEM_STRANGE_SOUVENIR	Strange Souvenir	HOLD_EFFECT_NONE	0		PROVEN_NO_ORDINARY_DAMAGE_EFFECT	no_battle_effect	Every pinned reference is outside battle damage (prize money, friendship, EXP, wild encounters, fleeing, evolution/breeding) or the hold effect has no battle reference at all.
165	ITEM_HELIX_FOSSIL	Helix Fossil	HOLD_EFFECT_NONE	0		PROVEN_NO_ORDINARY_DAMAGE_EFFECT	no_battle_effect	Every pinned reference is outside battle damage (prize money, friendship, EXP, wild encounters, fleeing, evolution/breeding) or the hold effect has no battle reference at all.
166	ITEM_DOME_FOSSIL	Dome Fossil	HOLD_EFFECT_NONE	0		PROVEN_NO_ORDINARY_DAMAGE_EFFECT	no_battle_effect	Every pinned reference is outside battle damage (prize money, friendship, EXP, wild encounters, fleeing, evolution/breeding) or the hold effect has no battle reference at all.
167	ITEM_OLD_AMBER	Old Amber	HOLD_EFFECT_NONE	0		PROVEN_NO_ORDINARY_DAMAGE_EFFECT	no_battle_effect	Every pinned reference is outside battle damage (prize money, friendship, EXP, wild encounters, fleeing, evolution/breeding) or the hold effect has no battle reference at all.
168	ITEM_ROOT_FOSSIL	Root Fossil	HOLD_EFFECT_NONE	0		PROVEN_NO_ORDINARY_DAMAGE_EFFECT	no_battle_effect	Every pinned reference is outside battle damage (prize money, friendship, EXP, wild encounters, fleeing, evolution/breeding) or the hold effect has no battle reference at all.
169	ITEM_CLAW_FOSSIL	Claw Fossil	HOLD_EFFECT_NONE	0		PROVEN_NO_ORDINARY_DAMAGE_EFFECT	no_battle_effect	Every pinned reference is outside battle damage (prize money, friendship, EXP, wild encounters, fleeing, evolution/breeding) or the hold effect has no battle reference at all.
170	ITEM_ARMOR_FOSSIL	Armor Fossil	HOLD_EFFECT_NONE	0		PROVEN_NO_ORDINARY_DAMAGE_EFFECT	no_battle_effect	Every pinned reference is outside battle damage (prize money, friendship, EXP, wild encounters, fleeing, evolution/breeding) or the hold effect has no battle reference at all.
171	ITEM_SKULL_FOSSIL	Skull Fossil	HOLD_EFFECT_NONE	0		PROVEN_NO_ORDINARY_DAMAGE_EFFECT	no_battle_effect	Every pinned reference is outside battle damage (prize money, friendship, EXP, wild encounters, fleeing, evolution/breeding) or the hold effect has no battle reference at all.
172	ITEM_COVER_FOSSIL	Cover Fossil	HOLD_EFFECT_NONE	0		PROVEN_NO_ORDINARY_DAMAGE_EFFECT	no_battle_effect	Every pinned reference is outside battle damage (prize money, friendship, EXP, wild encounters, fleeing, evolution/breeding) or the hold effect has no battle reference at all.
173	ITEM_PLUME_FOSSIL	Plume Fossil	HOLD_EFFECT_NONE	0		PROVEN_NO_ORDINARY_DAMAGE_EFFECT	no_battle_effect	Every pinned reference is outside battle damage (prize money, friendship, EXP, wild encounters, fleeing, evolution/breeding) or the hold effect has no battle reference at all.
174	ITEM_JAW_FOSSIL	Jaw Fossil	HOLD_EFFECT_NONE	0		PROVEN_NO_ORDINARY_DAMAGE_EFFECT	no_battle_effect	Every pinned reference is outside battle damage (prize money, friendship, EXP, wild encounters, fleeing, evolution/breeding) or the hold effect has no battle reference at all.
175	ITEM_SAIL_FOSSIL	Sail Fossil	HOLD_EFFECT_NONE	0		PROVEN_NO_ORDINARY_DAMAGE_EFFECT	no_battle_effect	Every pinned reference is outside battle damage (prize money, friendship, EXP, wild encounters, fleeing, evolution/breeding) or the hold effect has no battle reference at all.
176	ITEM_FOSSILIZED_BIRD	Fossilized Bird	HOLD_EFFECT_NONE	0		PROVEN_NO_ORDINARY_DAMAGE_EFFECT	no_battle_effect	Every pinned reference is outside battle damage (prize money, friendship, EXP, wild encounters, fleeing, evolution/breeding) or the hold effect has no battle reference at all.
177	ITEM_FOSSILIZED_FISH	Fossilized Fish	HOLD_EFFECT_NONE	0		PROVEN_NO_ORDINARY_DAMAGE_EFFECT	no_battle_effect	Every pinned reference is outside battle damage (prize money, friendship, EXP, wild encounters, fleeing, evolution/breeding) or the hold effect has no battle reference at all.
178	ITEM_FOSSILIZED_DRAKE	Fossilized Drake	HOLD_EFFECT_NONE	0		PROVEN_NO_ORDINARY_DAMAGE_EFFECT	no_battle_effect	Every pinned reference is outside battle damage (prize money, friendship, EXP, wild encounters, fleeing, evolution/breeding) or the hold effect has no battle reference at all.
179	ITEM_FOSSILIZED_DINO	Fossilized Dino	HOLD_EFFECT_NONE	0		PROVEN_NO_ORDINARY_DAMAGE_EFFECT	no_battle_effect	Every pinned reference is outside battle damage (prize money, friendship, EXP, wild encounters, fleeing, evolution/breeding) or the hold effect has no battle reference at all.
180	ITEM_GROWTH_MULCH	Growth Mulch	HOLD_EFFECT_NONE	0		PROVEN_NO_ORDINARY_DAMAGE_EFFECT	no_battle_effect	Every pinned reference is outside battle damage (prize money, friendship, EXP, wild encounters, fleeing, evolution/breeding) or the hold effect has no battle reference at all.
181	ITEM_DAMP_MULCH	Damp Mulch	HOLD_EFFECT_NONE	0		PROVEN_NO_ORDINARY_DAMAGE_EFFECT	no_battle_effect	Every pinned reference is outside battle damage (prize money, friendship, EXP, wild encounters, fleeing, evolution/breeding) or the hold effect has no battle reference at all.
182	ITEM_STABLE_MULCH	Stable Mulch	HOLD_EFFECT_NONE	0		PROVEN_NO_ORDINARY_DAMAGE_EFFECT	no_battle_effect	Every pinned reference is outside battle damage (prize money, friendship, EXP, wild encounters, fleeing, evolution/breeding) or the hold effect has no battle reference at all.
183	ITEM_GOOEY_MULCH	Gooey Mulch	HOLD_EFFECT_NONE	0		PROVEN_NO_ORDINARY_DAMAGE_EFFECT	no_battle_effect	Every pinned reference is outside battle damage (prize money, friendship, EXP, wild encounters, fleeing, evolution/breeding) or the hold effect has no battle reference at all.
184	ITEM_RICH_MULCH	Rich Mulch	HOLD_EFFECT_NONE	0		PROVEN_NO_ORDINARY_DAMAGE_EFFECT	no_battle_effect	Every pinned reference is outside battle damage (prize money, friendship, EXP, wild encounters, fleeing, evolution/breeding) or the hold effect has no battle reference at all.
185	ITEM_SURPRISE_MULCH	Surprise Mulch	HOLD_EFFECT_NONE	0		PROVEN_NO_ORDINARY_DAMAGE_EFFECT	no_battle_effect	Every pinned reference is outside battle damage (prize money, friendship, EXP, wild encounters, fleeing, evolution/breeding) or the hold effect has no battle reference at all.
186	ITEM_BOOST_MULCH	Boost Mulch	HOLD_EFFECT_NONE	0		PROVEN_NO_ORDINARY_DAMAGE_EFFECT	no_battle_effect	Every pinned reference is outside battle damage (prize money, friendship, EXP, wild encounters, fleeing, evolution/breeding) or the hold effect has no battle reference at all.
187	ITEM_AMAZE_MULCH	Amaze Mulch	HOLD_EFFECT_NONE	0		PROVEN_NO_ORDINARY_DAMAGE_EFFECT	no_battle_effect	Every pinned reference is outside battle damage (prize money, friendship, EXP, wild encounters, fleeing, evolution/breeding) or the hold effect has no battle reference at all.
188	ITEM_RED_APRICORN	Red Apricorn	HOLD_EFFECT_NONE	0		PROVEN_NO_ORDINARY_DAMAGE_EFFECT	no_battle_effect	Every pinned reference is outside battle damage (prize money, friendship, EXP, wild encounters, fleeing, evolution/breeding) or the hold effect has no battle reference at all.
189	ITEM_BLUE_APRICORN	Blue Apricorn	HOLD_EFFECT_NONE	0		PROVEN_NO_ORDINARY_DAMAGE_EFFECT	no_battle_effect	Every pinned reference is outside battle damage (prize money, friendship, EXP, wild encounters, fleeing, evolution/breeding) or the hold effect has no battle reference at all.
190	ITEM_YELLOW_APRICORN	Yellow Apricorn	HOLD_EFFECT_NONE	0		PROVEN_NO_ORDINARY_DAMAGE_EFFECT	no_battle_effect	Every pinned reference is outside battle damage (prize money, friendship, EXP, wild encounters, fleeing, evolution/breeding) or the hold effect has no battle reference at all.
191	ITEM_GREEN_APRICORN	Green Apricorn	HOLD_EFFECT_NONE	0		PROVEN_NO_ORDINARY_DAMAGE_EFFECT	no_battle_effect	Every pinned reference is outside battle damage (prize money, friendship, EXP, wild encounters, fleeing, evolution/breeding) or the hold effect has no battle reference at all.
192	ITEM_PINK_APRICORN	Pink Apricorn	HOLD_EFFECT_NONE	0		PROVEN_NO_ORDINARY_DAMAGE_EFFECT	no_battle_effect	Every pinned reference is outside battle damage (prize money, friendship, EXP, wild encounters, fleeing, evolution/breeding) or the hold effect has no battle reference at all.
193	ITEM_WHITE_APRICORN	White Apricorn	HOLD_EFFECT_NONE	0		PROVEN_NO_ORDINARY_DAMAGE_EFFECT	no_battle_effect	Every pinned reference is outside battle damage (prize money, friendship, EXP, wild encounters, fleeing, evolution/breeding) or the hold effect has no battle reference at all.
194	ITEM_BLACK_APRICORN	Black Apricorn	HOLD_EFFECT_NONE	0		PROVEN_NO_ORDINARY_DAMAGE_EFFECT	no_battle_effect	Every pinned reference is outside battle damage (prize money, friendship, EXP, wild encounters, fleeing, evolution/breeding) or the hold effect has no battle reference at all.
195	ITEM_WISHING_PIECE	Wishing Piece	HOLD_EFFECT_NONE	0		PROVEN_NO_ORDINARY_DAMAGE_EFFECT	no_battle_effect	Every pinned reference is outside battle damage (prize money, friendship, EXP, wild encounters, fleeing, evolution/breeding) or the hold effect has no battle reference at all.
196	ITEM_GALARICA_TWIG	Galarica Twig	HOLD_EFFECT_NONE	0		PROVEN_NO_ORDINARY_DAMAGE_EFFECT	no_battle_effect	Every pinned reference is outside battle damage (prize money, friendship, EXP, wild encounters, fleeing, evolution/breeding) or the hold effect has no battle reference at all.
197	ITEM_ARMORITE_ORE	Armorite Ore	HOLD_EFFECT_NONE	0		PROVEN_NO_ORDINARY_DAMAGE_EFFECT	no_battle_effect	Every pinned reference is outside battle damage (prize money, friendship, EXP, wild encounters, fleeing, evolution/breeding) or the hold effect has no battle reference at all.
198	ITEM_DYNITE_ORE	Dynite Ore	HOLD_EFFECT_NONE	0		PROVEN_NO_ORDINARY_DAMAGE_EFFECT	no_battle_effect	Every pinned reference is outside battle damage (prize money, friendship, EXP, wild encounters, fleeing, evolution/breeding) or the hold effect has no battle reference at all.
199	ITEM_ORANGE_MAIL	Orange Mail	HOLD_EFFECT_NONE	0		PROVEN_NO_ORDINARY_DAMAGE_EFFECT	no_battle_effect	Every pinned reference is outside battle damage (prize money, friendship, EXP, wild encounters, fleeing, evolution/breeding) or the hold effect has no battle reference at all.
200	ITEM_HARBOR_MAIL	Harbor Mail	HOLD_EFFECT_NONE	0		PROVEN_NO_ORDINARY_DAMAGE_EFFECT	no_battle_effect	Every pinned reference is outside battle damage (prize money, friendship, EXP, wild encounters, fleeing, evolution/breeding) or the hold effect has no battle reference at all.
201	ITEM_GLITTER_MAIL	Glitter Mail	HOLD_EFFECT_NONE	0		PROVEN_NO_ORDINARY_DAMAGE_EFFECT	no_battle_effect	Every pinned reference is outside battle damage (prize money, friendship, EXP, wild encounters, fleeing, evolution/breeding) or the hold effect has no battle reference at all.
202	ITEM_MECH_MAIL	Mech Mail	HOLD_EFFECT_NONE	0		PROVEN_NO_ORDINARY_DAMAGE_EFFECT	no_battle_effect	Every pinned reference is outside battle damage (prize money, friendship, EXP, wild encounters, fleeing, evolution/breeding) or the hold effect has no battle reference at all.
203	ITEM_WOOD_MAIL	Wood Mail	HOLD_EFFECT_NONE	0		PROVEN_NO_ORDINARY_DAMAGE_EFFECT	no_battle_effect	Every pinned reference is outside battle damage (prize money, friendship, EXP, wild encounters, fleeing, evolution/breeding) or the hold effect has no battle reference at all.
204	ITEM_WAVE_MAIL	Wave Mail	HOLD_EFFECT_NONE	0		PROVEN_NO_ORDINARY_DAMAGE_EFFECT	no_battle_effect	Every pinned reference is outside battle damage (prize money, friendship, EXP, wild encounters, fleeing, evolution/breeding) or the hold effect has no battle reference at all.
205	ITEM_BEAD_MAIL	Bead Mail	HOLD_EFFECT_NONE	0		PROVEN_NO_ORDINARY_DAMAGE_EFFECT	no_battle_effect	Every pinned reference is outside battle damage (prize money, friendship, EXP, wild encounters, fleeing, evolution/breeding) or the hold effect has no battle reference at all.
206	ITEM_SHADOW_MAIL	Shadow Mail	HOLD_EFFECT_NONE	0		PROVEN_NO_ORDINARY_DAMAGE_EFFECT	no_battle_effect	Every pinned reference is outside battle damage (prize money, friendship, EXP, wild encounters, fleeing, evolution/breeding) or the hold effect has no battle reference at all.
207	ITEM_TROPIC_MAIL	Tropic Mail	HOLD_EFFECT_NONE	0		PROVEN_NO_ORDINARY_DAMAGE_EFFECT	no_battle_effect	Every pinned reference is outside battle damage (prize money, friendship, EXP, wild encounters, fleeing, evolution/breeding) or the hold effect has no battle reference at all.
208	ITEM_DREAM_MAIL	Dream Mail	HOLD_EFFECT_NONE	0		PROVEN_NO_ORDINARY_DAMAGE_EFFECT	no_battle_effect	Every pinned reference is outside battle damage (prize money, friendship, EXP, wild encounters, fleeing, evolution/breeding) or the hold effect has no battle reference at all.
209	ITEM_FAB_MAIL	Fab Mail	HOLD_EFFECT_NONE	0		PROVEN_NO_ORDINARY_DAMAGE_EFFECT	no_battle_effect	Every pinned reference is outside battle damage (prize money, friendship, EXP, wild encounters, fleeing, evolution/breeding) or the hold effect has no battle reference at all.
210	ITEM_RETRO_MAIL	Retro Mail	HOLD_EFFECT_NONE	0		PROVEN_NO_ORDINARY_DAMAGE_EFFECT	no_battle_effect	Every pinned reference is outside battle damage (prize money, friendship, EXP, wild encounters, fleeing, evolution/breeding) or the hold effect has no battle reference at all.
211	ITEM_FIRE_STONE	Fire Stone	HOLD_EFFECT_NONE	0		PROVEN_NO_ORDINARY_DAMAGE_EFFECT	no_battle_effect	Every pinned reference is outside battle damage (prize money, friendship, EXP, wild encounters, fleeing, evolution/breeding) or the hold effect has no battle reference at all.
212	ITEM_WATER_STONE	Water Stone	HOLD_EFFECT_NONE	0		PROVEN_NO_ORDINARY_DAMAGE_EFFECT	no_battle_effect	Every pinned reference is outside battle damage (prize money, friendship, EXP, wild encounters, fleeing, evolution/breeding) or the hold effect has no battle reference at all.
213	ITEM_THUNDER_STONE	Thunder Stone	HOLD_EFFECT_NONE	0		PROVEN_NO_ORDINARY_DAMAGE_EFFECT	no_battle_effect	Every pinned reference is outside battle damage (prize money, friendship, EXP, wild encounters, fleeing, evolution/breeding) or the hold effect has no battle reference at all.
214	ITEM_LEAF_STONE	Leaf Stone	HOLD_EFFECT_NONE	0		PROVEN_NO_ORDINARY_DAMAGE_EFFECT	no_battle_effect	Every pinned reference is outside battle damage (prize money, friendship, EXP, wild encounters, fleeing, evolution/breeding) or the hold effect has no battle reference at all.
215	ITEM_ICE_STONE	Ice Stone	HOLD_EFFECT_NONE	0		PROVEN_NO_ORDINARY_DAMAGE_EFFECT	no_battle_effect	Every pinned reference is outside battle damage (prize money, friendship, EXP, wild encounters, fleeing, evolution/breeding) or the hold effect has no battle reference at all.
216	ITEM_SUN_STONE	Sun Stone	HOLD_EFFECT_NONE	0		PROVEN_NO_ORDINARY_DAMAGE_EFFECT	no_battle_effect	Every pinned reference is outside battle damage (prize money, friendship, EXP, wild encounters, fleeing, evolution/breeding) or the hold effect has no battle reference at all.
217	ITEM_MOON_STONE	Moon Stone	HOLD_EFFECT_NONE	0		PROVEN_NO_ORDINARY_DAMAGE_EFFECT	no_battle_effect	Every pinned reference is outside battle damage (prize money, friendship, EXP, wild encounters, fleeing, evolution/breeding) or the hold effect has no battle reference at all.
218	ITEM_SHINY_STONE	Shiny Stone	HOLD_EFFECT_NONE	0		PROVEN_NO_ORDINARY_DAMAGE_EFFECT	no_battle_effect	Every pinned reference is outside battle damage (prize money, friendship, EXP, wild encounters, fleeing, evolution/breeding) or the hold effect has no battle reference at all.
219	ITEM_DUSK_STONE	Dusk Stone	HOLD_EFFECT_NONE	0		PROVEN_NO_ORDINARY_DAMAGE_EFFECT	no_battle_effect	Every pinned reference is outside battle damage (prize money, friendship, EXP, wild encounters, fleeing, evolution/breeding) or the hold effect has no battle reference at all.
220	ITEM_DAWN_STONE	Dawn Stone	HOLD_EFFECT_NONE	0		PROVEN_NO_ORDINARY_DAMAGE_EFFECT	no_battle_effect	Every pinned reference is outside battle damage (prize money, friendship, EXP, wild encounters, fleeing, evolution/breeding) or the hold effect has no battle reference at all.
221	ITEM_SWEET_APPLE	Sweet Apple	HOLD_EFFECT_NONE	0		PROVEN_NO_ORDINARY_DAMAGE_EFFECT	no_battle_effect	Every pinned reference is outside battle damage (prize money, friendship, EXP, wild encounters, fleeing, evolution/breeding) or the hold effect has no battle reference at all.
222	ITEM_TART_APPLE	Tart Apple	HOLD_EFFECT_NONE	0		PROVEN_NO_ORDINARY_DAMAGE_EFFECT	no_battle_effect	Every pinned reference is outside battle damage (prize money, friendship, EXP, wild encounters, fleeing, evolution/breeding) or the hold effect has no battle reference at all.
223	ITEM_CRACKED_POT	Cracked Pot	HOLD_EFFECT_NONE	0		PROVEN_NO_ORDINARY_DAMAGE_EFFECT	no_battle_effect	Every pinned reference is outside battle damage (prize money, friendship, EXP, wild encounters, fleeing, evolution/breeding) or the hold effect has no battle reference at all.
224	ITEM_CHIPPED_POT	Chipped Pot	HOLD_EFFECT_NONE	0		PROVEN_NO_ORDINARY_DAMAGE_EFFECT	no_battle_effect	Every pinned reference is outside battle damage (prize money, friendship, EXP, wild encounters, fleeing, evolution/breeding) or the hold effect has no battle reference at all.
225	ITEM_GALARICA_CUFF	Galarica Cuff	HOLD_EFFECT_NONE	0		PROVEN_NO_ORDINARY_DAMAGE_EFFECT	no_battle_effect	Every pinned reference is outside battle damage (prize money, friendship, EXP, wild encounters, fleeing, evolution/breeding) or the hold effect has no battle reference at all.
226	ITEM_GALARICA_WREATH	Galarica Wreath	HOLD_EFFECT_NONE	0		PROVEN_NO_ORDINARY_DAMAGE_EFFECT	no_battle_effect	Every pinned reference is outside battle damage (prize money, friendship, EXP, wild encounters, fleeing, evolution/breeding) or the hold effect has no battle reference at all.
227	ITEM_DRAGON_SCALE	Dragon Scale	HOLD_EFFECT_NONE	10		PROVEN_NO_ORDINARY_DAMAGE_EFFECT	no_battle_effect	Every pinned reference is outside battle damage (prize money, friendship, EXP, wild encounters, fleeing, evolution/breeding) or the hold effect has no battle reference at all.
228	ITEM_UPGRADE	Upgrade	HOLD_EFFECT_NONE	0		PROVEN_NO_ORDINARY_DAMAGE_EFFECT	no_battle_effect	Every pinned reference is outside battle damage (prize money, friendship, EXP, wild encounters, fleeing, evolution/breeding) or the hold effect has no battle reference at all.
229	ITEM_PROTECTOR	Protector	HOLD_EFFECT_NONE	0		PROVEN_NO_ORDINARY_DAMAGE_EFFECT	no_battle_effect	Every pinned reference is outside battle damage (prize money, friendship, EXP, wild encounters, fleeing, evolution/breeding) or the hold effect has no battle reference at all.
230	ITEM_ELECTIRIZER	Electirizer	HOLD_EFFECT_NONE	0		PROVEN_NO_ORDINARY_DAMAGE_EFFECT	no_battle_effect	Every pinned reference is outside battle damage (prize money, friendship, EXP, wild encounters, fleeing, evolution/breeding) or the hold effect has no battle reference at all.
231	ITEM_MAGMARIZER	Magmarizer	HOLD_EFFECT_NONE	0		PROVEN_NO_ORDINARY_DAMAGE_EFFECT	no_battle_effect	Every pinned reference is outside battle damage (prize money, friendship, EXP, wild encounters, fleeing, evolution/breeding) or the hold effect has no battle reference at all.
232	ITEM_DUBIOUS_DISC	Dubious Disc	HOLD_EFFECT_NONE	0		PROVEN_NO_ORDINARY_DAMAGE_EFFECT	no_battle_effect	Every pinned reference is outside battle damage (prize money, friendship, EXP, wild encounters, fleeing, evolution/breeding) or the hold effect has no battle reference at all.
233	ITEM_REAPER_CLOTH	Reaper Cloth	HOLD_EFFECT_NONE	0		PROVEN_NO_ORDINARY_DAMAGE_EFFECT	no_battle_effect	Every pinned reference is outside battle damage (prize money, friendship, EXP, wild encounters, fleeing, evolution/breeding) or the hold effect has no battle reference at all.
234	ITEM_PRISM_SCALE	Prism Scale	HOLD_EFFECT_NONE	0		PROVEN_NO_ORDINARY_DAMAGE_EFFECT	no_battle_effect	Every pinned reference is outside battle damage (prize money, friendship, EXP, wild encounters, fleeing, evolution/breeding) or the hold effect has no battle reference at all.
235	ITEM_WHIPPED_DREAM	Whipped Dream	HOLD_EFFECT_NONE	0		PROVEN_NO_ORDINARY_DAMAGE_EFFECT	no_battle_effect	Every pinned reference is outside battle damage (prize money, friendship, EXP, wild encounters, fleeing, evolution/breeding) or the hold effect has no battle reference at all.
236	ITEM_SACHET	Sachet	HOLD_EFFECT_NONE	0		PROVEN_NO_ORDINARY_DAMAGE_EFFECT	no_battle_effect	Every pinned reference is outside battle damage (prize money, friendship, EXP, wild encounters, fleeing, evolution/breeding) or the hold effect has no battle reference at all.
237	ITEM_OVAL_STONE	Oval Stone	HOLD_EFFECT_NONE	0		PROVEN_NO_ORDINARY_DAMAGE_EFFECT	no_battle_effect	Every pinned reference is outside battle damage (prize money, friendship, EXP, wild encounters, fleeing, evolution/breeding) or the hold effect has no battle reference at all.
238	ITEM_STRAWBERRY_SWEET	Strawberry Sweet	HOLD_EFFECT_NONE	0		PROVEN_NO_ORDINARY_DAMAGE_EFFECT	no_battle_effect	Every pinned reference is outside battle damage (prize money, friendship, EXP, wild encounters, fleeing, evolution/breeding) or the hold effect has no battle reference at all.
239	ITEM_LOVE_SWEET	Love Sweet	HOLD_EFFECT_NONE	0		PROVEN_NO_ORDINARY_DAMAGE_EFFECT	no_battle_effect	Every pinned reference is outside battle damage (prize money, friendship, EXP, wild encounters, fleeing, evolution/breeding) or the hold effect has no battle reference at all.
240	ITEM_BERRY_SWEET	Berry Sweet	HOLD_EFFECT_NONE	0		PROVEN_NO_ORDINARY_DAMAGE_EFFECT	no_battle_effect	Every pinned reference is outside battle damage (prize money, friendship, EXP, wild encounters, fleeing, evolution/breeding) or the hold effect has no battle reference at all.
241	ITEM_CLOVER_SWEET	Clover Sweet	HOLD_EFFECT_NONE	0		PROVEN_NO_ORDINARY_DAMAGE_EFFECT	no_battle_effect	Every pinned reference is outside battle damage (prize money, friendship, EXP, wild encounters, fleeing, evolution/breeding) or the hold effect has no battle reference at all.
242	ITEM_FLOWER_SWEET	Flower Sweet	HOLD_EFFECT_NONE	0		PROVEN_NO_ORDINARY_DAMAGE_EFFECT	no_battle_effect	Every pinned reference is outside battle damage (prize money, friendship, EXP, wild encounters, fleeing, evolution/breeding) or the hold effect has no battle reference at all.
243	ITEM_STAR_SWEET	Star Sweet	HOLD_EFFECT_NONE	0		PROVEN_NO_ORDINARY_DAMAGE_EFFECT	no_battle_effect	Every pinned reference is outside battle damage (prize money, friendship, EXP, wild encounters, fleeing, evolution/breeding) or the hold effect has no battle reference at all.
244	ITEM_RIBBON_SWEET	Ribbon Sweet	HOLD_EFFECT_NONE	0		PROVEN_NO_ORDINARY_DAMAGE_EFFECT	no_battle_effect	Every pinned reference is outside battle damage (prize money, friendship, EXP, wild encounters, fleeing, evolution/breeding) or the hold effect has no battle reference at all.
245	ITEM_EVERSTONE	Everstone	HOLD_EFFECT_PREVENT_EVOLVE	0		PROVEN_NO_ORDINARY_DAMAGE_EFFECT	no_battle_effect	Every pinned reference is outside battle damage (prize money, friendship, EXP, wild encounters, fleeing, evolution/breeding) or the hold effect has no battle reference at all.
246	ITEM_RED_NECTAR	Red Nectar	HOLD_EFFECT_NONE	0		PROVEN_NO_ORDINARY_DAMAGE_EFFECT	no_battle_effect	Every pinned reference is outside battle damage (prize money, friendship, EXP, wild encounters, fleeing, evolution/breeding) or the hold effect has no battle reference at all.
247	ITEM_YELLOW_NECTAR	Yellow Nectar	HOLD_EFFECT_NONE	0		PROVEN_NO_ORDINARY_DAMAGE_EFFECT	no_battle_effect	Every pinned reference is outside battle damage (prize money, friendship, EXP, wild encounters, fleeing, evolution/breeding) or the hold effect has no battle reference at all.
248	ITEM_PINK_NECTAR	Pink Nectar	HOLD_EFFECT_NONE	0		PROVEN_NO_ORDINARY_DAMAGE_EFFECT	no_battle_effect	Every pinned reference is outside battle damage (prize money, friendship, EXP, wild encounters, fleeing, evolution/breeding) or the hold effect has no battle reference at all.
249	ITEM_PURPLE_NECTAR	Purple Nectar	HOLD_EFFECT_NONE	0		PROVEN_NO_ORDINARY_DAMAGE_EFFECT	no_battle_effect	Every pinned reference is outside battle damage (prize money, friendship, EXP, wild encounters, fleeing, evolution/breeding) or the hold effect has no battle reference at all.
250	ITEM_FLAME_PLATE	Flame Plate	HOLD_EFFECT_PLATE	20	FIRE	UNSUPPORTED_DAMAGE_RELEVANT	attacker_offense	Read only as the ATTACKER's hold effect in the pinned damage path (base-power, Attack-stat, final-modifier or critical-stage modifier) with H&S fixed-point placement the calculator does not reproduce. Defender-side and non-matching-context rules are request-local.
251	ITEM_SPLASH_PLATE	Splash Plate	HOLD_EFFECT_PLATE	20	WATER	UNSUPPORTED_DAMAGE_RELEVANT	attacker_offense	Read only as the ATTACKER's hold effect in the pinned damage path (base-power, Attack-stat, final-modifier or critical-stage modifier) with H&S fixed-point placement the calculator does not reproduce. Defender-side and non-matching-context rules are request-local.
252	ITEM_ZAP_PLATE	Zap Plate	HOLD_EFFECT_PLATE	20	ELECTRIC	UNSUPPORTED_DAMAGE_RELEVANT	attacker_offense	Read only as the ATTACKER's hold effect in the pinned damage path (base-power, Attack-stat, final-modifier or critical-stage modifier) with H&S fixed-point placement the calculator does not reproduce. Defender-side and non-matching-context rules are request-local.
253	ITEM_MEADOW_PLATE	Meadow Plate	HOLD_EFFECT_PLATE	20	GRASS	UNSUPPORTED_DAMAGE_RELEVANT	attacker_offense	Read only as the ATTACKER's hold effect in the pinned damage path (base-power, Attack-stat, final-modifier or critical-stage modifier) with H&S fixed-point placement the calculator does not reproduce. Defender-side and non-matching-context rules are request-local.
254	ITEM_ICICLE_PLATE	Icicle Plate	HOLD_EFFECT_PLATE	20	ICE	UNSUPPORTED_DAMAGE_RELEVANT	attacker_offense	Read only as the ATTACKER's hold effect in the pinned damage path (base-power, Attack-stat, final-modifier or critical-stage modifier) with H&S fixed-point placement the calculator does not reproduce. Defender-side and non-matching-context rules are request-local.
255	ITEM_FIST_PLATE	Fist Plate	HOLD_EFFECT_PLATE	20	FIGHTING	UNSUPPORTED_DAMAGE_RELEVANT	attacker_offense	Read only as the ATTACKER's hold effect in the pinned damage path (base-power, Attack-stat, final-modifier or critical-stage modifier) with H&S fixed-point placement the calculator does not reproduce. Defender-side and non-matching-context rules are request-local.
256	ITEM_TOXIC_PLATE	Toxic Plate	HOLD_EFFECT_PLATE	20	POISON	UNSUPPORTED_DAMAGE_RELEVANT	attacker_offense	Read only as the ATTACKER's hold effect in the pinned damage path (base-power, Attack-stat, final-modifier or critical-stage modifier) with H&S fixed-point placement the calculator does not reproduce. Defender-side and non-matching-context rules are request-local.
257	ITEM_EARTH_PLATE	Earth Plate	HOLD_EFFECT_PLATE	20	GROUND	UNSUPPORTED_DAMAGE_RELEVANT	attacker_offense	Read only as the ATTACKER's hold effect in the pinned damage path (base-power, Attack-stat, final-modifier or critical-stage modifier) with H&S fixed-point placement the calculator does not reproduce. Defender-side and non-matching-context rules are request-local.
258	ITEM_SKY_PLATE	Sky Plate	HOLD_EFFECT_PLATE	20	FLYING	UNSUPPORTED_DAMAGE_RELEVANT	attacker_offense	Read only as the ATTACKER's hold effect in the pinned damage path (base-power, Attack-stat, final-modifier or critical-stage modifier) with H&S fixed-point placement the calculator does not reproduce. Defender-side and non-matching-context rules are request-local.
259	ITEM_MIND_PLATE	Mind Plate	HOLD_EFFECT_PLATE	20	PSYCHIC	UNSUPPORTED_DAMAGE_RELEVANT	attacker_offense	Read only as the ATTACKER's hold effect in the pinned damage path (base-power, Attack-stat, final-modifier or critical-stage modifier) with H&S fixed-point placement the calculator does not reproduce. Defender-side and non-matching-context rules are request-local.
260	ITEM_INSECT_PLATE	Insect Plate	HOLD_EFFECT_PLATE	20	BUG	UNSUPPORTED_DAMAGE_RELEVANT	attacker_offense	Read only as the ATTACKER's hold effect in the pinned damage path (base-power, Attack-stat, final-modifier or critical-stage modifier) with H&S fixed-point placement the calculator does not reproduce. Defender-side and non-matching-context rules are request-local.
261	ITEM_STONE_PLATE	Stone Plate	HOLD_EFFECT_PLATE	20	ROCK	UNSUPPORTED_DAMAGE_RELEVANT	attacker_offense	Read only as the ATTACKER's hold effect in the pinned damage path (base-power, Attack-stat, final-modifier or critical-stage modifier) with H&S fixed-point placement the calculator does not reproduce. Defender-side and non-matching-context rules are request-local.
262	ITEM_SPOOKY_PLATE	Spooky Plate	HOLD_EFFECT_PLATE	20	GHOST	UNSUPPORTED_DAMAGE_RELEVANT	attacker_offense	Read only as the ATTACKER's hold effect in the pinned damage path (base-power, Attack-stat, final-modifier or critical-stage modifier) with H&S fixed-point placement the calculator does not reproduce. Defender-side and non-matching-context rules are request-local.
263	ITEM_DRACO_PLATE	Draco Plate	HOLD_EFFECT_PLATE	20	DRAGON	UNSUPPORTED_DAMAGE_RELEVANT	attacker_offense	Read only as the ATTACKER's hold effect in the pinned damage path (base-power, Attack-stat, final-modifier or critical-stage modifier) with H&S fixed-point placement the calculator does not reproduce. Defender-side and non-matching-context rules are request-local.
264	ITEM_DREAD_PLATE	Dread Plate	HOLD_EFFECT_PLATE	20	DARK	UNSUPPORTED_DAMAGE_RELEVANT	attacker_offense	Read only as the ATTACKER's hold effect in the pinned damage path (base-power, Attack-stat, final-modifier or critical-stage modifier) with H&S fixed-point placement the calculator does not reproduce. Defender-side and non-matching-context rules are request-local.
265	ITEM_IRON_PLATE	Iron Plate	HOLD_EFFECT_PLATE	20	STEEL	UNSUPPORTED_DAMAGE_RELEVANT	attacker_offense	Read only as the ATTACKER's hold effect in the pinned damage path (base-power, Attack-stat, final-modifier or critical-stage modifier) with H&S fixed-point placement the calculator does not reproduce. Defender-side and non-matching-context rules are request-local.
266	ITEM_PIXIE_PLATE	Pixie Plate	HOLD_EFFECT_PLATE	20	FAIRY	UNSUPPORTED_DAMAGE_RELEVANT	attacker_offense	Read only as the ATTACKER's hold effect in the pinned damage path (base-power, Attack-stat, final-modifier or critical-stage modifier) with H&S fixed-point placement the calculator does not reproduce. Defender-side and non-matching-context rules are request-local.
267	ITEM_DOUSE_DRIVE	Douse Drive	HOLD_EFFECT_DRIVE	0		PROVEN_NO_ORDINARY_DAMAGE_EFFECT	form_hold_no_read	No hold-effect reference in pinned battle code. The only uses are form-hold tables (Silvally/Genesect forms, whose species, types and stats the calculator reads live from gBattleMons) and EFFECT_CHANGE_TYPE_ON_ITEM (Multi-Attack/Techno Blast), which the independent HnsMoveItemInteractionRegistry refuses.
268	ITEM_SHOCK_DRIVE	Shock Drive	HOLD_EFFECT_DRIVE	0		PROVEN_NO_ORDINARY_DAMAGE_EFFECT	form_hold_no_read	No hold-effect reference in pinned battle code. The only uses are form-hold tables (Silvally/Genesect forms, whose species, types and stats the calculator reads live from gBattleMons) and EFFECT_CHANGE_TYPE_ON_ITEM (Multi-Attack/Techno Blast), which the independent HnsMoveItemInteractionRegistry refuses.
269	ITEM_BURN_DRIVE	Burn Drive	HOLD_EFFECT_DRIVE	0		PROVEN_NO_ORDINARY_DAMAGE_EFFECT	form_hold_no_read	No hold-effect reference in pinned battle code. The only uses are form-hold tables (Silvally/Genesect forms, whose species, types and stats the calculator reads live from gBattleMons) and EFFECT_CHANGE_TYPE_ON_ITEM (Multi-Attack/Techno Blast), which the independent HnsMoveItemInteractionRegistry refuses.
270	ITEM_CHILL_DRIVE	Chill Drive	HOLD_EFFECT_DRIVE	0		PROVEN_NO_ORDINARY_DAMAGE_EFFECT	form_hold_no_read	No hold-effect reference in pinned battle code. The only uses are form-hold tables (Silvally/Genesect forms, whose species, types and stats the calculator reads live from gBattleMons) and EFFECT_CHANGE_TYPE_ON_ITEM (Multi-Attack/Techno Blast), which the independent HnsMoveItemInteractionRegistry refuses.
271	ITEM_FIRE_MEMORY	Fire Memory	HOLD_EFFECT_MEMORY	0		PROVEN_NO_ORDINARY_DAMAGE_EFFECT	form_hold_no_read	No hold-effect reference in pinned battle code. The only uses are form-hold tables (Silvally/Genesect forms, whose species, types and stats the calculator reads live from gBattleMons) and EFFECT_CHANGE_TYPE_ON_ITEM (Multi-Attack/Techno Blast), which the independent HnsMoveItemInteractionRegistry refuses.
272	ITEM_WATER_MEMORY	Water Memory	HOLD_EFFECT_MEMORY	0		PROVEN_NO_ORDINARY_DAMAGE_EFFECT	form_hold_no_read	No hold-effect reference in pinned battle code. The only uses are form-hold tables (Silvally/Genesect forms, whose species, types and stats the calculator reads live from gBattleMons) and EFFECT_CHANGE_TYPE_ON_ITEM (Multi-Attack/Techno Blast), which the independent HnsMoveItemInteractionRegistry refuses.
273	ITEM_ELECTRIC_MEMORY	Electric Memory	HOLD_EFFECT_MEMORY	0		PROVEN_NO_ORDINARY_DAMAGE_EFFECT	form_hold_no_read	No hold-effect reference in pinned battle code. The only uses are form-hold tables (Silvally/Genesect forms, whose species, types and stats the calculator reads live from gBattleMons) and EFFECT_CHANGE_TYPE_ON_ITEM (Multi-Attack/Techno Blast), which the independent HnsMoveItemInteractionRegistry refuses.
274	ITEM_GRASS_MEMORY	Grass Memory	HOLD_EFFECT_MEMORY	0		PROVEN_NO_ORDINARY_DAMAGE_EFFECT	form_hold_no_read	No hold-effect reference in pinned battle code. The only uses are form-hold tables (Silvally/Genesect forms, whose species, types and stats the calculator reads live from gBattleMons) and EFFECT_CHANGE_TYPE_ON_ITEM (Multi-Attack/Techno Blast), which the independent HnsMoveItemInteractionRegistry refuses.
275	ITEM_ICE_MEMORY	Ice Memory	HOLD_EFFECT_MEMORY	0		PROVEN_NO_ORDINARY_DAMAGE_EFFECT	form_hold_no_read	No hold-effect reference in pinned battle code. The only uses are form-hold tables (Silvally/Genesect forms, whose species, types and stats the calculator reads live from gBattleMons) and EFFECT_CHANGE_TYPE_ON_ITEM (Multi-Attack/Techno Blast), which the independent HnsMoveItemInteractionRegistry refuses.
276	ITEM_FIGHTING_MEMORY	Fighting Memory	HOLD_EFFECT_MEMORY	0		PROVEN_NO_ORDINARY_DAMAGE_EFFECT	form_hold_no_read	No hold-effect reference in pinned battle code. The only uses are form-hold tables (Silvally/Genesect forms, whose species, types and stats the calculator reads live from gBattleMons) and EFFECT_CHANGE_TYPE_ON_ITEM (Multi-Attack/Techno Blast), which the independent HnsMoveItemInteractionRegistry refuses.
277	ITEM_POISON_MEMORY	Poison Memory	HOLD_EFFECT_MEMORY	0		PROVEN_NO_ORDINARY_DAMAGE_EFFECT	form_hold_no_read	No hold-effect reference in pinned battle code. The only uses are form-hold tables (Silvally/Genesect forms, whose species, types and stats the calculator reads live from gBattleMons) and EFFECT_CHANGE_TYPE_ON_ITEM (Multi-Attack/Techno Blast), which the independent HnsMoveItemInteractionRegistry refuses.
278	ITEM_GROUND_MEMORY	Ground Memory	HOLD_EFFECT_MEMORY	0		PROVEN_NO_ORDINARY_DAMAGE_EFFECT	form_hold_no_read	No hold-effect reference in pinned battle code. The only uses are form-hold tables (Silvally/Genesect forms, whose species, types and stats the calculator reads live from gBattleMons) and EFFECT_CHANGE_TYPE_ON_ITEM (Multi-Attack/Techno Blast), which the independent HnsMoveItemInteractionRegistry refuses.
279	ITEM_FLYING_MEMORY	Flying Memory	HOLD_EFFECT_MEMORY	0		PROVEN_NO_ORDINARY_DAMAGE_EFFECT	form_hold_no_read	No hold-effect reference in pinned battle code. The only uses are form-hold tables (Silvally/Genesect forms, whose species, types and stats the calculator reads live from gBattleMons) and EFFECT_CHANGE_TYPE_ON_ITEM (Multi-Attack/Techno Blast), which the independent HnsMoveItemInteractionRegistry refuses.
280	ITEM_PSYCHIC_MEMORY	Psychic Memory	HOLD_EFFECT_MEMORY	0		PROVEN_NO_ORDINARY_DAMAGE_EFFECT	form_hold_no_read	No hold-effect reference in pinned battle code. The only uses are form-hold tables (Silvally/Genesect forms, whose species, types and stats the calculator reads live from gBattleMons) and EFFECT_CHANGE_TYPE_ON_ITEM (Multi-Attack/Techno Blast), which the independent HnsMoveItemInteractionRegistry refuses.
281	ITEM_BUG_MEMORY	Bug Memory	HOLD_EFFECT_MEMORY	0		PROVEN_NO_ORDINARY_DAMAGE_EFFECT	form_hold_no_read	No hold-effect reference in pinned battle code. The only uses are form-hold tables (Silvally/Genesect forms, whose species, types and stats the calculator reads live from gBattleMons) and EFFECT_CHANGE_TYPE_ON_ITEM (Multi-Attack/Techno Blast), which the independent HnsMoveItemInteractionRegistry refuses.
282	ITEM_ROCK_MEMORY	Rock Memory	HOLD_EFFECT_MEMORY	0		PROVEN_NO_ORDINARY_DAMAGE_EFFECT	form_hold_no_read	No hold-effect reference in pinned battle code. The only uses are form-hold tables (Silvally/Genesect forms, whose species, types and stats the calculator reads live from gBattleMons) and EFFECT_CHANGE_TYPE_ON_ITEM (Multi-Attack/Techno Blast), which the independent HnsMoveItemInteractionRegistry refuses.
283	ITEM_GHOST_MEMORY	Ghost Memory	HOLD_EFFECT_MEMORY	0		PROVEN_NO_ORDINARY_DAMAGE_EFFECT	form_hold_no_read	No hold-effect reference in pinned battle code. The only uses are form-hold tables (Silvally/Genesect forms, whose species, types and stats the calculator reads live from gBattleMons) and EFFECT_CHANGE_TYPE_ON_ITEM (Multi-Attack/Techno Blast), which the independent HnsMoveItemInteractionRegistry refuses.
284	ITEM_DRAGON_MEMORY	Dragon Memory	HOLD_EFFECT_MEMORY	0		PROVEN_NO_ORDINARY_DAMAGE_EFFECT	form_hold_no_read	No hold-effect reference in pinned battle code. The only uses are form-hold tables (Silvally/Genesect forms, whose species, types and stats the calculator reads live from gBattleMons) and EFFECT_CHANGE_TYPE_ON_ITEM (Multi-Attack/Techno Blast), which the independent HnsMoveItemInteractionRegistry refuses.
285	ITEM_DARK_MEMORY	Dark Memory	HOLD_EFFECT_MEMORY	0		PROVEN_NO_ORDINARY_DAMAGE_EFFECT	form_hold_no_read	No hold-effect reference in pinned battle code. The only uses are form-hold tables (Silvally/Genesect forms, whose species, types and stats the calculator reads live from gBattleMons) and EFFECT_CHANGE_TYPE_ON_ITEM (Multi-Attack/Techno Blast), which the independent HnsMoveItemInteractionRegistry refuses.
286	ITEM_STEEL_MEMORY	Steel Memory	HOLD_EFFECT_MEMORY	0		PROVEN_NO_ORDINARY_DAMAGE_EFFECT	form_hold_no_read	No hold-effect reference in pinned battle code. The only uses are form-hold tables (Silvally/Genesect forms, whose species, types and stats the calculator reads live from gBattleMons) and EFFECT_CHANGE_TYPE_ON_ITEM (Multi-Attack/Techno Blast), which the independent HnsMoveItemInteractionRegistry refuses.
287	ITEM_FAIRY_MEMORY	Fairy Memory	HOLD_EFFECT_MEMORY	0		PROVEN_NO_ORDINARY_DAMAGE_EFFECT	form_hold_no_read	No hold-effect reference in pinned battle code. The only uses are form-hold tables (Silvally/Genesect forms, whose species, types and stats the calculator reads live from gBattleMons) and EFFECT_CHANGE_TYPE_ON_ITEM (Multi-Attack/Techno Blast), which the independent HnsMoveItemInteractionRegistry refuses.
288	ITEM_RUSTED_SWORD	Rusted Sword	HOLD_EFFECT_NONE	0		UNSUPPORTED_DAMAGE_RELEVANT	identity_exception	Held-item identity with battle semantics its HOLD_EFFECT_NONE does not describe: FORM_CHANGE_BEGIN_BATTLE (src/data/pokemon/form_change_tables.h) turns a holding Zacian into its Crowned form and replaces Iron Head with Behemoth Blade at battle start (src/battle_main.c:689-690); DoesSpeciesUseHoldItemToChangeForm also treats it as form-bound (src/battle_util.c:8619). Never inherits HOLD_EFFECT_NONE neutrality; no request-local clearance.
289	ITEM_RUSTED_SHIELD	Rusted Shield	HOLD_EFFECT_NONE	0		UNSUPPORTED_DAMAGE_RELEVANT	identity_exception	Held-item identity with battle semantics its HOLD_EFFECT_NONE does not describe: FORM_CHANGE_BEGIN_BATTLE (src/data/pokemon/form_change_tables.h) turns a holding Zamazenta into its Crowned form and replaces Iron Head with Behemoth Bash at battle start (src/battle_main.c:689-690); DoesSpeciesUseHoldItemToChangeForm also treats it as form-bound (src/battle_util.c:8619). Never inherits HOLD_EFFECT_NONE neutrality; no request-local clearance.
290	ITEM_RED_ORB	Red Orb	HOLD_EFFECT_PRIMAL_ORB	0		UNCLASSIFIED	unaudited_form	Primal Reversion items: no hold-effect read in battle code; the reversion itself is driven by form-change tables and its timing was not audited for this slice. Fails closed.
291	ITEM_BLUE_ORB	Blue Orb	HOLD_EFFECT_PRIMAL_ORB	0		UNCLASSIFIED	unaudited_form	Primal Reversion items: no hold-effect read in battle code; the reversion itself is driven by form-change tables and its timing was not audited for this slice. Fails closed.
292	ITEM_VENUSAURITE	Venusaurite	HOLD_EFFECT_MEGA_STONE	0		UNSUPPORTED_DAMAGE_RELEVANT	form_or_ability_changer	Can change the holder's form or effective ability before the hit (Mega Evolution at turn start, Ultra Burst/Z-Moves, Ability Shield vs ability suppression). No request-local clearance is implemented; always blocks.
293	ITEM_CHARIZARDITE_X	Charizardite X	HOLD_EFFECT_MEGA_STONE	0		UNSUPPORTED_DAMAGE_RELEVANT	form_or_ability_changer	Can change the holder's form or effective ability before the hit (Mega Evolution at turn start, Ultra Burst/Z-Moves, Ability Shield vs ability suppression). No request-local clearance is implemented; always blocks.
294	ITEM_CHARIZARDITE_Y	Charizardite Y	HOLD_EFFECT_MEGA_STONE	0		UNSUPPORTED_DAMAGE_RELEVANT	form_or_ability_changer	Can change the holder's form or effective ability before the hit (Mega Evolution at turn start, Ultra Burst/Z-Moves, Ability Shield vs ability suppression). No request-local clearance is implemented; always blocks.
295	ITEM_BLASTOISINITE	Blastoisinite	HOLD_EFFECT_MEGA_STONE	0		UNSUPPORTED_DAMAGE_RELEVANT	form_or_ability_changer	Can change the holder's form or effective ability before the hit (Mega Evolution at turn start, Ultra Burst/Z-Moves, Ability Shield vs ability suppression). No request-local clearance is implemented; always blocks.
296	ITEM_BEEDRILLITE	Beedrillite	HOLD_EFFECT_MEGA_STONE	0		UNSUPPORTED_DAMAGE_RELEVANT	form_or_ability_changer	Can change the holder's form or effective ability before the hit (Mega Evolution at turn start, Ultra Burst/Z-Moves, Ability Shield vs ability suppression). No request-local clearance is implemented; always blocks.
297	ITEM_PIDGEOTITE	Pidgeotite	HOLD_EFFECT_MEGA_STONE	0		UNSUPPORTED_DAMAGE_RELEVANT	form_or_ability_changer	Can change the holder's form or effective ability before the hit (Mega Evolution at turn start, Ultra Burst/Z-Moves, Ability Shield vs ability suppression). No request-local clearance is implemented; always blocks.
298	ITEM_ALAKAZITE	Alakazite	HOLD_EFFECT_MEGA_STONE	0		UNSUPPORTED_DAMAGE_RELEVANT	form_or_ability_changer	Can change the holder's form or effective ability before the hit (Mega Evolution at turn start, Ultra Burst/Z-Moves, Ability Shield vs ability suppression). No request-local clearance is implemented; always blocks.
299	ITEM_SLOWBRONITE	Slowbronite	HOLD_EFFECT_MEGA_STONE	0		UNSUPPORTED_DAMAGE_RELEVANT	form_or_ability_changer	Can change the holder's form or effective ability before the hit (Mega Evolution at turn start, Ultra Burst/Z-Moves, Ability Shield vs ability suppression). No request-local clearance is implemented; always blocks.
300	ITEM_GENGARITE	Gengarite	HOLD_EFFECT_MEGA_STONE	0		UNSUPPORTED_DAMAGE_RELEVANT	form_or_ability_changer	Can change the holder's form or effective ability before the hit (Mega Evolution at turn start, Ultra Burst/Z-Moves, Ability Shield vs ability suppression). No request-local clearance is implemented; always blocks.
301	ITEM_KANGASKHANITE	Kangaskhanite	HOLD_EFFECT_MEGA_STONE	0		UNSUPPORTED_DAMAGE_RELEVANT	form_or_ability_changer	Can change the holder's form or effective ability before the hit (Mega Evolution at turn start, Ultra Burst/Z-Moves, Ability Shield vs ability suppression). No request-local clearance is implemented; always blocks.
302	ITEM_PINSIRITE	Pinsirite	HOLD_EFFECT_MEGA_STONE	0		UNSUPPORTED_DAMAGE_RELEVANT	form_or_ability_changer	Can change the holder's form or effective ability before the hit (Mega Evolution at turn start, Ultra Burst/Z-Moves, Ability Shield vs ability suppression). No request-local clearance is implemented; always blocks.
303	ITEM_GYARADOSITE	Gyaradosite	HOLD_EFFECT_MEGA_STONE	0		UNSUPPORTED_DAMAGE_RELEVANT	form_or_ability_changer	Can change the holder's form or effective ability before the hit (Mega Evolution at turn start, Ultra Burst/Z-Moves, Ability Shield vs ability suppression). No request-local clearance is implemented; always blocks.
304	ITEM_AERODACTYLITE	Aerodactylite	HOLD_EFFECT_MEGA_STONE	0		UNSUPPORTED_DAMAGE_RELEVANT	form_or_ability_changer	Can change the holder's form or effective ability before the hit (Mega Evolution at turn start, Ultra Burst/Z-Moves, Ability Shield vs ability suppression). No request-local clearance is implemented; always blocks.
305	ITEM_MEWTWONITE_X	Mewtwonite X	HOLD_EFFECT_MEGA_STONE	0		UNSUPPORTED_DAMAGE_RELEVANT	form_or_ability_changer	Can change the holder's form or effective ability before the hit (Mega Evolution at turn start, Ultra Burst/Z-Moves, Ability Shield vs ability suppression). No request-local clearance is implemented; always blocks.
306	ITEM_MEWTWONITE_Y	Mewtwonite Y	HOLD_EFFECT_MEGA_STONE	0		UNSUPPORTED_DAMAGE_RELEVANT	form_or_ability_changer	Can change the holder's form or effective ability before the hit (Mega Evolution at turn start, Ultra Burst/Z-Moves, Ability Shield vs ability suppression). No request-local clearance is implemented; always blocks.
307	ITEM_AMPHAROSITE	Ampharosite	HOLD_EFFECT_MEGA_STONE	0		UNSUPPORTED_DAMAGE_RELEVANT	form_or_ability_changer	Can change the holder's form or effective ability before the hit (Mega Evolution at turn start, Ultra Burst/Z-Moves, Ability Shield vs ability suppression). No request-local clearance is implemented; always blocks.
308	ITEM_STEELIXITE	Steelixite	HOLD_EFFECT_MEGA_STONE	0		UNSUPPORTED_DAMAGE_RELEVANT	form_or_ability_changer	Can change the holder's form or effective ability before the hit (Mega Evolution at turn start, Ultra Burst/Z-Moves, Ability Shield vs ability suppression). No request-local clearance is implemented; always blocks.
309	ITEM_SCIZORITE	Scizorite	HOLD_EFFECT_MEGA_STONE	0		UNSUPPORTED_DAMAGE_RELEVANT	form_or_ability_changer	Can change the holder's form or effective ability before the hit (Mega Evolution at turn start, Ultra Burst/Z-Moves, Ability Shield vs ability suppression). No request-local clearance is implemented; always blocks.
310	ITEM_HERACRONITE	Heracronite	HOLD_EFFECT_MEGA_STONE	0		UNSUPPORTED_DAMAGE_RELEVANT	form_or_ability_changer	Can change the holder's form or effective ability before the hit (Mega Evolution at turn start, Ultra Burst/Z-Moves, Ability Shield vs ability suppression). No request-local clearance is implemented; always blocks.
311	ITEM_HOUNDOOMINITE	Houndoominite	HOLD_EFFECT_MEGA_STONE	0		UNSUPPORTED_DAMAGE_RELEVANT	form_or_ability_changer	Can change the holder's form or effective ability before the hit (Mega Evolution at turn start, Ultra Burst/Z-Moves, Ability Shield vs ability suppression). No request-local clearance is implemented; always blocks.
312	ITEM_TYRANITARITE	Tyranitarite	HOLD_EFFECT_MEGA_STONE	0		UNSUPPORTED_DAMAGE_RELEVANT	form_or_ability_changer	Can change the holder's form or effective ability before the hit (Mega Evolution at turn start, Ultra Burst/Z-Moves, Ability Shield vs ability suppression). No request-local clearance is implemented; always blocks.
313	ITEM_SCEPTILITE	Sceptilite	HOLD_EFFECT_MEGA_STONE	0		UNSUPPORTED_DAMAGE_RELEVANT	form_or_ability_changer	Can change the holder's form or effective ability before the hit (Mega Evolution at turn start, Ultra Burst/Z-Moves, Ability Shield vs ability suppression). No request-local clearance is implemented; always blocks.
314	ITEM_BLAZIKENITE	Blazikenite	HOLD_EFFECT_MEGA_STONE	0		UNSUPPORTED_DAMAGE_RELEVANT	form_or_ability_changer	Can change the holder's form or effective ability before the hit (Mega Evolution at turn start, Ultra Burst/Z-Moves, Ability Shield vs ability suppression). No request-local clearance is implemented; always blocks.
315	ITEM_SWAMPERTITE	Swampertite	HOLD_EFFECT_MEGA_STONE	0		UNSUPPORTED_DAMAGE_RELEVANT	form_or_ability_changer	Can change the holder's form or effective ability before the hit (Mega Evolution at turn start, Ultra Burst/Z-Moves, Ability Shield vs ability suppression). No request-local clearance is implemented; always blocks.
316	ITEM_GARDEVOIRITE	Gardevoirite	HOLD_EFFECT_MEGA_STONE	0		UNSUPPORTED_DAMAGE_RELEVANT	form_or_ability_changer	Can change the holder's form or effective ability before the hit (Mega Evolution at turn start, Ultra Burst/Z-Moves, Ability Shield vs ability suppression). No request-local clearance is implemented; always blocks.
317	ITEM_SABLENITE	Sablenite	HOLD_EFFECT_MEGA_STONE	0		UNSUPPORTED_DAMAGE_RELEVANT	form_or_ability_changer	Can change the holder's form or effective ability before the hit (Mega Evolution at turn start, Ultra Burst/Z-Moves, Ability Shield vs ability suppression). No request-local clearance is implemented; always blocks.
318	ITEM_MAWILITE	Mawilite	HOLD_EFFECT_MEGA_STONE	0		UNSUPPORTED_DAMAGE_RELEVANT	form_or_ability_changer	Can change the holder's form or effective ability before the hit (Mega Evolution at turn start, Ultra Burst/Z-Moves, Ability Shield vs ability suppression). No request-local clearance is implemented; always blocks.
319	ITEM_AGGRONITE	Aggronite	HOLD_EFFECT_MEGA_STONE	0		UNSUPPORTED_DAMAGE_RELEVANT	form_or_ability_changer	Can change the holder's form or effective ability before the hit (Mega Evolution at turn start, Ultra Burst/Z-Moves, Ability Shield vs ability suppression). No request-local clearance is implemented; always blocks.
320	ITEM_MEDICHAMITE	Medichamite	HOLD_EFFECT_MEGA_STONE	0		UNSUPPORTED_DAMAGE_RELEVANT	form_or_ability_changer	Can change the holder's form or effective ability before the hit (Mega Evolution at turn start, Ultra Burst/Z-Moves, Ability Shield vs ability suppression). No request-local clearance is implemented; always blocks.
321	ITEM_MANECTITE	Manectite	HOLD_EFFECT_MEGA_STONE	0		UNSUPPORTED_DAMAGE_RELEVANT	form_or_ability_changer	Can change the holder's form or effective ability before the hit (Mega Evolution at turn start, Ultra Burst/Z-Moves, Ability Shield vs ability suppression). No request-local clearance is implemented; always blocks.
322	ITEM_SHARPEDONITE	Sharpedonite	HOLD_EFFECT_MEGA_STONE	0		UNSUPPORTED_DAMAGE_RELEVANT	form_or_ability_changer	Can change the holder's form or effective ability before the hit (Mega Evolution at turn start, Ultra Burst/Z-Moves, Ability Shield vs ability suppression). No request-local clearance is implemented; always blocks.
323	ITEM_CAMERUPTITE	Cameruptite	HOLD_EFFECT_MEGA_STONE	0		UNSUPPORTED_DAMAGE_RELEVANT	form_or_ability_changer	Can change the holder's form or effective ability before the hit (Mega Evolution at turn start, Ultra Burst/Z-Moves, Ability Shield vs ability suppression). No request-local clearance is implemented; always blocks.
324	ITEM_ALTARIANITE	Altarianite	HOLD_EFFECT_MEGA_STONE	0		UNSUPPORTED_DAMAGE_RELEVANT	form_or_ability_changer	Can change the holder's form or effective ability before the hit (Mega Evolution at turn start, Ultra Burst/Z-Moves, Ability Shield vs ability suppression). No request-local clearance is implemented; always blocks.
325	ITEM_BANETTITE	Banettite	HOLD_EFFECT_MEGA_STONE	0		UNSUPPORTED_DAMAGE_RELEVANT	form_or_ability_changer	Can change the holder's form or effective ability before the hit (Mega Evolution at turn start, Ultra Burst/Z-Moves, Ability Shield vs ability suppression). No request-local clearance is implemented; always blocks.
326	ITEM_ABSOLITE	Absolite	HOLD_EFFECT_MEGA_STONE	0		UNSUPPORTED_DAMAGE_RELEVANT	form_or_ability_changer	Can change the holder's form or effective ability before the hit (Mega Evolution at turn start, Ultra Burst/Z-Moves, Ability Shield vs ability suppression). No request-local clearance is implemented; always blocks.
327	ITEM_GLALITITE	Glalitite	HOLD_EFFECT_MEGA_STONE	0		UNSUPPORTED_DAMAGE_RELEVANT	form_or_ability_changer	Can change the holder's form or effective ability before the hit (Mega Evolution at turn start, Ultra Burst/Z-Moves, Ability Shield vs ability suppression). No request-local clearance is implemented; always blocks.
328	ITEM_SALAMENCITE	Salamencite	HOLD_EFFECT_MEGA_STONE	0		UNSUPPORTED_DAMAGE_RELEVANT	form_or_ability_changer	Can change the holder's form or effective ability before the hit (Mega Evolution at turn start, Ultra Burst/Z-Moves, Ability Shield vs ability suppression). No request-local clearance is implemented; always blocks.
329	ITEM_METAGROSSITE	Metagrossite	HOLD_EFFECT_MEGA_STONE	0		UNSUPPORTED_DAMAGE_RELEVANT	form_or_ability_changer	Can change the holder's form or effective ability before the hit (Mega Evolution at turn start, Ultra Burst/Z-Moves, Ability Shield vs ability suppression). No request-local clearance is implemented; always blocks.
330	ITEM_LATIASITE	Latiasite	HOLD_EFFECT_MEGA_STONE	0		UNSUPPORTED_DAMAGE_RELEVANT	form_or_ability_changer	Can change the holder's form or effective ability before the hit (Mega Evolution at turn start, Ultra Burst/Z-Moves, Ability Shield vs ability suppression). No request-local clearance is implemented; always blocks.
331	ITEM_LATIOSITE	Latiosite	HOLD_EFFECT_MEGA_STONE	0		UNSUPPORTED_DAMAGE_RELEVANT	form_or_ability_changer	Can change the holder's form or effective ability before the hit (Mega Evolution at turn start, Ultra Burst/Z-Moves, Ability Shield vs ability suppression). No request-local clearance is implemented; always blocks.
332	ITEM_LOPUNNITE	Lopunnite	HOLD_EFFECT_MEGA_STONE	0		UNSUPPORTED_DAMAGE_RELEVANT	form_or_ability_changer	Can change the holder's form or effective ability before the hit (Mega Evolution at turn start, Ultra Burst/Z-Moves, Ability Shield vs ability suppression). No request-local clearance is implemented; always blocks.
333	ITEM_GARCHOMPITE	Garchompite	HOLD_EFFECT_MEGA_STONE	0		UNSUPPORTED_DAMAGE_RELEVANT	form_or_ability_changer	Can change the holder's form or effective ability before the hit (Mega Evolution at turn start, Ultra Burst/Z-Moves, Ability Shield vs ability suppression). No request-local clearance is implemented; always blocks.
334	ITEM_LUCARIONITE	Lucarionite	HOLD_EFFECT_MEGA_STONE	0		UNSUPPORTED_DAMAGE_RELEVANT	form_or_ability_changer	Can change the holder's form or effective ability before the hit (Mega Evolution at turn start, Ultra Burst/Z-Moves, Ability Shield vs ability suppression). No request-local clearance is implemented; always blocks.
335	ITEM_ABOMASITE	Abomasite	HOLD_EFFECT_MEGA_STONE	0		UNSUPPORTED_DAMAGE_RELEVANT	form_or_ability_changer	Can change the holder's form or effective ability before the hit (Mega Evolution at turn start, Ultra Burst/Z-Moves, Ability Shield vs ability suppression). No request-local clearance is implemented; always blocks.
336	ITEM_GALLADITE	Galladite	HOLD_EFFECT_MEGA_STONE	0		UNSUPPORTED_DAMAGE_RELEVANT	form_or_ability_changer	Can change the holder's form or effective ability before the hit (Mega Evolution at turn start, Ultra Burst/Z-Moves, Ability Shield vs ability suppression). No request-local clearance is implemented; always blocks.
337	ITEM_AUDINITE	Audinite	HOLD_EFFECT_MEGA_STONE	0		UNSUPPORTED_DAMAGE_RELEVANT	form_or_ability_changer	Can change the holder's form or effective ability before the hit (Mega Evolution at turn start, Ultra Burst/Z-Moves, Ability Shield vs ability suppression). No request-local clearance is implemented; always blocks.
338	ITEM_DIANCITE	Diancite	HOLD_EFFECT_MEGA_STONE	0		UNSUPPORTED_DAMAGE_RELEVANT	form_or_ability_changer	Can change the holder's form or effective ability before the hit (Mega Evolution at turn start, Ultra Burst/Z-Moves, Ability Shield vs ability suppression). No request-local clearance is implemented; always blocks.
339	ITEM_NORMAL_GEM	Normal Gem	HOLD_EFFECT_GEMS	30	NORMAL	UNSUPPORTED_DAMAGE_RELEVANT	attacker_offense	Read only as the ATTACKER's hold effect in the pinned damage path (base-power, Attack-stat, final-modifier or critical-stage modifier) with H&S fixed-point placement the calculator does not reproduce. Defender-side and non-matching-context rules are request-local.
340	ITEM_FIRE_GEM	Fire Gem	HOLD_EFFECT_GEMS	30	FIRE	UNSUPPORTED_DAMAGE_RELEVANT	attacker_offense	Read only as the ATTACKER's hold effect in the pinned damage path (base-power, Attack-stat, final-modifier or critical-stage modifier) with H&S fixed-point placement the calculator does not reproduce. Defender-side and non-matching-context rules are request-local.
341	ITEM_WATER_GEM	Water Gem	HOLD_EFFECT_GEMS	30	WATER	UNSUPPORTED_DAMAGE_RELEVANT	attacker_offense	Read only as the ATTACKER's hold effect in the pinned damage path (base-power, Attack-stat, final-modifier or critical-stage modifier) with H&S fixed-point placement the calculator does not reproduce. Defender-side and non-matching-context rules are request-local.
342	ITEM_ELECTRIC_GEM	Electric Gem	HOLD_EFFECT_GEMS	30	ELECTRIC	UNSUPPORTED_DAMAGE_RELEVANT	attacker_offense	Read only as the ATTACKER's hold effect in the pinned damage path (base-power, Attack-stat, final-modifier or critical-stage modifier) with H&S fixed-point placement the calculator does not reproduce. Defender-side and non-matching-context rules are request-local.
343	ITEM_GRASS_GEM	Grass Gem	HOLD_EFFECT_GEMS	30	GRASS	UNSUPPORTED_DAMAGE_RELEVANT	attacker_offense	Read only as the ATTACKER's hold effect in the pinned damage path (base-power, Attack-stat, final-modifier or critical-stage modifier) with H&S fixed-point placement the calculator does not reproduce. Defender-side and non-matching-context rules are request-local.
344	ITEM_ICE_GEM	Ice Gem	HOLD_EFFECT_GEMS	30	ICE	UNSUPPORTED_DAMAGE_RELEVANT	attacker_offense	Read only as the ATTACKER's hold effect in the pinned damage path (base-power, Attack-stat, final-modifier or critical-stage modifier) with H&S fixed-point placement the calculator does not reproduce. Defender-side and non-matching-context rules are request-local.
345	ITEM_FIGHTING_GEM	Fighting Gem	HOLD_EFFECT_GEMS	30	FIGHTING	UNSUPPORTED_DAMAGE_RELEVANT	attacker_offense	Read only as the ATTACKER's hold effect in the pinned damage path (base-power, Attack-stat, final-modifier or critical-stage modifier) with H&S fixed-point placement the calculator does not reproduce. Defender-side and non-matching-context rules are request-local.
346	ITEM_POISON_GEM	Poison Gem	HOLD_EFFECT_GEMS	30	POISON	UNSUPPORTED_DAMAGE_RELEVANT	attacker_offense	Read only as the ATTACKER's hold effect in the pinned damage path (base-power, Attack-stat, final-modifier or critical-stage modifier) with H&S fixed-point placement the calculator does not reproduce. Defender-side and non-matching-context rules are request-local.
347	ITEM_GROUND_GEM	Ground Gem	HOLD_EFFECT_GEMS	30	GROUND	UNSUPPORTED_DAMAGE_RELEVANT	attacker_offense	Read only as the ATTACKER's hold effect in the pinned damage path (base-power, Attack-stat, final-modifier or critical-stage modifier) with H&S fixed-point placement the calculator does not reproduce. Defender-side and non-matching-context rules are request-local.
348	ITEM_FLYING_GEM	Flying Gem	HOLD_EFFECT_GEMS	30	FLYING	UNSUPPORTED_DAMAGE_RELEVANT	attacker_offense	Read only as the ATTACKER's hold effect in the pinned damage path (base-power, Attack-stat, final-modifier or critical-stage modifier) with H&S fixed-point placement the calculator does not reproduce. Defender-side and non-matching-context rules are request-local.
349	ITEM_PSYCHIC_GEM	Psychic Gem	HOLD_EFFECT_GEMS	30	PSYCHIC	UNSUPPORTED_DAMAGE_RELEVANT	attacker_offense	Read only as the ATTACKER's hold effect in the pinned damage path (base-power, Attack-stat, final-modifier or critical-stage modifier) with H&S fixed-point placement the calculator does not reproduce. Defender-side and non-matching-context rules are request-local.
350	ITEM_BUG_GEM	Bug Gem	HOLD_EFFECT_GEMS	30	BUG	UNSUPPORTED_DAMAGE_RELEVANT	attacker_offense	Read only as the ATTACKER's hold effect in the pinned damage path (base-power, Attack-stat, final-modifier or critical-stage modifier) with H&S fixed-point placement the calculator does not reproduce. Defender-side and non-matching-context rules are request-local.
351	ITEM_ROCK_GEM	Rock Gem	HOLD_EFFECT_GEMS	30	ROCK	UNSUPPORTED_DAMAGE_RELEVANT	attacker_offense	Read only as the ATTACKER's hold effect in the pinned damage path (base-power, Attack-stat, final-modifier or critical-stage modifier) with H&S fixed-point placement the calculator does not reproduce. Defender-side and non-matching-context rules are request-local.
352	ITEM_GHOST_GEM	Ghost Gem	HOLD_EFFECT_GEMS	30	GHOST	UNSUPPORTED_DAMAGE_RELEVANT	attacker_offense	Read only as the ATTACKER's hold effect in the pinned damage path (base-power, Attack-stat, final-modifier or critical-stage modifier) with H&S fixed-point placement the calculator does not reproduce. Defender-side and non-matching-context rules are request-local.
353	ITEM_DRAGON_GEM	Dragon Gem	HOLD_EFFECT_GEMS	30	DRAGON	UNSUPPORTED_DAMAGE_RELEVANT	attacker_offense	Read only as the ATTACKER's hold effect in the pinned damage path (base-power, Attack-stat, final-modifier or critical-stage modifier) with H&S fixed-point placement the calculator does not reproduce. Defender-side and non-matching-context rules are request-local.
354	ITEM_DARK_GEM	Dark Gem	HOLD_EFFECT_GEMS	30	DARK	UNSUPPORTED_DAMAGE_RELEVANT	attacker_offense	Read only as the ATTACKER's hold effect in the pinned damage path (base-power, Attack-stat, final-modifier or critical-stage modifier) with H&S fixed-point placement the calculator does not reproduce. Defender-side and non-matching-context rules are request-local.
355	ITEM_STEEL_GEM	Steel Gem	HOLD_EFFECT_GEMS	30	STEEL	UNSUPPORTED_DAMAGE_RELEVANT	attacker_offense	Read only as the ATTACKER's hold effect in the pinned damage path (base-power, Attack-stat, final-modifier or critical-stage modifier) with H&S fixed-point placement the calculator does not reproduce. Defender-side and non-matching-context rules are request-local.
356	ITEM_FAIRY_GEM	Fairy Gem	HOLD_EFFECT_GEMS	30	FAIRY	UNSUPPORTED_DAMAGE_RELEVANT	attacker_offense	Read only as the ATTACKER's hold effect in the pinned damage path (base-power, Attack-stat, final-modifier or critical-stage modifier) with H&S fixed-point placement the calculator does not reproduce. Defender-side and non-matching-context rules are request-local.
357	ITEM_NORMALIUM_Z	Normalium Z	HOLD_EFFECT_Z_CRYSTAL	0		UNSUPPORTED_DAMAGE_RELEVANT	form_or_ability_changer	Can change the holder's form or effective ability before the hit (Mega Evolution at turn start, Ultra Burst/Z-Moves, Ability Shield vs ability suppression). No request-local clearance is implemented; always blocks.
358	ITEM_FIRIUM_Z	Firium Z	HOLD_EFFECT_Z_CRYSTAL	0		UNSUPPORTED_DAMAGE_RELEVANT	form_or_ability_changer	Can change the holder's form or effective ability before the hit (Mega Evolution at turn start, Ultra Burst/Z-Moves, Ability Shield vs ability suppression). No request-local clearance is implemented; always blocks.
359	ITEM_WATERIUM_Z	Waterium Z	HOLD_EFFECT_Z_CRYSTAL	0		UNSUPPORTED_DAMAGE_RELEVANT	form_or_ability_changer	Can change the holder's form or effective ability before the hit (Mega Evolution at turn start, Ultra Burst/Z-Moves, Ability Shield vs ability suppression). No request-local clearance is implemented; always blocks.
360	ITEM_ELECTRIUM_Z	Electrium Z	HOLD_EFFECT_Z_CRYSTAL	0		UNSUPPORTED_DAMAGE_RELEVANT	form_or_ability_changer	Can change the holder's form or effective ability before the hit (Mega Evolution at turn start, Ultra Burst/Z-Moves, Ability Shield vs ability suppression). No request-local clearance is implemented; always blocks.
361	ITEM_GRASSIUM_Z	Grassium Z	HOLD_EFFECT_Z_CRYSTAL	0		UNSUPPORTED_DAMAGE_RELEVANT	form_or_ability_changer	Can change the holder's form or effective ability before the hit (Mega Evolution at turn start, Ultra Burst/Z-Moves, Ability Shield vs ability suppression). No request-local clearance is implemented; always blocks.
362	ITEM_ICIUM_Z	Icium Z	HOLD_EFFECT_Z_CRYSTAL	0		UNSUPPORTED_DAMAGE_RELEVANT	form_or_ability_changer	Can change the holder's form or effective ability before the hit (Mega Evolution at turn start, Ultra Burst/Z-Moves, Ability Shield vs ability suppression). No request-local clearance is implemented; always blocks.
363	ITEM_FIGHTINIUM_Z	Fightinium Z	HOLD_EFFECT_Z_CRYSTAL	0		UNSUPPORTED_DAMAGE_RELEVANT	form_or_ability_changer	Can change the holder's form or effective ability before the hit (Mega Evolution at turn start, Ultra Burst/Z-Moves, Ability Shield vs ability suppression). No request-local clearance is implemented; always blocks.
364	ITEM_POISONIUM_Z	Poisonium Z	HOLD_EFFECT_Z_CRYSTAL	0		UNSUPPORTED_DAMAGE_RELEVANT	form_or_ability_changer	Can change the holder's form or effective ability before the hit (Mega Evolution at turn start, Ultra Burst/Z-Moves, Ability Shield vs ability suppression). No request-local clearance is implemented; always blocks.
365	ITEM_GROUNDIUM_Z	Groundium Z	HOLD_EFFECT_Z_CRYSTAL	0		UNSUPPORTED_DAMAGE_RELEVANT	form_or_ability_changer	Can change the holder's form or effective ability before the hit (Mega Evolution at turn start, Ultra Burst/Z-Moves, Ability Shield vs ability suppression). No request-local clearance is implemented; always blocks.
366	ITEM_FLYINIUM_Z	Flyinium Z	HOLD_EFFECT_Z_CRYSTAL	0		UNSUPPORTED_DAMAGE_RELEVANT	form_or_ability_changer	Can change the holder's form or effective ability before the hit (Mega Evolution at turn start, Ultra Burst/Z-Moves, Ability Shield vs ability suppression). No request-local clearance is implemented; always blocks.
367	ITEM_PSYCHIUM_Z	Psychium Z	HOLD_EFFECT_Z_CRYSTAL	0		UNSUPPORTED_DAMAGE_RELEVANT	form_or_ability_changer	Can change the holder's form or effective ability before the hit (Mega Evolution at turn start, Ultra Burst/Z-Moves, Ability Shield vs ability suppression). No request-local clearance is implemented; always blocks.
368	ITEM_BUGINIUM_Z	Buginium Z	HOLD_EFFECT_Z_CRYSTAL	0		UNSUPPORTED_DAMAGE_RELEVANT	form_or_ability_changer	Can change the holder's form or effective ability before the hit (Mega Evolution at turn start, Ultra Burst/Z-Moves, Ability Shield vs ability suppression). No request-local clearance is implemented; always blocks.
369	ITEM_ROCKIUM_Z	Rockium Z	HOLD_EFFECT_Z_CRYSTAL	0		UNSUPPORTED_DAMAGE_RELEVANT	form_or_ability_changer	Can change the holder's form or effective ability before the hit (Mega Evolution at turn start, Ultra Burst/Z-Moves, Ability Shield vs ability suppression). No request-local clearance is implemented; always blocks.
370	ITEM_GHOSTIUM_Z	Ghostium Z	HOLD_EFFECT_Z_CRYSTAL	0		UNSUPPORTED_DAMAGE_RELEVANT	form_or_ability_changer	Can change the holder's form or effective ability before the hit (Mega Evolution at turn start, Ultra Burst/Z-Moves, Ability Shield vs ability suppression). No request-local clearance is implemented; always blocks.
371	ITEM_DRAGONIUM_Z	Dragonium Z	HOLD_EFFECT_Z_CRYSTAL	0		UNSUPPORTED_DAMAGE_RELEVANT	form_or_ability_changer	Can change the holder's form or effective ability before the hit (Mega Evolution at turn start, Ultra Burst/Z-Moves, Ability Shield vs ability suppression). No request-local clearance is implemented; always blocks.
372	ITEM_DARKINIUM_Z	Darkinium Z	HOLD_EFFECT_Z_CRYSTAL	0		UNSUPPORTED_DAMAGE_RELEVANT	form_or_ability_changer	Can change the holder's form or effective ability before the hit (Mega Evolution at turn start, Ultra Burst/Z-Moves, Ability Shield vs ability suppression). No request-local clearance is implemented; always blocks.
373	ITEM_STEELIUM_Z	Steelium Z	HOLD_EFFECT_Z_CRYSTAL	0		UNSUPPORTED_DAMAGE_RELEVANT	form_or_ability_changer	Can change the holder's form or effective ability before the hit (Mega Evolution at turn start, Ultra Burst/Z-Moves, Ability Shield vs ability suppression). No request-local clearance is implemented; always blocks.
374	ITEM_FAIRIUM_Z	Fairium Z	HOLD_EFFECT_Z_CRYSTAL	0		UNSUPPORTED_DAMAGE_RELEVANT	form_or_ability_changer	Can change the holder's form or effective ability before the hit (Mega Evolution at turn start, Ultra Burst/Z-Moves, Ability Shield vs ability suppression). No request-local clearance is implemented; always blocks.
375	ITEM_PIKANIUM_Z	Pikanium Z	HOLD_EFFECT_Z_CRYSTAL	0		UNSUPPORTED_DAMAGE_RELEVANT	form_or_ability_changer	Can change the holder's form or effective ability before the hit (Mega Evolution at turn start, Ultra Burst/Z-Moves, Ability Shield vs ability suppression). No request-local clearance is implemented; always blocks.
376	ITEM_EEVIUM_Z	Eevium Z	HOLD_EFFECT_Z_CRYSTAL	0		UNSUPPORTED_DAMAGE_RELEVANT	form_or_ability_changer	Can change the holder's form or effective ability before the hit (Mega Evolution at turn start, Ultra Burst/Z-Moves, Ability Shield vs ability suppression). No request-local clearance is implemented; always blocks.
377	ITEM_SNORLIUM_Z	Snorlium Z	HOLD_EFFECT_Z_CRYSTAL	0		UNSUPPORTED_DAMAGE_RELEVANT	form_or_ability_changer	Can change the holder's form or effective ability before the hit (Mega Evolution at turn start, Ultra Burst/Z-Moves, Ability Shield vs ability suppression). No request-local clearance is implemented; always blocks.
378	ITEM_MEWNIUM_Z	Mewnium Z	HOLD_EFFECT_Z_CRYSTAL	0		UNSUPPORTED_DAMAGE_RELEVANT	form_or_ability_changer	Can change the holder's form or effective ability before the hit (Mega Evolution at turn start, Ultra Burst/Z-Moves, Ability Shield vs ability suppression). No request-local clearance is implemented; always blocks.
379	ITEM_DECIDIUM_Z	Decidium Z	HOLD_EFFECT_Z_CRYSTAL	0		UNSUPPORTED_DAMAGE_RELEVANT	form_or_ability_changer	Can change the holder's form or effective ability before the hit (Mega Evolution at turn start, Ultra Burst/Z-Moves, Ability Shield vs ability suppression). No request-local clearance is implemented; always blocks.
380	ITEM_INCINIUM_Z	Incinium Z	HOLD_EFFECT_Z_CRYSTAL	0		UNSUPPORTED_DAMAGE_RELEVANT	form_or_ability_changer	Can change the holder's form or effective ability before the hit (Mega Evolution at turn start, Ultra Burst/Z-Moves, Ability Shield vs ability suppression). No request-local clearance is implemented; always blocks.
381	ITEM_PRIMARIUM_Z	Primarium Z	HOLD_EFFECT_Z_CRYSTAL	0		UNSUPPORTED_DAMAGE_RELEVANT	form_or_ability_changer	Can change the holder's form or effective ability before the hit (Mega Evolution at turn start, Ultra Burst/Z-Moves, Ability Shield vs ability suppression). No request-local clearance is implemented; always blocks.
382	ITEM_LYCANIUM_Z	Lycanium Z	HOLD_EFFECT_Z_CRYSTAL	0		UNSUPPORTED_DAMAGE_RELEVANT	form_or_ability_changer	Can change the holder's form or effective ability before the hit (Mega Evolution at turn start, Ultra Burst/Z-Moves, Ability Shield vs ability suppression). No request-local clearance is implemented; always blocks.
383	ITEM_MIMIKIUM_Z	Mimikium Z	HOLD_EFFECT_Z_CRYSTAL	0		UNSUPPORTED_DAMAGE_RELEVANT	form_or_ability_changer	Can change the holder's form or effective ability before the hit (Mega Evolution at turn start, Ultra Burst/Z-Moves, Ability Shield vs ability suppression). No request-local clearance is implemented; always blocks.
384	ITEM_KOMMONIUM_Z	Kommonium Z	HOLD_EFFECT_Z_CRYSTAL	0		UNSUPPORTED_DAMAGE_RELEVANT	form_or_ability_changer	Can change the holder's form or effective ability before the hit (Mega Evolution at turn start, Ultra Burst/Z-Moves, Ability Shield vs ability suppression). No request-local clearance is implemented; always blocks.
385	ITEM_TAPUNIUM_Z	Tapunium Z	HOLD_EFFECT_Z_CRYSTAL	0		UNSUPPORTED_DAMAGE_RELEVANT	form_or_ability_changer	Can change the holder's form or effective ability before the hit (Mega Evolution at turn start, Ultra Burst/Z-Moves, Ability Shield vs ability suppression). No request-local clearance is implemented; always blocks.
386	ITEM_SOLGANIUM_Z	Solganium Z	HOLD_EFFECT_Z_CRYSTAL	0		UNSUPPORTED_DAMAGE_RELEVANT	form_or_ability_changer	Can change the holder's form or effective ability before the hit (Mega Evolution at turn start, Ultra Burst/Z-Moves, Ability Shield vs ability suppression). No request-local clearance is implemented; always blocks.
387	ITEM_LUNALIUM_Z	Lunalium Z	HOLD_EFFECT_Z_CRYSTAL	0		UNSUPPORTED_DAMAGE_RELEVANT	form_or_ability_changer	Can change the holder's form or effective ability before the hit (Mega Evolution at turn start, Ultra Burst/Z-Moves, Ability Shield vs ability suppression). No request-local clearance is implemented; always blocks.
388	ITEM_MARSHADIUM_Z	Marshadium Z	HOLD_EFFECT_Z_CRYSTAL	0		UNSUPPORTED_DAMAGE_RELEVANT	form_or_ability_changer	Can change the holder's form or effective ability before the hit (Mega Evolution at turn start, Ultra Burst/Z-Moves, Ability Shield vs ability suppression). No request-local clearance is implemented; always blocks.
389	ITEM_ALORAICHIUM_Z	Aloraichium Z	HOLD_EFFECT_Z_CRYSTAL	0		UNSUPPORTED_DAMAGE_RELEVANT	form_or_ability_changer	Can change the holder's form or effective ability before the hit (Mega Evolution at turn start, Ultra Burst/Z-Moves, Ability Shield vs ability suppression). No request-local clearance is implemented; always blocks.
390	ITEM_PIKASHUNIUM_Z	Pikashunium Z	HOLD_EFFECT_Z_CRYSTAL	0		UNSUPPORTED_DAMAGE_RELEVANT	form_or_ability_changer	Can change the holder's form or effective ability before the hit (Mega Evolution at turn start, Ultra Burst/Z-Moves, Ability Shield vs ability suppression). No request-local clearance is implemented; always blocks.
391	ITEM_ULTRANECROZIUM_Z	Ultranecrozium Z	HOLD_EFFECT_Z_CRYSTAL	0		UNSUPPORTED_DAMAGE_RELEVANT	form_or_ability_changer	Can change the holder's form or effective ability before the hit (Mega Evolution at turn start, Ultra Burst/Z-Moves, Ability Shield vs ability suppression). No request-local clearance is implemented; always blocks.
392	ITEM_LIGHT_BALL	Light Ball	HOLD_EFFECT_LIGHT_BALL	0		UNSUPPORTED_DAMAGE_RELEVANT	attacker_offense	Read only as the ATTACKER's hold effect in the pinned damage path (base-power, Attack-stat, final-modifier or critical-stage modifier) with H&S fixed-point placement the calculator does not reproduce. Defender-side and non-matching-context rules are request-local.
393	ITEM_LEEK	Leek	HOLD_EFFECT_LEEK	0		UNSUPPORTED_DAMAGE_RELEVANT	attacker_offense	Pinned reads raise only the attacker critical-hit stage. The ordinary H&S range has a fixed isCrit operand and no crit probability; request-local fixed_crit_stage_item clears the held effect for an ordinary single hit.
394	ITEM_THICK_CLUB	Thick Club	HOLD_EFFECT_THICK_CLUB	0		UNSUPPORTED_DAMAGE_RELEVANT	attacker_offense	Read only as the ATTACKER's hold effect in the pinned damage path (base-power, Attack-stat, final-modifier or critical-stage modifier) with H&S fixed-point placement the calculator does not reproduce. Defender-side and non-matching-context rules are request-local.
395	ITEM_LUCKY_PUNCH	Lucky Punch	HOLD_EFFECT_LUCKY_PUNCH	0		UNSUPPORTED_DAMAGE_RELEVANT	attacker_offense	Pinned reads raise only the attacker critical-hit stage. The ordinary H&S range has a fixed isCrit operand and no crit probability; request-local fixed_crit_stage_item clears the held effect for an ordinary single hit.
396	ITEM_METAL_POWDER	Metal Powder	HOLD_EFFECT_METAL_POWDER	0		UNSUPPORTED_DAMAGE_RELEVANT	defender_defense	Read only as the DEFENDER's hold effect in the pinned damage path (Defense/Sp. Def stat, final modifier, type-immunity override, or survival in GetAdjustedDamage). Attacker-side and non-matching-context rules are request-local.
397	ITEM_QUICK_POWDER	Quick Powder	HOLD_EFFECT_QUICK_POWDER	0		UNSUPPORTED_DAMAGE_RELEVANT	turn_order	Changes speed/turn order only (GetBattlerTotalSpeedStat or the turn-order comparison). Speed-based power and order-dependent moves/abilities are damage-relevant, so it is not globally neutral; request-local rule turn_order_item_ordinary_move clears it when neither can apply.
398	ITEM_DEEP_SEA_SCALE	Deep Sea Scale	HOLD_EFFECT_DEEP_SEA_SCALE	0		UNSUPPORTED_DAMAGE_RELEVANT	defender_defense	Read only as the DEFENDER's hold effect in the pinned damage path (Defense/Sp. Def stat, final modifier, type-immunity override, or survival in GetAdjustedDamage). Attacker-side and non-matching-context rules are request-local.
399	ITEM_DEEP_SEA_TOOTH	Deep Sea Tooth	HOLD_EFFECT_DEEP_SEA_TOOTH	0		UNSUPPORTED_DAMAGE_RELEVANT	attacker_offense	Read only as the ATTACKER's hold effect in the pinned damage path (base-power, Attack-stat, final-modifier or critical-stage modifier) with H&S fixed-point placement the calculator does not reproduce. Defender-side and non-matching-context rules are request-local.
400	ITEM_SOUL_DEW	Soul Dew	HOLD_EFFECT_SOUL_DEW	20		UNSUPPORTED_DAMAGE_RELEVANT	attacker_offense	Read only as the ATTACKER's hold effect in the pinned damage path (base-power, Attack-stat, final-modifier or critical-stage modifier) with H&S fixed-point placement the calculator does not reproduce. Defender-side and non-matching-context rules are request-local.
401	ITEM_ADAMANT_ORB	Adamant Orb	HOLD_EFFECT_ADAMANT_ORB	20		UNSUPPORTED_DAMAGE_RELEVANT	attacker_offense	Read only as the ATTACKER's hold effect in the pinned damage path (base-power, Attack-stat, final-modifier or critical-stage modifier) with H&S fixed-point placement the calculator does not reproduce. Defender-side and non-matching-context rules are request-local.
402	ITEM_LUSTROUS_ORB	Lustrous Orb	HOLD_EFFECT_LUSTROUS_ORB	20		UNSUPPORTED_DAMAGE_RELEVANT	attacker_offense	Read only as the ATTACKER's hold effect in the pinned damage path (base-power, Attack-stat, final-modifier or critical-stage modifier) with H&S fixed-point placement the calculator does not reproduce. Defender-side and non-matching-context rules are request-local.
403	ITEM_GRISEOUS_ORB	Griseous Orb	HOLD_EFFECT_GRISEOUS_ORB	20		UNSUPPORTED_DAMAGE_RELEVANT	attacker_offense	Read only as the ATTACKER's hold effect in the pinned damage path (base-power, Attack-stat, final-modifier or critical-stage modifier) with H&S fixed-point placement the calculator does not reproduce. Defender-side and non-matching-context rules are request-local.
404	ITEM_SEA_INCENSE	Sea Incense	HOLD_EFFECT_TYPE_POWER	20	WATER	UNSUPPORTED_DAMAGE_RELEVANT	attacker_offense	Read only as the ATTACKER's hold effect in the pinned damage path (base-power, Attack-stat, final-modifier or critical-stage modifier) with H&S fixed-point placement the calculator does not reproduce. Defender-side and non-matching-context rules are request-local.
405	ITEM_LAX_INCENSE	Lax Incense	HOLD_EFFECT_EVASION_UP	10		PROVEN_NO_ORDINARY_DAMAGE_EFFECT	accuracy_only	Read only by GetTotalAccuracy (hit chance). The Battle card never claims hit probability, and accuracy never changes the damage of a hit that lands.
406	ITEM_ODD_INCENSE	Odd Incense	HOLD_EFFECT_TYPE_POWER	20	PSYCHIC	UNSUPPORTED_DAMAGE_RELEVANT	attacker_offense	Read only as the ATTACKER's hold effect in the pinned damage path (base-power, Attack-stat, final-modifier or critical-stage modifier) with H&S fixed-point placement the calculator does not reproduce. Defender-side and non-matching-context rules are request-local.
407	ITEM_ROCK_INCENSE	Rock Incense	HOLD_EFFECT_TYPE_POWER	20	ROCK	UNSUPPORTED_DAMAGE_RELEVANT	attacker_offense	Read only as the ATTACKER's hold effect in the pinned damage path (base-power, Attack-stat, final-modifier or critical-stage modifier) with H&S fixed-point placement the calculator does not reproduce. Defender-side and non-matching-context rules are request-local.
408	ITEM_FULL_INCENSE	Full Incense	HOLD_EFFECT_LAGGING_TAIL	5		UNSUPPORTED_DAMAGE_RELEVANT	turn_order	Changes speed/turn order only (GetBattlerTotalSpeedStat or the turn-order comparison). Speed-based power and order-dependent moves/abilities are damage-relevant, so it is not globally neutral; request-local rule turn_order_item_ordinary_move clears it when neither can apply.
409	ITEM_WAVE_INCENSE	Wave Incense	HOLD_EFFECT_TYPE_POWER	20	WATER	UNSUPPORTED_DAMAGE_RELEVANT	attacker_offense	Read only as the ATTACKER's hold effect in the pinned damage path (base-power, Attack-stat, final-modifier or critical-stage modifier) with H&S fixed-point placement the calculator does not reproduce. Defender-side and non-matching-context rules are request-local.
410	ITEM_ROSE_INCENSE	Rose Incense	HOLD_EFFECT_TYPE_POWER	20	GRASS	UNSUPPORTED_DAMAGE_RELEVANT	attacker_offense	Read only as the ATTACKER's hold effect in the pinned damage path (base-power, Attack-stat, final-modifier or critical-stage modifier) with H&S fixed-point placement the calculator does not reproduce. Defender-side and non-matching-context rules are request-local.
411	ITEM_LUCK_INCENSE	Luck Incense	HOLD_EFFECT_DOUBLE_PRIZE	0		PROVEN_NO_ORDINARY_DAMAGE_EFFECT	no_battle_effect	Every pinned reference is outside battle damage (prize money, friendship, EXP, wild encounters, fleeing, evolution/breeding) or the hold effect has no battle reference at all.
412	ITEM_PURE_INCENSE	Pure Incense	HOLD_EFFECT_REPEL	0		PROVEN_NO_ORDINARY_DAMAGE_EFFECT	no_battle_effect	Every pinned reference is outside battle damage (prize money, friendship, EXP, wild encounters, fleeing, evolution/breeding) or the hold effect has no battle reference at all.
413	ITEM_RED_SCARF	Red Scarf	HOLD_EFFECT_NONE	0		PROVEN_NO_ORDINARY_DAMAGE_EFFECT	no_battle_effect	Every pinned reference is outside battle damage (prize money, friendship, EXP, wild encounters, fleeing, evolution/breeding) or the hold effect has no battle reference at all.
414	ITEM_BLUE_SCARF	Blue Scarf	HOLD_EFFECT_NONE	0		PROVEN_NO_ORDINARY_DAMAGE_EFFECT	no_battle_effect	Every pinned reference is outside battle damage (prize money, friendship, EXP, wild encounters, fleeing, evolution/breeding) or the hold effect has no battle reference at all.
415	ITEM_PINK_SCARF	Pink Scarf	HOLD_EFFECT_NONE	0		PROVEN_NO_ORDINARY_DAMAGE_EFFECT	no_battle_effect	Every pinned reference is outside battle damage (prize money, friendship, EXP, wild encounters, fleeing, evolution/breeding) or the hold effect has no battle reference at all.
416	ITEM_GREEN_SCARF	Green Scarf	HOLD_EFFECT_NONE	0		PROVEN_NO_ORDINARY_DAMAGE_EFFECT	no_battle_effect	Every pinned reference is outside battle damage (prize money, friendship, EXP, wild encounters, fleeing, evolution/breeding) or the hold effect has no battle reference at all.
417	ITEM_YELLOW_SCARF	Yellow Scarf	HOLD_EFFECT_NONE	0		PROVEN_NO_ORDINARY_DAMAGE_EFFECT	no_battle_effect	Every pinned reference is outside battle damage (prize money, friendship, EXP, wild encounters, fleeing, evolution/breeding) or the hold effect has no battle reference at all.
418	ITEM_MACHO_BRACE	Macho Brace	HOLD_EFFECT_MACHO_BRACE	0		UNSUPPORTED_DAMAGE_RELEVANT	turn_order	Changes speed/turn order only (GetBattlerTotalSpeedStat or the turn-order comparison). Speed-based power and order-dependent moves/abilities are damage-relevant, so it is not globally neutral; request-local rule turn_order_item_ordinary_move clears it when neither can apply.
419	ITEM_POWER_WEIGHT	Power Weight	HOLD_EFFECT_POWER_ITEM	8		UNSUPPORTED_DAMAGE_RELEVANT	turn_order	Changes speed/turn order only (GetBattlerTotalSpeedStat or the turn-order comparison). Speed-based power and order-dependent moves/abilities are damage-relevant, so it is not globally neutral; request-local rule turn_order_item_ordinary_move clears it when neither can apply.
420	ITEM_POWER_BRACER	Power Bracer	HOLD_EFFECT_POWER_ITEM	8		UNSUPPORTED_DAMAGE_RELEVANT	turn_order	Changes speed/turn order only (GetBattlerTotalSpeedStat or the turn-order comparison). Speed-based power and order-dependent moves/abilities are damage-relevant, so it is not globally neutral; request-local rule turn_order_item_ordinary_move clears it when neither can apply.
421	ITEM_POWER_BELT	Power Belt	HOLD_EFFECT_POWER_ITEM	8		UNSUPPORTED_DAMAGE_RELEVANT	turn_order	Changes speed/turn order only (GetBattlerTotalSpeedStat or the turn-order comparison). Speed-based power and order-dependent moves/abilities are damage-relevant, so it is not globally neutral; request-local rule turn_order_item_ordinary_move clears it when neither can apply.
422	ITEM_POWER_LENS	Power Lens	HOLD_EFFECT_POWER_ITEM	8		UNSUPPORTED_DAMAGE_RELEVANT	turn_order	Changes speed/turn order only (GetBattlerTotalSpeedStat or the turn-order comparison). Speed-based power and order-dependent moves/abilities are damage-relevant, so it is not globally neutral; request-local rule turn_order_item_ordinary_move clears it when neither can apply.
423	ITEM_POWER_BAND	Power Band	HOLD_EFFECT_POWER_ITEM	8		UNSUPPORTED_DAMAGE_RELEVANT	turn_order	Changes speed/turn order only (GetBattlerTotalSpeedStat or the turn-order comparison). Speed-based power and order-dependent moves/abilities are damage-relevant, so it is not globally neutral; request-local rule turn_order_item_ordinary_move clears it when neither can apply.
424	ITEM_POWER_ANKLET	Power Anklet	HOLD_EFFECT_POWER_ITEM	8		UNSUPPORTED_DAMAGE_RELEVANT	turn_order	Changes speed/turn order only (GetBattlerTotalSpeedStat or the turn-order comparison). Speed-based power and order-dependent moves/abilities are damage-relevant, so it is not globally neutral; request-local rule turn_order_item_ordinary_move clears it when neither can apply.
425	ITEM_SILK_SCARF	Silk Scarf	HOLD_EFFECT_TYPE_POWER	20	NORMAL	UNSUPPORTED_DAMAGE_RELEVANT	attacker_offense	Read only as the ATTACKER's hold effect in the pinned damage path (base-power, Attack-stat, final-modifier or critical-stage modifier) with H&S fixed-point placement the calculator does not reproduce. Defender-side and non-matching-context rules are request-local.
426	ITEM_CHARCOAL	Charcoal	HOLD_EFFECT_TYPE_POWER	20	FIRE	UNSUPPORTED_DAMAGE_RELEVANT	attacker_offense	Read only as the ATTACKER's hold effect in the pinned damage path (base-power, Attack-stat, final-modifier or critical-stage modifier) with H&S fixed-point placement the calculator does not reproduce. Defender-side and non-matching-context rules are request-local.
427	ITEM_MYSTIC_WATER	Mystic Water	HOLD_EFFECT_TYPE_POWER	20	WATER	UNSUPPORTED_DAMAGE_RELEVANT	attacker_offense	Read only as the ATTACKER's hold effect in the pinned damage path (base-power, Attack-stat, final-modifier or critical-stage modifier) with H&S fixed-point placement the calculator does not reproduce. Defender-side and non-matching-context rules are request-local.
428	ITEM_MAGNET	Magnet	HOLD_EFFECT_TYPE_POWER	20	ELECTRIC	UNSUPPORTED_DAMAGE_RELEVANT	attacker_offense	Read only as the ATTACKER's hold effect in the pinned damage path (base-power, Attack-stat, final-modifier or critical-stage modifier) with H&S fixed-point placement the calculator does not reproduce. Defender-side and non-matching-context rules are request-local.
429	ITEM_MIRACLE_SEED	Miracle Seed	HOLD_EFFECT_TYPE_POWER	20	GRASS	UNSUPPORTED_DAMAGE_RELEVANT	attacker_offense	Read only as the ATTACKER's hold effect in the pinned damage path (base-power, Attack-stat, final-modifier or critical-stage modifier) with H&S fixed-point placement the calculator does not reproduce. Defender-side and non-matching-context rules are request-local.
430	ITEM_NEVER_MELT_ICE	Never-melt Ice	HOLD_EFFECT_TYPE_POWER	20	ICE	UNSUPPORTED_DAMAGE_RELEVANT	attacker_offense	Read only as the ATTACKER's hold effect in the pinned damage path (base-power, Attack-stat, final-modifier or critical-stage modifier) with H&S fixed-point placement the calculator does not reproduce. Defender-side and non-matching-context rules are request-local.
431	ITEM_BLACK_BELT	Black Belt	HOLD_EFFECT_TYPE_POWER	20	FIGHTING	UNSUPPORTED_DAMAGE_RELEVANT	attacker_offense	Read only as the ATTACKER's hold effect in the pinned damage path (base-power, Attack-stat, final-modifier or critical-stage modifier) with H&S fixed-point placement the calculator does not reproduce. Defender-side and non-matching-context rules are request-local.
432	ITEM_POISON_BARB	Poison Barb	HOLD_EFFECT_TYPE_POWER	20	POISON	UNSUPPORTED_DAMAGE_RELEVANT	attacker_offense	Read only as the ATTACKER's hold effect in the pinned damage path (base-power, Attack-stat, final-modifier or critical-stage modifier) with H&S fixed-point placement the calculator does not reproduce. Defender-side and non-matching-context rules are request-local.
433	ITEM_SOFT_SAND	Soft Sand	HOLD_EFFECT_TYPE_POWER	20	GROUND	UNSUPPORTED_DAMAGE_RELEVANT	attacker_offense	Read only as the ATTACKER's hold effect in the pinned damage path (base-power, Attack-stat, final-modifier or critical-stage modifier) with H&S fixed-point placement the calculator does not reproduce. Defender-side and non-matching-context rules are request-local.
434	ITEM_SHARP_BEAK	Sharp Beak	HOLD_EFFECT_TYPE_POWER	20	FLYING	UNSUPPORTED_DAMAGE_RELEVANT	attacker_offense	Read only as the ATTACKER's hold effect in the pinned damage path (base-power, Attack-stat, final-modifier or critical-stage modifier) with H&S fixed-point placement the calculator does not reproduce. Defender-side and non-matching-context rules are request-local.
435	ITEM_TWISTED_SPOON	Twisted Spoon	HOLD_EFFECT_TYPE_POWER	20	PSYCHIC	UNSUPPORTED_DAMAGE_RELEVANT	attacker_offense	Read only as the ATTACKER's hold effect in the pinned damage path (base-power, Attack-stat, final-modifier or critical-stage modifier) with H&S fixed-point placement the calculator does not reproduce. Defender-side and non-matching-context rules are request-local.
436	ITEM_SILVER_POWDER	Silver Powder	HOLD_EFFECT_TYPE_POWER	20	BUG	UNSUPPORTED_DAMAGE_RELEVANT	attacker_offense	Read only as the ATTACKER's hold effect in the pinned damage path (base-power, Attack-stat, final-modifier or critical-stage modifier) with H&S fixed-point placement the calculator does not reproduce. Defender-side and non-matching-context rules are request-local.
437	ITEM_HARD_STONE	Hard Stone	HOLD_EFFECT_TYPE_POWER	20	ROCK	UNSUPPORTED_DAMAGE_RELEVANT	attacker_offense	Read only as the ATTACKER's hold effect in the pinned damage path (base-power, Attack-stat, final-modifier or critical-stage modifier) with H&S fixed-point placement the calculator does not reproduce. Defender-side and non-matching-context rules are request-local.
438	ITEM_SPELL_TAG	Spell Tag	HOLD_EFFECT_TYPE_POWER	20	GHOST	UNSUPPORTED_DAMAGE_RELEVANT	attacker_offense	Read only as the ATTACKER's hold effect in the pinned damage path (base-power, Attack-stat, final-modifier or critical-stage modifier) with H&S fixed-point placement the calculator does not reproduce. Defender-side and non-matching-context rules are request-local.
439	ITEM_DRAGON_FANG	Dragon Fang	HOLD_EFFECT_TYPE_POWER	20	DRAGON	UNSUPPORTED_DAMAGE_RELEVANT	attacker_offense	Read only as the ATTACKER's hold effect in the pinned damage path (base-power, Attack-stat, final-modifier or critical-stage modifier) with H&S fixed-point placement the calculator does not reproduce. Defender-side and non-matching-context rules are request-local.
440	ITEM_BLACK_GLASSES	Black Glasses	HOLD_EFFECT_TYPE_POWER	20	DARK	UNSUPPORTED_DAMAGE_RELEVANT	attacker_offense	Read only as the ATTACKER's hold effect in the pinned damage path (base-power, Attack-stat, final-modifier or critical-stage modifier) with H&S fixed-point placement the calculator does not reproduce. Defender-side and non-matching-context rules are request-local.
441	ITEM_METAL_COAT	Metal Coat	HOLD_EFFECT_TYPE_POWER	20	STEEL	UNSUPPORTED_DAMAGE_RELEVANT	attacker_offense	Read only as the ATTACKER's hold effect in the pinned damage path (base-power, Attack-stat, final-modifier or critical-stage modifier) with H&S fixed-point placement the calculator does not reproduce. Defender-side and non-matching-context rules are request-local.
442	ITEM_CHOICE_BAND	Choice Band	HOLD_EFFECT_CHOICE_BAND	0		UNSUPPORTED_DAMAGE_RELEVANT	attacker_offense	Read only as the ATTACKER's hold effect in the pinned damage path (base-power, Attack-stat, final-modifier or critical-stage modifier) with H&S fixed-point placement the calculator does not reproduce. Defender-side and non-matching-context rules are request-local.
443	ITEM_CHOICE_SPECS	Choice Specs	HOLD_EFFECT_CHOICE_SPECS	0		UNSUPPORTED_DAMAGE_RELEVANT	attacker_offense	Read only as the ATTACKER's hold effect in the pinned damage path (base-power, Attack-stat, final-modifier or critical-stage modifier) with H&S fixed-point placement the calculator does not reproduce. Defender-side and non-matching-context rules are request-local.
444	ITEM_CHOICE_SCARF	Choice Scarf	HOLD_EFFECT_CHOICE_SCARF	0		UNSUPPORTED_DAMAGE_RELEVANT	turn_order	Changes speed/turn order only (GetBattlerTotalSpeedStat or the turn-order comparison). Speed-based power and order-dependent moves/abilities are damage-relevant, so it is not globally neutral; request-local rule turn_order_item_ordinary_move clears it when neither can apply.
445	ITEM_FLAME_ORB	Flame Orb	HOLD_EFFECT_FLAME_ORB	0		UNSUPPORTED_DAMAGE_RELEVANT	post_hit_or_residual	Changes HP, status, stat stages, volatiles or items only through ItemBattleEffects activations (MoveEnd handlers after damage, end of turn, switch-in, or event scripts) or residual/drain handling. It can change later HP/stats/KO, so it is not globally neutral; request-local rule single_hit_item_activation_outside_damage clears it for a single-hit ordinary move.
446	ITEM_TOXIC_ORB	Toxic Orb	HOLD_EFFECT_TOXIC_ORB	0		UNSUPPORTED_DAMAGE_RELEVANT	post_hit_or_residual	Changes HP, status, stat stages, volatiles or items only through ItemBattleEffects activations (MoveEnd handlers after damage, end of turn, switch-in, or event scripts) or residual/drain handling. It can change later HP/stats/KO, so it is not globally neutral; request-local rule single_hit_item_activation_outside_damage clears it for a single-hit ordinary move.
447	ITEM_DAMP_ROCK	Damp Rock	HOLD_EFFECT_DAMP_ROCK	0		PROVEN_NO_ORDINARY_DAMAGE_EFFECT	non_damage_utility	Every pinned reference is a secondary effect (flinch), switching/escape, a field/screen/wrap duration, entry hazards, secondary-effect or contact-effect protection, two-turn charge skipping, or multi-hit counts. None is read by the single-hit ordinary damage computation (CalcMoveBasePower, CalcMoveBasePowerAfterModifiers, CalcAttackStat, CalcDefenseStat, GetOtherModifiers, type effectiveness, critical stage, GetAdjustedDamage).
448	ITEM_HEAT_ROCK	Heat Rock	HOLD_EFFECT_HEAT_ROCK	0		PROVEN_NO_ORDINARY_DAMAGE_EFFECT	non_damage_utility	Every pinned reference is a secondary effect (flinch), switching/escape, a field/screen/wrap duration, entry hazards, secondary-effect or contact-effect protection, two-turn charge skipping, or multi-hit counts. None is read by the single-hit ordinary damage computation (CalcMoveBasePower, CalcMoveBasePowerAfterModifiers, CalcAttackStat, CalcDefenseStat, GetOtherModifiers, type effectiveness, critical stage, GetAdjustedDamage).
449	ITEM_SMOOTH_ROCK	Smooth Rock	HOLD_EFFECT_SMOOTH_ROCK	0		PROVEN_NO_ORDINARY_DAMAGE_EFFECT	non_damage_utility	Every pinned reference is a secondary effect (flinch), switching/escape, a field/screen/wrap duration, entry hazards, secondary-effect or contact-effect protection, two-turn charge skipping, or multi-hit counts. None is read by the single-hit ordinary damage computation (CalcMoveBasePower, CalcMoveBasePowerAfterModifiers, CalcAttackStat, CalcDefenseStat, GetOtherModifiers, type effectiveness, critical stage, GetAdjustedDamage).
450	ITEM_ICY_ROCK	Icy Rock	HOLD_EFFECT_ICY_ROCK	0		PROVEN_NO_ORDINARY_DAMAGE_EFFECT	non_damage_utility	Every pinned reference is a secondary effect (flinch), switching/escape, a field/screen/wrap duration, entry hazards, secondary-effect or contact-effect protection, two-turn charge skipping, or multi-hit counts. None is read by the single-hit ordinary damage computation (CalcMoveBasePower, CalcMoveBasePowerAfterModifiers, CalcAttackStat, CalcDefenseStat, GetOtherModifiers, type effectiveness, critical stage, GetAdjustedDamage).
451	ITEM_ELECTRIC_SEED	Electric Seed	HOLD_EFFECT_TERRAIN_SEED	0		UNSUPPORTED_DAMAGE_RELEVANT	post_hit_or_residual	This hold effect can write a stat or ability-related live operand before the current hit. It remains unsupported pending the live-state audit in #88; the generic after-hit rule does not clear it.
452	ITEM_PSYCHIC_SEED	Psychic Seed	HOLD_EFFECT_TERRAIN_SEED	3		UNSUPPORTED_DAMAGE_RELEVANT	post_hit_or_residual	This hold effect can write a stat or ability-related live operand before the current hit. It remains unsupported pending the live-state audit in #88; the generic after-hit rule does not clear it.
453	ITEM_MISTY_SEED	Misty Seed	HOLD_EFFECT_TERRAIN_SEED	2		UNSUPPORTED_DAMAGE_RELEVANT	post_hit_or_residual	This hold effect can write a stat or ability-related live operand before the current hit. It remains unsupported pending the live-state audit in #88; the generic after-hit rule does not clear it.
454	ITEM_GRASSY_SEED	Grassy Seed	HOLD_EFFECT_TERRAIN_SEED	1		UNSUPPORTED_DAMAGE_RELEVANT	post_hit_or_residual	This hold effect can write a stat or ability-related live operand before the current hit. It remains unsupported pending the live-state audit in #88; the generic after-hit rule does not clear it.
455	ITEM_ABSORB_BULB	Absorb Bulb	HOLD_EFFECT_ABSORB_BULB	0		UNSUPPORTED_DAMAGE_RELEVANT	post_hit_or_residual	Changes HP, status, stat stages, volatiles or items only through ItemBattleEffects activations (MoveEnd handlers after damage, end of turn, switch-in, or event scripts) or residual/drain handling. It can change later HP/stats/KO, so it is not globally neutral; request-local rule single_hit_item_activation_outside_damage clears it for a single-hit ordinary move.
456	ITEM_CELL_BATTERY	Cell Battery	HOLD_EFFECT_CELL_BATTERY	0		UNSUPPORTED_DAMAGE_RELEVANT	post_hit_or_residual	Changes HP, status, stat stages, volatiles or items only through ItemBattleEffects activations (MoveEnd handlers after damage, end of turn, switch-in, or event scripts) or residual/drain handling. It can change later HP/stats/KO, so it is not globally neutral; request-local rule single_hit_item_activation_outside_damage clears it for a single-hit ordinary move.
457	ITEM_LUMINOUS_MOSS	Luminous Moss	HOLD_EFFECT_LUMINOUS_MOSS	0		UNSUPPORTED_DAMAGE_RELEVANT	post_hit_or_residual	Changes HP, status, stat stages, volatiles or items only through ItemBattleEffects activations (MoveEnd handlers after damage, end of turn, switch-in, or event scripts) or residual/drain handling. It can change later HP/stats/KO, so it is not globally neutral; request-local rule single_hit_item_activation_outside_damage clears it for a single-hit ordinary move.
458	ITEM_SNOWBALL	Snowball	HOLD_EFFECT_SNOWBALL	0		UNSUPPORTED_DAMAGE_RELEVANT	post_hit_or_residual	Changes HP, status, stat stages, volatiles or items only through ItemBattleEffects activations (MoveEnd handlers after damage, end of turn, switch-in, or event scripts) or residual/drain handling. It can change later HP/stats/KO, so it is not globally neutral; request-local rule single_hit_item_activation_outside_damage clears it for a single-hit ordinary move.
459	ITEM_BRIGHT_POWDER	Bright Powder	HOLD_EFFECT_EVASION_UP	10		PROVEN_NO_ORDINARY_DAMAGE_EFFECT	accuracy_only	Read only by GetTotalAccuracy (hit chance). The Battle card never claims hit probability, and accuracy never changes the damage of a hit that lands.
460	ITEM_WHITE_HERB	White Herb	HOLD_EFFECT_WHITE_HERB	0		UNSUPPORTED_DAMAGE_RELEVANT	post_hit_or_residual	Changes HP, status, stat stages, volatiles or items only through ItemBattleEffects activations (MoveEnd handlers after damage, end of turn, switch-in, or event scripts) or residual/drain handling. It can change later HP/stats/KO, so it is not globally neutral; request-local rule single_hit_item_activation_outside_damage clears it for a single-hit ordinary move.
461	ITEM_EXP_SHARE	EXP. Share	HOLD_EFFECT_EXP_SHARE	0		PROVEN_NO_ORDINARY_DAMAGE_EFFECT	no_battle_effect	Every pinned reference is outside battle damage (prize money, friendship, EXP, wild encounters, fleeing, evolution/breeding) or the hold effect has no battle reference at all.
462	ITEM_QUICK_CLAW	Quick Claw	HOLD_EFFECT_QUICK_CLAW	20		UNSUPPORTED_DAMAGE_RELEVANT	turn_order	Changes speed/turn order only (GetBattlerTotalSpeedStat or the turn-order comparison). Speed-based power and order-dependent moves/abilities are damage-relevant, so it is not globally neutral; request-local rule turn_order_item_ordinary_move clears it when neither can apply.
463	ITEM_SOOTHE_BELL	Soothe Bell	HOLD_EFFECT_FRIENDSHIP_UP	0		PROVEN_NO_ORDINARY_DAMAGE_EFFECT	no_battle_effect	Every pinned reference is outside battle damage (prize money, friendship, EXP, wild encounters, fleeing, evolution/breeding) or the hold effect has no battle reference at all.
464	ITEM_MENTAL_HERB	Mental Herb	HOLD_EFFECT_MENTAL_HERB	0		UNSUPPORTED_DAMAGE_RELEVANT	post_hit_or_residual	Changes HP, status, stat stages, volatiles or items only through ItemBattleEffects activations (MoveEnd handlers after damage, end of turn, switch-in, or event scripts) or residual/drain handling. It can change later HP/stats/KO, so it is not globally neutral; request-local rule single_hit_item_activation_outside_damage clears it for a single-hit ordinary move.
465	ITEM_KINGS_ROCK	King's Rock	HOLD_EFFECT_FLINCH	10		PROVEN_NO_ORDINARY_DAMAGE_EFFECT	non_damage_utility	Every pinned reference is a secondary effect (flinch), switching/escape, a field/screen/wrap duration, entry hazards, secondary-effect or contact-effect protection, two-turn charge skipping, or multi-hit counts. None is read by the single-hit ordinary damage computation (CalcMoveBasePower, CalcMoveBasePowerAfterModifiers, CalcAttackStat, CalcDefenseStat, GetOtherModifiers, type effectiveness, critical stage, GetAdjustedDamage).
466	ITEM_AMULET_COIN	Amulet Coin	HOLD_EFFECT_DOUBLE_PRIZE	0		PROVEN_NO_ORDINARY_DAMAGE_EFFECT	no_battle_effect	Every pinned reference is outside battle damage (prize money, friendship, EXP, wild encounters, fleeing, evolution/breeding) or the hold effect has no battle reference at all.
467	ITEM_CLEANSE_TAG	Cleanse Tag	HOLD_EFFECT_REPEL	0		PROVEN_NO_ORDINARY_DAMAGE_EFFECT	no_battle_effect	Every pinned reference is outside battle damage (prize money, friendship, EXP, wild encounters, fleeing, evolution/breeding) or the hold effect has no battle reference at all.
468	ITEM_SMOKE_BALL	Smoke Ball	HOLD_EFFECT_CAN_ALWAYS_RUN	0		PROVEN_NO_ORDINARY_DAMAGE_EFFECT	no_battle_effect	Every pinned reference is outside battle damage (prize money, friendship, EXP, wild encounters, fleeing, evolution/breeding) or the hold effect has no battle reference at all.
469	ITEM_FOCUS_BAND	Focus Band	HOLD_EFFECT_FOCUS_BAND	10		UNSUPPORTED_DAMAGE_RELEVANT	defender_defense	Read only as the DEFENDER's hold effect in the pinned damage path (Defense/Sp. Def stat, final modifier, type-immunity override, or survival in GetAdjustedDamage). Attacker-side and non-matching-context rules are request-local.
470	ITEM_LUCKY_EGG	Lucky Egg	HOLD_EFFECT_LUCKY_EGG	0		PROVEN_NO_ORDINARY_DAMAGE_EFFECT	no_battle_effect	Every pinned reference is outside battle damage (prize money, friendship, EXP, wild encounters, fleeing, evolution/breeding) or the hold effect has no battle reference at all.
471	ITEM_SCOPE_LENS	Scope Lens	HOLD_EFFECT_SCOPE_LENS	0		UNSUPPORTED_DAMAGE_RELEVANT	attacker_offense	Pinned reads raise only the attacker critical-hit stage. The ordinary H&S range has a fixed isCrit operand and no crit probability; request-local fixed_crit_stage_item clears the held effect for an ordinary single hit.
472	ITEM_LEFTOVERS	Leftovers	HOLD_EFFECT_LEFTOVERS	10		UNSUPPORTED_DAMAGE_RELEVANT	post_hit_or_residual	Changes HP, status, stat stages, volatiles or items only through ItemBattleEffects activations (MoveEnd handlers after damage, end of turn, switch-in, or event scripts) or residual/drain handling. It can change later HP/stats/KO, so it is not globally neutral; request-local rule single_hit_item_activation_outside_damage clears it for a single-hit ordinary move.
473	ITEM_SHELL_BELL	Shell Bell	HOLD_EFFECT_SHELL_BELL	8		UNSUPPORTED_DAMAGE_RELEVANT	post_hit_or_residual	Changes HP, status, stat stages, volatiles or items only through ItemBattleEffects activations (MoveEnd handlers after damage, end of turn, switch-in, or event scripts) or residual/drain handling. It can change later HP/stats/KO, so it is not globally neutral; request-local rule single_hit_item_activation_outside_damage clears it for a single-hit ordinary move.
474	ITEM_WIDE_LENS	Wide Lens	HOLD_EFFECT_WIDE_LENS	10		PROVEN_NO_ORDINARY_DAMAGE_EFFECT	accuracy_only	Read only by GetTotalAccuracy (hit chance). The Battle card never claims hit probability, and accuracy never changes the damage of a hit that lands.
475	ITEM_MUSCLE_BAND	Muscle Band	HOLD_EFFECT_MUSCLE_BAND	10		UNSUPPORTED_DAMAGE_RELEVANT	attacker_offense	Read only as the ATTACKER's hold effect in the pinned damage path (base-power, Attack-stat, final-modifier or critical-stage modifier) with H&S fixed-point placement the calculator does not reproduce. Defender-side and non-matching-context rules are request-local.
476	ITEM_WISE_GLASSES	Wise Glasses	HOLD_EFFECT_WISE_GLASSES	10		MODELLED_HNS_SPECIFIC	attacker_offense	Modelled in the H&S QuickJS damage calculator: multiplies Special move base power by UQ4.12 4505 (1.0 + 10% floored) using uq4_12_multiply_by_int_half_down per pinned H&S src/battle_util.c:6818. Physical moves and defender hold effect are proven irrelevant.
477	ITEM_EXPERT_BELT	Expert Belt	HOLD_EFFECT_EXPERT_BELT	20		UNSUPPORTED_DAMAGE_RELEVANT	attacker_offense	Read only as the ATTACKER's hold effect in the pinned damage path (base-power, Attack-stat, final-modifier or critical-stage modifier) with H&S fixed-point placement the calculator does not reproduce. Defender-side and non-matching-context rules are request-local.
478	ITEM_LIGHT_CLAY	Light Clay	HOLD_EFFECT_LIGHT_CLAY	0		PROVEN_NO_ORDINARY_DAMAGE_EFFECT	non_damage_utility	Every pinned reference is a secondary effect (flinch), switching/escape, a field/screen/wrap duration, entry hazards, secondary-effect or contact-effect protection, two-turn charge skipping, or multi-hit counts. None is read by the single-hit ordinary damage computation (CalcMoveBasePower, CalcMoveBasePowerAfterModifiers, CalcAttackStat, CalcDefenseStat, GetOtherModifiers, type effectiveness, critical stage, GetAdjustedDamage).
479	ITEM_LIFE_ORB	Life Orb	HOLD_EFFECT_LIFE_ORB	0		UNSUPPORTED_DAMAGE_RELEVANT	attacker_offense	Read only as the ATTACKER's hold effect in the pinned damage path (base-power, Attack-stat, final-modifier or critical-stage modifier) with H&S fixed-point placement the calculator does not reproduce. Defender-side and non-matching-context rules are request-local.
480	ITEM_POWER_HERB	Power Herb	HOLD_EFFECT_POWER_HERB	0		PROVEN_NO_ORDINARY_DAMAGE_EFFECT	non_damage_utility	Every pinned reference is a secondary effect (flinch), switching/escape, a field/screen/wrap duration, entry hazards, secondary-effect or contact-effect protection, two-turn charge skipping, or multi-hit counts. None is read by the single-hit ordinary damage computation (CalcMoveBasePower, CalcMoveBasePowerAfterModifiers, CalcAttackStat, CalcDefenseStat, GetOtherModifiers, type effectiveness, critical stage, GetAdjustedDamage).
481	ITEM_FOCUS_SASH	Focus Sash	HOLD_EFFECT_FOCUS_SASH	0		UNSUPPORTED_DAMAGE_RELEVANT	defender_defense	Read only as the DEFENDER's hold effect in the pinned damage path (Defense/Sp. Def stat, final modifier, type-immunity override, or survival in GetAdjustedDamage). Attacker-side and non-matching-context rules are request-local.
482	ITEM_ZOOM_LENS	Zoom Lens	HOLD_EFFECT_ZOOM_LENS	20		PROVEN_NO_ORDINARY_DAMAGE_EFFECT	accuracy_only	Read only by GetTotalAccuracy (hit chance). The Battle card never claims hit probability, and accuracy never changes the damage of a hit that lands.
483	ITEM_METRONOME	Metronome	HOLD_EFFECT_METRONOME	20		UNSUPPORTED_DAMAGE_RELEVANT	attacker_offense	Read only as the ATTACKER's hold effect in the pinned damage path (base-power, Attack-stat, final-modifier or critical-stage modifier) with H&S fixed-point placement the calculator does not reproduce. Defender-side and non-matching-context rules are request-local.
484	ITEM_IRON_BALL	Iron Ball	HOLD_EFFECT_IRON_BALL	0		UNSUPPORTED_DAMAGE_RELEVANT	grounding	Changes groundedness (terrain boosts/immunity, Ground-move effectiveness); Iron Ball also halves speed. Request-local rules require no field status and a non-Ground effective move.
485	ITEM_LAGGING_TAIL	Lagging Tail	HOLD_EFFECT_LAGGING_TAIL	0		UNSUPPORTED_DAMAGE_RELEVANT	turn_order	Changes speed/turn order only (GetBattlerTotalSpeedStat or the turn-order comparison). Speed-based power and order-dependent moves/abilities are damage-relevant, so it is not globally neutral; request-local rule turn_order_item_ordinary_move clears it when neither can apply.
486	ITEM_DESTINY_KNOT	Destiny Knot	HOLD_EFFECT_DESTINY_KNOT	0		PROVEN_NO_ORDINARY_DAMAGE_EFFECT	no_battle_effect	Every pinned reference is outside battle damage (prize money, friendship, EXP, wild encounters, fleeing, evolution/breeding) or the hold effect has no battle reference at all.
487	ITEM_BLACK_SLUDGE	Black Sludge	HOLD_EFFECT_BLACK_SLUDGE	0		UNSUPPORTED_DAMAGE_RELEVANT	post_hit_or_residual	Changes HP, status, stat stages, volatiles or items only through ItemBattleEffects activations (MoveEnd handlers after damage, end of turn, switch-in, or event scripts) or residual/drain handling. It can change later HP/stats/KO, so it is not globally neutral; request-local rule single_hit_item_activation_outside_damage clears it for a single-hit ordinary move.
488	ITEM_GRIP_CLAW	Grip Claw	HOLD_EFFECT_GRIP_CLAW	0		PROVEN_NO_ORDINARY_DAMAGE_EFFECT	non_damage_utility	Every pinned reference is a secondary effect (flinch), switching/escape, a field/screen/wrap duration, entry hazards, secondary-effect or contact-effect protection, two-turn charge skipping, or multi-hit counts. None is read by the single-hit ordinary damage computation (CalcMoveBasePower, CalcMoveBasePowerAfterModifiers, CalcAttackStat, CalcDefenseStat, GetOtherModifiers, type effectiveness, critical stage, GetAdjustedDamage).
489	ITEM_STICKY_BARB	Sticky Barb	HOLD_EFFECT_STICKY_BARB	0		UNSUPPORTED_DAMAGE_RELEVANT	post_hit_or_residual	Changes HP, status, stat stages, volatiles or items only through ItemBattleEffects activations (MoveEnd handlers after damage, end of turn, switch-in, or event scripts) or residual/drain handling. It can change later HP/stats/KO, so it is not globally neutral; request-local rule single_hit_item_activation_outside_damage clears it for a single-hit ordinary move.
490	ITEM_SHED_SHELL	Shed Shell	HOLD_EFFECT_SHED_SHELL	0		PROVEN_NO_ORDINARY_DAMAGE_EFFECT	non_damage_utility	Every pinned reference is a secondary effect (flinch), switching/escape, a field/screen/wrap duration, entry hazards, secondary-effect or contact-effect protection, two-turn charge skipping, or multi-hit counts. None is read by the single-hit ordinary damage computation (CalcMoveBasePower, CalcMoveBasePowerAfterModifiers, CalcAttackStat, CalcDefenseStat, GetOtherModifiers, type effectiveness, critical stage, GetAdjustedDamage).
491	ITEM_BIG_ROOT	Big Root	HOLD_EFFECT_BIG_ROOT	30		UNSUPPORTED_DAMAGE_RELEVANT	post_hit_or_residual	Changes HP, status, stat stages, volatiles or items only through ItemBattleEffects activations (MoveEnd handlers after damage, end of turn, switch-in, or event scripts) or residual/drain handling. It can change later HP/stats/KO, so it is not globally neutral; request-local rule single_hit_item_activation_outside_damage clears it for a single-hit ordinary move.
492	ITEM_RAZOR_CLAW	Razor Claw	HOLD_EFFECT_SCOPE_LENS	0		UNSUPPORTED_DAMAGE_RELEVANT	attacker_offense	Pinned reads raise only the attacker critical-hit stage. The ordinary H&S range has a fixed isCrit operand and no crit probability; request-local fixed_crit_stage_item clears the held effect for an ordinary single hit.
493	ITEM_RAZOR_FANG	Razor Fang	HOLD_EFFECT_FLINCH	10		PROVEN_NO_ORDINARY_DAMAGE_EFFECT	non_damage_utility	Every pinned reference is a secondary effect (flinch), switching/escape, a field/screen/wrap duration, entry hazards, secondary-effect or contact-effect protection, two-turn charge skipping, or multi-hit counts. None is read by the single-hit ordinary damage computation (CalcMoveBasePower, CalcMoveBasePowerAfterModifiers, CalcAttackStat, CalcDefenseStat, GetOtherModifiers, type effectiveness, critical stage, GetAdjustedDamage).
494	ITEM_EVIOLITE	Eviolite	HOLD_EFFECT_EVIOLITE	50		UNSUPPORTED_DAMAGE_RELEVANT	defender_defense	Read only as the DEFENDER's hold effect in the pinned damage path (Defense/Sp. Def stat, final modifier, type-immunity override, or survival in GetAdjustedDamage). Attacker-side and non-matching-context rules are request-local.
495	ITEM_FLOAT_STONE	Float Stone	HOLD_EFFECT_FLOAT_STONE	0		UNSUPPORTED_DAMAGE_RELEVANT	weight_only	Read only by GetBattlerWeight (weight-based power: Low Kick, Grass Knot, Heat Crash, Heavy Slam). Request-local rule weight_item_ordinary_move clears it for an ordinary fixed-power move.
496	ITEM_ROCKY_HELMET	Rocky Helmet	HOLD_EFFECT_ROCKY_HELMET	0		UNSUPPORTED_DAMAGE_RELEVANT	post_hit_or_residual	Changes HP, status, stat stages, volatiles or items only through ItemBattleEffects activations (MoveEnd handlers after damage, end of turn, switch-in, or event scripts) or residual/drain handling. It can change later HP/stats/KO, so it is not globally neutral; request-local rule single_hit_item_activation_outside_damage clears it for a single-hit ordinary move.
497	ITEM_AIR_BALLOON	Air Balloon	HOLD_EFFECT_AIR_BALLOON	0		UNSUPPORTED_DAMAGE_RELEVANT	grounding	Changes groundedness (terrain boosts/immunity, Ground-move effectiveness); Iron Ball also halves speed. Request-local rules require no field status and a non-Ground effective move.
498	ITEM_RED_CARD	Red Card	HOLD_EFFECT_RED_CARD	0		PROVEN_NO_ORDINARY_DAMAGE_EFFECT	non_damage_utility	Every pinned reference is a secondary effect (flinch), switching/escape, a field/screen/wrap duration, entry hazards, secondary-effect or contact-effect protection, two-turn charge skipping, or multi-hit counts. None is read by the single-hit ordinary damage computation (CalcMoveBasePower, CalcMoveBasePowerAfterModifiers, CalcAttackStat, CalcDefenseStat, GetOtherModifiers, type effectiveness, critical stage, GetAdjustedDamage).
499	ITEM_RING_TARGET	Ring Target	HOLD_EFFECT_RING_TARGET	0		UNSUPPORTED_DAMAGE_RELEVANT	defender_defense	Read only as the DEFENDER's hold effect in the pinned damage path (Defense/Sp. Def stat, final modifier, type-immunity override, or survival in GetAdjustedDamage). Attacker-side and non-matching-context rules are request-local.
500	ITEM_BINDING_BAND	Binding Band	HOLD_EFFECT_BINDING_BAND	0		UNSUPPORTED_DAMAGE_RELEVANT	post_hit_or_residual	Changes HP, status, stat stages, volatiles or items only through ItemBattleEffects activations (MoveEnd handlers after damage, end of turn, switch-in, or event scripts) or residual/drain handling. It can change later HP/stats/KO, so it is not globally neutral; request-local rule single_hit_item_activation_outside_damage clears it for a single-hit ordinary move.
501	ITEM_EJECT_BUTTON	Eject Button	HOLD_EFFECT_EJECT_BUTTON	0		PROVEN_NO_ORDINARY_DAMAGE_EFFECT	non_damage_utility	Every pinned reference is a secondary effect (flinch), switching/escape, a field/screen/wrap duration, entry hazards, secondary-effect or contact-effect protection, two-turn charge skipping, or multi-hit counts. None is read by the single-hit ordinary damage computation (CalcMoveBasePower, CalcMoveBasePowerAfterModifiers, CalcAttackStat, CalcDefenseStat, GetOtherModifiers, type effectiveness, critical stage, GetAdjustedDamage).
502	ITEM_WEAKNESS_POLICY	Weakness Policy	HOLD_EFFECT_WEAKNESS_POLICY	0		UNSUPPORTED_DAMAGE_RELEVANT	post_hit_or_residual	Changes HP, status, stat stages, volatiles or items only through ItemBattleEffects activations (MoveEnd handlers after damage, end of turn, switch-in, or event scripts) or residual/drain handling. It can change later HP/stats/KO, so it is not globally neutral; request-local rule single_hit_item_activation_outside_damage clears it for a single-hit ordinary move.
503	ITEM_ASSAULT_VEST	Assault Vest	HOLD_EFFECT_ASSAULT_VEST	50		UNSUPPORTED_DAMAGE_RELEVANT	defender_defense	Read only as the DEFENDER's hold effect in the pinned damage path (Defense/Sp. Def stat, final modifier, type-immunity override, or survival in GetAdjustedDamage). Attacker-side and non-matching-context rules are request-local.
504	ITEM_SAFETY_GOGGLES	Safety Goggles	HOLD_EFFECT_SAFETY_GOGGLES	0		UNSUPPORTED_DAMAGE_RELEVANT	post_hit_or_residual	Changes HP, status, stat stages, volatiles or items only through ItemBattleEffects activations (MoveEnd handlers after damage, end of turn, switch-in, or event scripts) or residual/drain handling. It can change later HP/stats/KO, so it is not globally neutral; request-local rule single_hit_item_activation_outside_damage clears it for a single-hit ordinary move.
505	ITEM_ADRENALINE_ORB	Adrenaline Orb	HOLD_EFFECT_ADRENALINE_ORB	0		PROVEN_NO_ORDINARY_DAMAGE_EFFECT	no_battle_effect	Every pinned reference is outside battle damage (prize money, friendship, EXP, wild encounters, fleeing, evolution/breeding) or the hold effect has no battle reference at all.
506	ITEM_TERRAIN_EXTENDER	Terrain Extender	HOLD_EFFECT_TERRAIN_EXTENDER	0		PROVEN_NO_ORDINARY_DAMAGE_EFFECT	non_damage_utility	Every pinned reference is a secondary effect (flinch), switching/escape, a field/screen/wrap duration, entry hazards, secondary-effect or contact-effect protection, two-turn charge skipping, or multi-hit counts. None is read by the single-hit ordinary damage computation (CalcMoveBasePower, CalcMoveBasePowerAfterModifiers, CalcAttackStat, CalcDefenseStat, GetOtherModifiers, type effectiveness, critical stage, GetAdjustedDamage).
507	ITEM_PROTECTIVE_PADS	Protective Pads	HOLD_EFFECT_PROTECTIVE_PADS	0		PROVEN_NO_ORDINARY_DAMAGE_EFFECT	non_damage_utility	Every pinned reference is a secondary effect (flinch), switching/escape, a field/screen/wrap duration, entry hazards, secondary-effect or contact-effect protection, two-turn charge skipping, or multi-hit counts. None is read by the single-hit ordinary damage computation (CalcMoveBasePower, CalcMoveBasePowerAfterModifiers, CalcAttackStat, CalcDefenseStat, GetOtherModifiers, type effectiveness, critical stage, GetAdjustedDamage).
508	ITEM_THROAT_SPRAY	Throat Spray	HOLD_EFFECT_THROAT_SPRAY	0		UNSUPPORTED_DAMAGE_RELEVANT	post_hit_or_residual	Changes HP, status, stat stages, volatiles or items only through ItemBattleEffects activations (MoveEnd handlers after damage, end of turn, switch-in, or event scripts) or residual/drain handling. It can change later HP/stats/KO, so it is not globally neutral; request-local rule single_hit_item_activation_outside_damage clears it for a single-hit ordinary move.
509	ITEM_EJECT_PACK	Eject Pack	HOLD_EFFECT_EJECT_PACK	0		PROVEN_NO_ORDINARY_DAMAGE_EFFECT	non_damage_utility	Every pinned reference is a secondary effect (flinch), switching/escape, a field/screen/wrap duration, entry hazards, secondary-effect or contact-effect protection, two-turn charge skipping, or multi-hit counts. None is read by the single-hit ordinary damage computation (CalcMoveBasePower, CalcMoveBasePowerAfterModifiers, CalcAttackStat, CalcDefenseStat, GetOtherModifiers, type effectiveness, critical stage, GetAdjustedDamage).
510	ITEM_HEAVY_DUTY_BOOTS	Heavy-duty Boots	HOLD_EFFECT_HEAVY_DUTY_BOOTS	0		PROVEN_NO_ORDINARY_DAMAGE_EFFECT	non_damage_utility	Every pinned reference is a secondary effect (flinch), switching/escape, a field/screen/wrap duration, entry hazards, secondary-effect or contact-effect protection, two-turn charge skipping, or multi-hit counts. None is read by the single-hit ordinary damage computation (CalcMoveBasePower, CalcMoveBasePowerAfterModifiers, CalcAttackStat, CalcDefenseStat, GetOtherModifiers, type effectiveness, critical stage, GetAdjustedDamage).
511	ITEM_BLUNDER_POLICY	Blunder Policy	HOLD_EFFECT_BLUNDER_POLICY	0		UNSUPPORTED_DAMAGE_RELEVANT	post_hit_or_residual	This effect changes Speed after a missed move or Trick Room activation. Request-local clearance requires an ordinary hit and a known non-Analytic attacker; Analytic can read turn order into damage.
512	ITEM_ROOM_SERVICE	Room Service	HOLD_EFFECT_ROOM_SERVICE	0		UNSUPPORTED_DAMAGE_RELEVANT	post_hit_or_residual	This effect changes Speed after a missed move or Trick Room activation. Request-local clearance requires an ordinary hit and a known non-Analytic attacker; Analytic can read turn order into damage.
513	ITEM_UTILITY_UMBRELLA	Utility Umbrella	HOLD_EFFECT_UTILITY_UMBRELLA	0		UNSUPPORTED_DAMAGE_RELEVANT	weather_shield	Utility Umbrella removes sun/rain effects from its holder (weather damage modifier, Hydro Steam, Orichalcum Pulse, weather speed abilities, Weather Ball). Request-local rule requires observed clear weather.
514	ITEM_CHERI_BERRY	Cheri Berry	HOLD_EFFECT_CURE_PAR	0		UNSUPPORTED_DAMAGE_RELEVANT	post_hit_or_residual	Changes HP, status, stat stages, volatiles or items only through ItemBattleEffects activations (MoveEnd handlers after damage, end of turn, switch-in, or event scripts) or residual/drain handling. It can change later HP/stats/KO, so it is not globally neutral; request-local rule single_hit_item_activation_outside_damage clears it for a single-hit ordinary move.
515	ITEM_CHESTO_BERRY	Chesto Berry	HOLD_EFFECT_CURE_SLP	0		UNSUPPORTED_DAMAGE_RELEVANT	post_hit_or_residual	Changes HP, status, stat stages, volatiles or items only through ItemBattleEffects activations (MoveEnd handlers after damage, end of turn, switch-in, or event scripts) or residual/drain handling. It can change later HP/stats/KO, so it is not globally neutral; request-local rule single_hit_item_activation_outside_damage clears it for a single-hit ordinary move.
516	ITEM_PECHA_BERRY	Pecha Berry	HOLD_EFFECT_CURE_PSN	0		UNSUPPORTED_DAMAGE_RELEVANT	post_hit_or_residual	Changes HP, status, stat stages, volatiles or items only through ItemBattleEffects activations (MoveEnd handlers after damage, end of turn, switch-in, or event scripts) or residual/drain handling. It can change later HP/stats/KO, so it is not globally neutral; request-local rule single_hit_item_activation_outside_damage clears it for a single-hit ordinary move.
517	ITEM_RAWST_BERRY	Rawst Berry	HOLD_EFFECT_CURE_BRN	0		UNSUPPORTED_DAMAGE_RELEVANT	post_hit_or_residual	Changes HP, status, stat stages, volatiles or items only through ItemBattleEffects activations (MoveEnd handlers after damage, end of turn, switch-in, or event scripts) or residual/drain handling. It can change later HP/stats/KO, so it is not globally neutral; request-local rule single_hit_item_activation_outside_damage clears it for a single-hit ordinary move.
518	ITEM_ASPEAR_BERRY	Aspear Berry	HOLD_EFFECT_CURE_FRZ	0		UNSUPPORTED_DAMAGE_RELEVANT	post_hit_or_residual	Changes HP, status, stat stages, volatiles or items only through ItemBattleEffects activations (MoveEnd handlers after damage, end of turn, switch-in, or event scripts) or residual/drain handling. It can change later HP/stats/KO, so it is not globally neutral; request-local rule single_hit_item_activation_outside_damage clears it for a single-hit ordinary move.
519	ITEM_LEPPA_BERRY	Leppa Berry	HOLD_EFFECT_RESTORE_PP	10		UNSUPPORTED_DAMAGE_RELEVANT	post_hit_or_residual	Changes HP, status, stat stages, volatiles or items only through ItemBattleEffects activations (MoveEnd handlers after damage, end of turn, switch-in, or event scripts) or residual/drain handling. It can change later HP/stats/KO, so it is not globally neutral; request-local rule single_hit_item_activation_outside_damage clears it for a single-hit ordinary move.
520	ITEM_ORAN_BERRY	Oran Berry	HOLD_EFFECT_RESTORE_HP	10		UNSUPPORTED_DAMAGE_RELEVANT	post_hit_or_residual	Changes HP, status, stat stages, volatiles or items only through ItemBattleEffects activations (MoveEnd handlers after damage, end of turn, switch-in, or event scripts) or residual/drain handling. It can change later HP/stats/KO, so it is not globally neutral; request-local rule single_hit_item_activation_outside_damage clears it for a single-hit ordinary move.
521	ITEM_PERSIM_BERRY	Persim Berry	HOLD_EFFECT_CURE_CONFUSION	0		UNSUPPORTED_DAMAGE_RELEVANT	post_hit_or_residual	Changes HP, status, stat stages, volatiles or items only through ItemBattleEffects activations (MoveEnd handlers after damage, end of turn, switch-in, or event scripts) or residual/drain handling. It can change later HP/stats/KO, so it is not globally neutral; request-local rule single_hit_item_activation_outside_damage clears it for a single-hit ordinary move.
522	ITEM_LUM_BERRY	Lum Berry	HOLD_EFFECT_CURE_STATUS	0		UNSUPPORTED_DAMAGE_RELEVANT	post_hit_or_residual	Changes HP, status, stat stages, volatiles or items only through ItemBattleEffects activations (MoveEnd handlers after damage, end of turn, switch-in, or event scripts) or residual/drain handling. It can change later HP/stats/KO, so it is not globally neutral; request-local rule single_hit_item_activation_outside_damage clears it for a single-hit ordinary move.
523	ITEM_SITRUS_BERRY	Sitrus Berry	HOLD_EFFECT_RESTORE_PCT_HP	25		UNSUPPORTED_DAMAGE_RELEVANT	post_hit_or_residual	Changes HP, status, stat stages, volatiles or items only through ItemBattleEffects activations (MoveEnd handlers after damage, end of turn, switch-in, or event scripts) or residual/drain handling. It can change later HP/stats/KO, so it is not globally neutral; request-local rule single_hit_item_activation_outside_damage clears it for a single-hit ordinary move.
524	ITEM_FIGY_BERRY	Figy Berry	HOLD_EFFECT_CONFUSE_SPICY	8		UNSUPPORTED_DAMAGE_RELEVANT	post_hit_or_residual	Changes HP, status, stat stages, volatiles or items only through ItemBattleEffects activations (MoveEnd handlers after damage, end of turn, switch-in, or event scripts) or residual/drain handling. It can change later HP/stats/KO, so it is not globally neutral; request-local rule single_hit_item_activation_outside_damage clears it for a single-hit ordinary move.
525	ITEM_WIKI_BERRY	Wiki Berry	HOLD_EFFECT_CONFUSE_DRY	8		UNSUPPORTED_DAMAGE_RELEVANT	post_hit_or_residual	Changes HP, status, stat stages, volatiles or items only through ItemBattleEffects activations (MoveEnd handlers after damage, end of turn, switch-in, or event scripts) or residual/drain handling. It can change later HP/stats/KO, so it is not globally neutral; request-local rule single_hit_item_activation_outside_damage clears it for a single-hit ordinary move.
526	ITEM_MAGO_BERRY	Mago Berry	HOLD_EFFECT_CONFUSE_SWEET	8		UNSUPPORTED_DAMAGE_RELEVANT	post_hit_or_residual	Changes HP, status, stat stages, volatiles or items only through ItemBattleEffects activations (MoveEnd handlers after damage, end of turn, switch-in, or event scripts) or residual/drain handling. It can change later HP/stats/KO, so it is not globally neutral; request-local rule single_hit_item_activation_outside_damage clears it for a single-hit ordinary move.
527	ITEM_AGUAV_BERRY	Aguav Berry	HOLD_EFFECT_CONFUSE_BITTER	8		UNSUPPORTED_DAMAGE_RELEVANT	post_hit_or_residual	Changes HP, status, stat stages, volatiles or items only through ItemBattleEffects activations (MoveEnd handlers after damage, end of turn, switch-in, or event scripts) or residual/drain handling. It can change later HP/stats/KO, so it is not globally neutral; request-local rule single_hit_item_activation_outside_damage clears it for a single-hit ordinary move.
528	ITEM_IAPAPA_BERRY	Iapapa Berry	HOLD_EFFECT_CONFUSE_SOUR	8		UNSUPPORTED_DAMAGE_RELEVANT	post_hit_or_residual	Changes HP, status, stat stages, volatiles or items only through ItemBattleEffects activations (MoveEnd handlers after damage, end of turn, switch-in, or event scripts) or residual/drain handling. It can change later HP/stats/KO, so it is not globally neutral; request-local rule single_hit_item_activation_outside_damage clears it for a single-hit ordinary move.
529	ITEM_RAZZ_BERRY	Razz Berry	HOLD_EFFECT_NONE	0		PROVEN_NO_ORDINARY_DAMAGE_EFFECT	no_battle_effect	Every pinned reference is outside battle damage (prize money, friendship, EXP, wild encounters, fleeing, evolution/breeding) or the hold effect has no battle reference at all.
530	ITEM_BLUK_BERRY	Bluk Berry	HOLD_EFFECT_NONE	0		PROVEN_NO_ORDINARY_DAMAGE_EFFECT	no_battle_effect	Every pinned reference is outside battle damage (prize money, friendship, EXP, wild encounters, fleeing, evolution/breeding) or the hold effect has no battle reference at all.
531	ITEM_NANAB_BERRY	Nanab Berry	HOLD_EFFECT_NONE	0		PROVEN_NO_ORDINARY_DAMAGE_EFFECT	no_battle_effect	Every pinned reference is outside battle damage (prize money, friendship, EXP, wild encounters, fleeing, evolution/breeding) or the hold effect has no battle reference at all.
532	ITEM_WEPEAR_BERRY	Wepear Berry	HOLD_EFFECT_NONE	0		PROVEN_NO_ORDINARY_DAMAGE_EFFECT	no_battle_effect	Every pinned reference is outside battle damage (prize money, friendship, EXP, wild encounters, fleeing, evolution/breeding) or the hold effect has no battle reference at all.
533	ITEM_PINAP_BERRY	Pinap Berry	HOLD_EFFECT_NONE	0		PROVEN_NO_ORDINARY_DAMAGE_EFFECT	no_battle_effect	Every pinned reference is outside battle damage (prize money, friendship, EXP, wild encounters, fleeing, evolution/breeding) or the hold effect has no battle reference at all.
534	ITEM_POMEG_BERRY	Pomeg Berry	HOLD_EFFECT_NONE	0		PROVEN_NO_ORDINARY_DAMAGE_EFFECT	no_battle_effect	Every pinned reference is outside battle damage (prize money, friendship, EXP, wild encounters, fleeing, evolution/breeding) or the hold effect has no battle reference at all.
535	ITEM_KELPSY_BERRY	Kelpsy Berry	HOLD_EFFECT_NONE	0		PROVEN_NO_ORDINARY_DAMAGE_EFFECT	no_battle_effect	Every pinned reference is outside battle damage (prize money, friendship, EXP, wild encounters, fleeing, evolution/breeding) or the hold effect has no battle reference at all.
536	ITEM_QUALOT_BERRY	Qualot Berry	HOLD_EFFECT_NONE	0		PROVEN_NO_ORDINARY_DAMAGE_EFFECT	no_battle_effect	Every pinned reference is outside battle damage (prize money, friendship, EXP, wild encounters, fleeing, evolution/breeding) or the hold effect has no battle reference at all.
537	ITEM_HONDEW_BERRY	Hondew Berry	HOLD_EFFECT_NONE	0		PROVEN_NO_ORDINARY_DAMAGE_EFFECT	no_battle_effect	Every pinned reference is outside battle damage (prize money, friendship, EXP, wild encounters, fleeing, evolution/breeding) or the hold effect has no battle reference at all.
538	ITEM_GREPA_BERRY	Grepa Berry	HOLD_EFFECT_NONE	0		PROVEN_NO_ORDINARY_DAMAGE_EFFECT	no_battle_effect	Every pinned reference is outside battle damage (prize money, friendship, EXP, wild encounters, fleeing, evolution/breeding) or the hold effect has no battle reference at all.
539	ITEM_TAMATO_BERRY	Tamato Berry	HOLD_EFFECT_NONE	0		PROVEN_NO_ORDINARY_DAMAGE_EFFECT	no_battle_effect	Every pinned reference is outside battle damage (prize money, friendship, EXP, wild encounters, fleeing, evolution/breeding) or the hold effect has no battle reference at all.
540	ITEM_CORNN_BERRY	Cornn Berry	HOLD_EFFECT_NONE	0		PROVEN_NO_ORDINARY_DAMAGE_EFFECT	no_battle_effect	Every pinned reference is outside battle damage (prize money, friendship, EXP, wild encounters, fleeing, evolution/breeding) or the hold effect has no battle reference at all.
541	ITEM_MAGOST_BERRY	Magost Berry	HOLD_EFFECT_NONE	0		PROVEN_NO_ORDINARY_DAMAGE_EFFECT	no_battle_effect	Every pinned reference is outside battle damage (prize money, friendship, EXP, wild encounters, fleeing, evolution/breeding) or the hold effect has no battle reference at all.
542	ITEM_RABUTA_BERRY	Rabuta Berry	HOLD_EFFECT_NONE	0		PROVEN_NO_ORDINARY_DAMAGE_EFFECT	no_battle_effect	Every pinned reference is outside battle damage (prize money, friendship, EXP, wild encounters, fleeing, evolution/breeding) or the hold effect has no battle reference at all.
543	ITEM_NOMEL_BERRY	Nomel Berry	HOLD_EFFECT_NONE	0		PROVEN_NO_ORDINARY_DAMAGE_EFFECT	no_battle_effect	Every pinned reference is outside battle damage (prize money, friendship, EXP, wild encounters, fleeing, evolution/breeding) or the hold effect has no battle reference at all.
544	ITEM_SPELON_BERRY	Spelon Berry	HOLD_EFFECT_NONE	0		PROVEN_NO_ORDINARY_DAMAGE_EFFECT	no_battle_effect	Every pinned reference is outside battle damage (prize money, friendship, EXP, wild encounters, fleeing, evolution/breeding) or the hold effect has no battle reference at all.
545	ITEM_PAMTRE_BERRY	Pamtre Berry	HOLD_EFFECT_NONE	0		PROVEN_NO_ORDINARY_DAMAGE_EFFECT	no_battle_effect	Every pinned reference is outside battle damage (prize money, friendship, EXP, wild encounters, fleeing, evolution/breeding) or the hold effect has no battle reference at all.
546	ITEM_WATMEL_BERRY	Watmel Berry	HOLD_EFFECT_NONE	0		PROVEN_NO_ORDINARY_DAMAGE_EFFECT	no_battle_effect	Every pinned reference is outside battle damage (prize money, friendship, EXP, wild encounters, fleeing, evolution/breeding) or the hold effect has no battle reference at all.
547	ITEM_DURIN_BERRY	Durin Berry	HOLD_EFFECT_NONE	0		PROVEN_NO_ORDINARY_DAMAGE_EFFECT	no_battle_effect	Every pinned reference is outside battle damage (prize money, friendship, EXP, wild encounters, fleeing, evolution/breeding) or the hold effect has no battle reference at all.
548	ITEM_BELUE_BERRY	Belue Berry	HOLD_EFFECT_NONE	0		PROVEN_NO_ORDINARY_DAMAGE_EFFECT	no_battle_effect	Every pinned reference is outside battle damage (prize money, friendship, EXP, wild encounters, fleeing, evolution/breeding) or the hold effect has no battle reference at all.
549	ITEM_CHILAN_BERRY	Chilan Berry	HOLD_EFFECT_RESIST_BERRY	1	NORMAL	UNSUPPORTED_DAMAGE_RELEVANT	defender_defense	Read only as the DEFENDER's hold effect in the pinned damage path (Defense/Sp. Def stat, final modifier, type-immunity override, or survival in GetAdjustedDamage). Attacker-side and non-matching-context rules are request-local.
550	ITEM_OCCA_BERRY	Occa Berry	HOLD_EFFECT_RESIST_BERRY	11	FIRE	UNSUPPORTED_DAMAGE_RELEVANT	defender_defense	Read only as the DEFENDER's hold effect in the pinned damage path (Defense/Sp. Def stat, final modifier, type-immunity override, or survival in GetAdjustedDamage). Attacker-side and non-matching-context rules are request-local.
551	ITEM_PASSHO_BERRY	Passho Berry	HOLD_EFFECT_RESIST_BERRY	12	WATER	UNSUPPORTED_DAMAGE_RELEVANT	defender_defense	Read only as the DEFENDER's hold effect in the pinned damage path (Defense/Sp. Def stat, final modifier, type-immunity override, or survival in GetAdjustedDamage). Attacker-side and non-matching-context rules are request-local.
552	ITEM_WACAN_BERRY	Wacan Berry	HOLD_EFFECT_RESIST_BERRY	14	ELECTRIC	UNSUPPORTED_DAMAGE_RELEVANT	defender_defense	Read only as the DEFENDER's hold effect in the pinned damage path (Defense/Sp. Def stat, final modifier, type-immunity override, or survival in GetAdjustedDamage). Attacker-side and non-matching-context rules are request-local.
553	ITEM_RINDO_BERRY	Rindo Berry	HOLD_EFFECT_RESIST_BERRY	13	GRASS	UNSUPPORTED_DAMAGE_RELEVANT	defender_defense	Read only as the DEFENDER's hold effect in the pinned damage path (Defense/Sp. Def stat, final modifier, type-immunity override, or survival in GetAdjustedDamage). Attacker-side and non-matching-context rules are request-local.
554	ITEM_YACHE_BERRY	Yache Berry	HOLD_EFFECT_RESIST_BERRY	16	ICE	UNSUPPORTED_DAMAGE_RELEVANT	defender_defense	Read only as the DEFENDER's hold effect in the pinned damage path (Defense/Sp. Def stat, final modifier, type-immunity override, or survival in GetAdjustedDamage). Attacker-side and non-matching-context rules are request-local.
555	ITEM_CHOPLE_BERRY	Chople Berry	HOLD_EFFECT_RESIST_BERRY	2	FIGHTING	UNSUPPORTED_DAMAGE_RELEVANT	defender_defense	Read only as the DEFENDER's hold effect in the pinned damage path (Defense/Sp. Def stat, final modifier, type-immunity override, or survival in GetAdjustedDamage). Attacker-side and non-matching-context rules are request-local.
556	ITEM_KEBIA_BERRY	Kebia Berry	HOLD_EFFECT_RESIST_BERRY	4	POISON	UNSUPPORTED_DAMAGE_RELEVANT	defender_defense	Read only as the DEFENDER's hold effect in the pinned damage path (Defense/Sp. Def stat, final modifier, type-immunity override, or survival in GetAdjustedDamage). Attacker-side and non-matching-context rules are request-local.
557	ITEM_SHUCA_BERRY	Shuca Berry	HOLD_EFFECT_RESIST_BERRY	5	GROUND	UNSUPPORTED_DAMAGE_RELEVANT	defender_defense	Read only as the DEFENDER's hold effect in the pinned damage path (Defense/Sp. Def stat, final modifier, type-immunity override, or survival in GetAdjustedDamage). Attacker-side and non-matching-context rules are request-local.
558	ITEM_COBA_BERRY	Coba Berry	HOLD_EFFECT_RESIST_BERRY	3	FLYING	UNSUPPORTED_DAMAGE_RELEVANT	defender_defense	Read only as the DEFENDER's hold effect in the pinned damage path (Defense/Sp. Def stat, final modifier, type-immunity override, or survival in GetAdjustedDamage). Attacker-side and non-matching-context rules are request-local.
559	ITEM_PAYAPA_BERRY	Payapa Berry	HOLD_EFFECT_RESIST_BERRY	15	PSYCHIC	UNSUPPORTED_DAMAGE_RELEVANT	defender_defense	Read only as the DEFENDER's hold effect in the pinned damage path (Defense/Sp. Def stat, final modifier, type-immunity override, or survival in GetAdjustedDamage). Attacker-side and non-matching-context rules are request-local.
560	ITEM_TANGA_BERRY	Tanga Berry	HOLD_EFFECT_RESIST_BERRY	7	BUG	UNSUPPORTED_DAMAGE_RELEVANT	defender_defense	Read only as the DEFENDER's hold effect in the pinned damage path (Defense/Sp. Def stat, final modifier, type-immunity override, or survival in GetAdjustedDamage). Attacker-side and non-matching-context rules are request-local.
561	ITEM_CHARTI_BERRY	Charti Berry	HOLD_EFFECT_RESIST_BERRY	6	ROCK	UNSUPPORTED_DAMAGE_RELEVANT	defender_defense	Read only as the DEFENDER's hold effect in the pinned damage path (Defense/Sp. Def stat, final modifier, type-immunity override, or survival in GetAdjustedDamage). Attacker-side and non-matching-context rules are request-local.
562	ITEM_KASIB_BERRY	Kasib Berry	HOLD_EFFECT_RESIST_BERRY	8	GHOST	UNSUPPORTED_DAMAGE_RELEVANT	defender_defense	Read only as the DEFENDER's hold effect in the pinned damage path (Defense/Sp. Def stat, final modifier, type-immunity override, or survival in GetAdjustedDamage). Attacker-side and non-matching-context rules are request-local.
563	ITEM_HABAN_BERRY	Haban Berry	HOLD_EFFECT_RESIST_BERRY	17	DRAGON	UNSUPPORTED_DAMAGE_RELEVANT	defender_defense	Read only as the DEFENDER's hold effect in the pinned damage path (Defense/Sp. Def stat, final modifier, type-immunity override, or survival in GetAdjustedDamage). Attacker-side and non-matching-context rules are request-local.
564	ITEM_COLBUR_BERRY	Colbur Berry	HOLD_EFFECT_RESIST_BERRY	18	DARK	UNSUPPORTED_DAMAGE_RELEVANT	defender_defense	Read only as the DEFENDER's hold effect in the pinned damage path (Defense/Sp. Def stat, final modifier, type-immunity override, or survival in GetAdjustedDamage). Attacker-side and non-matching-context rules are request-local.
565	ITEM_BABIRI_BERRY	Babiri Berry	HOLD_EFFECT_RESIST_BERRY	9	STEEL	UNSUPPORTED_DAMAGE_RELEVANT	defender_defense	Read only as the DEFENDER's hold effect in the pinned damage path (Defense/Sp. Def stat, final modifier, type-immunity override, or survival in GetAdjustedDamage). Attacker-side and non-matching-context rules are request-local.
566	ITEM_ROSELI_BERRY	Roseli Berry	HOLD_EFFECT_RESIST_BERRY	19	FAIRY	UNSUPPORTED_DAMAGE_RELEVANT	defender_defense	Read only as the DEFENDER's hold effect in the pinned damage path (Defense/Sp. Def stat, final modifier, type-immunity override, or survival in GetAdjustedDamage). Attacker-side and non-matching-context rules are request-local.
567	ITEM_LIECHI_BERRY	Liechi Berry	HOLD_EFFECT_ATTACK_UP	4		UNSUPPORTED_DAMAGE_RELEVANT	post_hit_or_residual	Changes HP, status, stat stages, volatiles or items only through ItemBattleEffects activations (MoveEnd handlers after damage, end of turn, switch-in, or event scripts) or residual/drain handling. It can change later HP/stats/KO, so it is not globally neutral; request-local rule single_hit_item_activation_outside_damage clears it for a single-hit ordinary move.
568	ITEM_GANLON_BERRY	Ganlon Berry	HOLD_EFFECT_DEFENSE_UP	4		UNSUPPORTED_DAMAGE_RELEVANT	post_hit_or_residual	Changes HP, status, stat stages, volatiles or items only through ItemBattleEffects activations (MoveEnd handlers after damage, end of turn, switch-in, or event scripts) or residual/drain handling. It can change later HP/stats/KO, so it is not globally neutral; request-local rule single_hit_item_activation_outside_damage clears it for a single-hit ordinary move.
569	ITEM_SALAC_BERRY	Salac Berry	HOLD_EFFECT_SPEED_UP	4		UNSUPPORTED_DAMAGE_RELEVANT	post_hit_or_residual	Changes HP, status, stat stages, volatiles or items only through ItemBattleEffects activations (MoveEnd handlers after damage, end of turn, switch-in, or event scripts) or residual/drain handling. It can change later HP/stats/KO, so it is not globally neutral; request-local rule single_hit_item_activation_outside_damage clears it for a single-hit ordinary move.
570	ITEM_PETAYA_BERRY	Petaya Berry	HOLD_EFFECT_SP_ATTACK_UP	4		UNSUPPORTED_DAMAGE_RELEVANT	post_hit_or_residual	Changes HP, status, stat stages, volatiles or items only through ItemBattleEffects activations (MoveEnd handlers after damage, end of turn, switch-in, or event scripts) or residual/drain handling. It can change later HP/stats/KO, so it is not globally neutral; request-local rule single_hit_item_activation_outside_damage clears it for a single-hit ordinary move.
571	ITEM_APICOT_BERRY	Apicot Berry	HOLD_EFFECT_SP_DEFENSE_UP	4		UNSUPPORTED_DAMAGE_RELEVANT	post_hit_or_residual	Changes HP, status, stat stages, volatiles or items only through ItemBattleEffects activations (MoveEnd handlers after damage, end of turn, switch-in, or event scripts) or residual/drain handling. It can change later HP/stats/KO, so it is not globally neutral; request-local rule single_hit_item_activation_outside_damage clears it for a single-hit ordinary move.
572	ITEM_LANSAT_BERRY	Lansat Berry	HOLD_EFFECT_CRITICAL_UP	4		UNSUPPORTED_DAMAGE_RELEVANT	post_hit_or_residual	Changes HP, status, stat stages, volatiles or items only through ItemBattleEffects activations (MoveEnd handlers after damage, end of turn, switch-in, or event scripts) or residual/drain handling. It can change later HP/stats/KO, so it is not globally neutral; request-local rule single_hit_item_activation_outside_damage clears it for a single-hit ordinary move.
573	ITEM_STARF_BERRY	Starf Berry	HOLD_EFFECT_RANDOM_STAT_UP	4		UNSUPPORTED_DAMAGE_RELEVANT	post_hit_or_residual	Changes HP, status, stat stages, volatiles or items only through ItemBattleEffects activations (MoveEnd handlers after damage, end of turn, switch-in, or event scripts) or residual/drain handling. It can change later HP/stats/KO, so it is not globally neutral; request-local rule single_hit_item_activation_outside_damage clears it for a single-hit ordinary move.
574	ITEM_ENIGMA_BERRY	Enigma Berry	HOLD_EFFECT_ENIGMA_BERRY	0		UNSUPPORTED_DAMAGE_RELEVANT	post_hit_or_residual	Changes HP, status, stat stages, volatiles or items only through ItemBattleEffects activations (MoveEnd handlers after damage, end of turn, switch-in, or event scripts) or residual/drain handling. It can change later HP/stats/KO, so it is not globally neutral; request-local rule single_hit_item_activation_outside_damage clears it for a single-hit ordinary move.
575	ITEM_MICLE_BERRY	Micle Berry	HOLD_EFFECT_MICLE_BERRY	4		UNSUPPORTED_DAMAGE_RELEVANT	post_hit_or_residual	Changes HP, status, stat stages, volatiles or items only through ItemBattleEffects activations (MoveEnd handlers after damage, end of turn, switch-in, or event scripts) or residual/drain handling. It can change later HP/stats/KO, so it is not globally neutral; request-local rule single_hit_item_activation_outside_damage clears it for a single-hit ordinary move.
576	ITEM_CUSTAP_BERRY	Custap Berry	HOLD_EFFECT_CUSTAP_BERRY	4		UNSUPPORTED_DAMAGE_RELEVANT	turn_order	Changes speed/turn order only (GetBattlerTotalSpeedStat or the turn-order comparison). Speed-based power and order-dependent moves/abilities are damage-relevant, so it is not globally neutral; request-local rule turn_order_item_ordinary_move clears it when neither can apply.
577	ITEM_JABOCA_BERRY	Jaboca Berry	HOLD_EFFECT_JABOCA_BERRY	0		UNSUPPORTED_DAMAGE_RELEVANT	post_hit_or_residual	Changes HP, status, stat stages, volatiles or items only through ItemBattleEffects activations (MoveEnd handlers after damage, end of turn, switch-in, or event scripts) or residual/drain handling. It can change later HP/stats/KO, so it is not globally neutral; request-local rule single_hit_item_activation_outside_damage clears it for a single-hit ordinary move.
578	ITEM_ROWAP_BERRY	Rowap Berry	HOLD_EFFECT_ROWAP_BERRY	0		UNSUPPORTED_DAMAGE_RELEVANT	post_hit_or_residual	Changes HP, status, stat stages, volatiles or items only through ItemBattleEffects activations (MoveEnd handlers after damage, end of turn, switch-in, or event scripts) or residual/drain handling. It can change later HP/stats/KO, so it is not globally neutral; request-local rule single_hit_item_activation_outside_damage clears it for a single-hit ordinary move.
579	ITEM_KEE_BERRY	Kee Berry	HOLD_EFFECT_KEE_BERRY	0		UNSUPPORTED_DAMAGE_RELEVANT	post_hit_or_residual	Changes HP, status, stat stages, volatiles or items only through ItemBattleEffects activations (MoveEnd handlers after damage, end of turn, switch-in, or event scripts) or residual/drain handling. It can change later HP/stats/KO, so it is not globally neutral; request-local rule single_hit_item_activation_outside_damage clears it for a single-hit ordinary move.
580	ITEM_MARANGA_BERRY	Maranga Berry	HOLD_EFFECT_MARANGA_BERRY	0		UNSUPPORTED_DAMAGE_RELEVANT	post_hit_or_residual	Changes HP, status, stat stages, volatiles or items only through ItemBattleEffects activations (MoveEnd handlers after damage, end of turn, switch-in, or event scripts) or residual/drain handling. It can change later HP/stats/KO, so it is not globally neutral; request-local rule single_hit_item_activation_outside_damage clears it for a single-hit ordinary move.
581	ITEM_ENIGMA_BERRY_E_READER	Enigma Berry	HOLD_EFFECT_NONE	0		UNCLASSIFIED	identity_exception	The e-Reader Enigma Berry has no static holdEffect: GetBattlerHoldEffectInternal returns the runtime gEnigmaBerries[battler].holdEffect for this exact ID (src/battle_util.c:5834). Its catalogue HOLD_EFFECT_NONE is therefore not its battle effect; it is not classified by family and fails closed.
582	ITEM_TM_FOCUS_PUNCH	Tm01	HOLD_EFFECT_NONE	0		PROVEN_NO_ORDINARY_DAMAGE_EFFECT	no_battle_effect	Every pinned reference is outside battle damage (prize money, friendship, EXP, wild encounters, fleeing, evolution/breeding) or the hold effect has no battle reference at all.
583	ITEM_TM_DRAGON_CLAW	Tm02	HOLD_EFFECT_NONE	0		PROVEN_NO_ORDINARY_DAMAGE_EFFECT	no_battle_effect	Every pinned reference is outside battle damage (prize money, friendship, EXP, wild encounters, fleeing, evolution/breeding) or the hold effect has no battle reference at all.
584	ITEM_TM_WATER_PULSE	Tm03	HOLD_EFFECT_NONE	0		PROVEN_NO_ORDINARY_DAMAGE_EFFECT	no_battle_effect	Every pinned reference is outside battle damage (prize money, friendship, EXP, wild encounters, fleeing, evolution/breeding) or the hold effect has no battle reference at all.
585	ITEM_TM_CALM_MIND	Tm04	HOLD_EFFECT_NONE	0		PROVEN_NO_ORDINARY_DAMAGE_EFFECT	no_battle_effect	Every pinned reference is outside battle damage (prize money, friendship, EXP, wild encounters, fleeing, evolution/breeding) or the hold effect has no battle reference at all.
586	ITEM_TM_ROAR	Tm05	HOLD_EFFECT_NONE	0		PROVEN_NO_ORDINARY_DAMAGE_EFFECT	no_battle_effect	Every pinned reference is outside battle damage (prize money, friendship, EXP, wild encounters, fleeing, evolution/breeding) or the hold effect has no battle reference at all.
587	ITEM_TM_TOXIC	Tm06	HOLD_EFFECT_NONE	0		PROVEN_NO_ORDINARY_DAMAGE_EFFECT	no_battle_effect	Every pinned reference is outside battle damage (prize money, friendship, EXP, wild encounters, fleeing, evolution/breeding) or the hold effect has no battle reference at all.
588	ITEM_TM_HAIL	Tm07	HOLD_EFFECT_NONE	0		PROVEN_NO_ORDINARY_DAMAGE_EFFECT	no_battle_effect	Every pinned reference is outside battle damage (prize money, friendship, EXP, wild encounters, fleeing, evolution/breeding) or the hold effect has no battle reference at all.
589	ITEM_TM_BULK_UP	Tm08	HOLD_EFFECT_NONE	0		PROVEN_NO_ORDINARY_DAMAGE_EFFECT	no_battle_effect	Every pinned reference is outside battle damage (prize money, friendship, EXP, wild encounters, fleeing, evolution/breeding) or the hold effect has no battle reference at all.
590	ITEM_TM_BULLET_SEED	Tm09	HOLD_EFFECT_NONE	0		PROVEN_NO_ORDINARY_DAMAGE_EFFECT	no_battle_effect	Every pinned reference is outside battle damage (prize money, friendship, EXP, wild encounters, fleeing, evolution/breeding) or the hold effect has no battle reference at all.
591	ITEM_TM_HIDDEN_POWER	Tm10	HOLD_EFFECT_NONE	0		PROVEN_NO_ORDINARY_DAMAGE_EFFECT	no_battle_effect	Every pinned reference is outside battle damage (prize money, friendship, EXP, wild encounters, fleeing, evolution/breeding) or the hold effect has no battle reference at all.
592	ITEM_TM_SUNNY_DAY	Tm11	HOLD_EFFECT_NONE	0		PROVEN_NO_ORDINARY_DAMAGE_EFFECT	no_battle_effect	Every pinned reference is outside battle damage (prize money, friendship, EXP, wild encounters, fleeing, evolution/breeding) or the hold effect has no battle reference at all.
593	ITEM_TM_TAUNT	Tm12	HOLD_EFFECT_NONE	0		PROVEN_NO_ORDINARY_DAMAGE_EFFECT	no_battle_effect	Every pinned reference is outside battle damage (prize money, friendship, EXP, wild encounters, fleeing, evolution/breeding) or the hold effect has no battle reference at all.
594	ITEM_TM_ICE_BEAM	Tm13	HOLD_EFFECT_NONE	0		PROVEN_NO_ORDINARY_DAMAGE_EFFECT	no_battle_effect	Every pinned reference is outside battle damage (prize money, friendship, EXP, wild encounters, fleeing, evolution/breeding) or the hold effect has no battle reference at all.
595	ITEM_TM_BLIZZARD	Tm14	HOLD_EFFECT_NONE	0		PROVEN_NO_ORDINARY_DAMAGE_EFFECT	no_battle_effect	Every pinned reference is outside battle damage (prize money, friendship, EXP, wild encounters, fleeing, evolution/breeding) or the hold effect has no battle reference at all.
596	ITEM_TM_HYPER_BEAM	Tm15	HOLD_EFFECT_NONE	0		PROVEN_NO_ORDINARY_DAMAGE_EFFECT	no_battle_effect	Every pinned reference is outside battle damage (prize money, friendship, EXP, wild encounters, fleeing, evolution/breeding) or the hold effect has no battle reference at all.
597	ITEM_TM_LIGHT_SCREEN	Tm16	HOLD_EFFECT_NONE	0		PROVEN_NO_ORDINARY_DAMAGE_EFFECT	no_battle_effect	Every pinned reference is outside battle damage (prize money, friendship, EXP, wild encounters, fleeing, evolution/breeding) or the hold effect has no battle reference at all.
598	ITEM_TM_PROTECT	Tm17	HOLD_EFFECT_NONE	0		PROVEN_NO_ORDINARY_DAMAGE_EFFECT	no_battle_effect	Every pinned reference is outside battle damage (prize money, friendship, EXP, wild encounters, fleeing, evolution/breeding) or the hold effect has no battle reference at all.
599	ITEM_TM_RAIN_DANCE	Tm18	HOLD_EFFECT_NONE	0		PROVEN_NO_ORDINARY_DAMAGE_EFFECT	no_battle_effect	Every pinned reference is outside battle damage (prize money, friendship, EXP, wild encounters, fleeing, evolution/breeding) or the hold effect has no battle reference at all.
600	ITEM_TM_GIGA_DRAIN	Tm19	HOLD_EFFECT_NONE	0		PROVEN_NO_ORDINARY_DAMAGE_EFFECT	no_battle_effect	Every pinned reference is outside battle damage (prize money, friendship, EXP, wild encounters, fleeing, evolution/breeding) or the hold effect has no battle reference at all.
601	ITEM_TM_SAFEGUARD	Tm20	HOLD_EFFECT_NONE	0		PROVEN_NO_ORDINARY_DAMAGE_EFFECT	no_battle_effect	Every pinned reference is outside battle damage (prize money, friendship, EXP, wild encounters, fleeing, evolution/breeding) or the hold effect has no battle reference at all.
602	ITEM_TM_FRUSTRATION	Tm21	HOLD_EFFECT_NONE	0		PROVEN_NO_ORDINARY_DAMAGE_EFFECT	no_battle_effect	Every pinned reference is outside battle damage (prize money, friendship, EXP, wild encounters, fleeing, evolution/breeding) or the hold effect has no battle reference at all.
603	ITEM_TM_SOLAR_BEAM	Tm22	HOLD_EFFECT_NONE	0		PROVEN_NO_ORDINARY_DAMAGE_EFFECT	no_battle_effect	Every pinned reference is outside battle damage (prize money, friendship, EXP, wild encounters, fleeing, evolution/breeding) or the hold effect has no battle reference at all.
604	ITEM_TM_IRON_TAIL	Tm23	HOLD_EFFECT_NONE	0		PROVEN_NO_ORDINARY_DAMAGE_EFFECT	no_battle_effect	Every pinned reference is outside battle damage (prize money, friendship, EXP, wild encounters, fleeing, evolution/breeding) or the hold effect has no battle reference at all.
605	ITEM_TM_THUNDERBOLT	Tm24	HOLD_EFFECT_NONE	0		PROVEN_NO_ORDINARY_DAMAGE_EFFECT	no_battle_effect	Every pinned reference is outside battle damage (prize money, friendship, EXP, wild encounters, fleeing, evolution/breeding) or the hold effect has no battle reference at all.
606	ITEM_TM_THUNDER	Tm25	HOLD_EFFECT_NONE	0		PROVEN_NO_ORDINARY_DAMAGE_EFFECT	no_battle_effect	Every pinned reference is outside battle damage (prize money, friendship, EXP, wild encounters, fleeing, evolution/breeding) or the hold effect has no battle reference at all.
607	ITEM_TM_EARTHQUAKE	Tm26	HOLD_EFFECT_NONE	0		PROVEN_NO_ORDINARY_DAMAGE_EFFECT	no_battle_effect	Every pinned reference is outside battle damage (prize money, friendship, EXP, wild encounters, fleeing, evolution/breeding) or the hold effect has no battle reference at all.
608	ITEM_TM_RETURN	Tm27	HOLD_EFFECT_NONE	0		PROVEN_NO_ORDINARY_DAMAGE_EFFECT	no_battle_effect	Every pinned reference is outside battle damage (prize money, friendship, EXP, wild encounters, fleeing, evolution/breeding) or the hold effect has no battle reference at all.
609	ITEM_TM_DIG	Tm28	HOLD_EFFECT_NONE	0		PROVEN_NO_ORDINARY_DAMAGE_EFFECT	no_battle_effect	Every pinned reference is outside battle damage (prize money, friendship, EXP, wild encounters, fleeing, evolution/breeding) or the hold effect has no battle reference at all.
610	ITEM_TM_PSYCHIC	Tm29	HOLD_EFFECT_NONE	0		PROVEN_NO_ORDINARY_DAMAGE_EFFECT	no_battle_effect	Every pinned reference is outside battle damage (prize money, friendship, EXP, wild encounters, fleeing, evolution/breeding) or the hold effect has no battle reference at all.
611	ITEM_TM_SHADOW_BALL	Tm30	HOLD_EFFECT_NONE	0		PROVEN_NO_ORDINARY_DAMAGE_EFFECT	no_battle_effect	Every pinned reference is outside battle damage (prize money, friendship, EXP, wild encounters, fleeing, evolution/breeding) or the hold effect has no battle reference at all.
612	ITEM_TM_BRICK_BREAK	Tm31	HOLD_EFFECT_NONE	0		PROVEN_NO_ORDINARY_DAMAGE_EFFECT	no_battle_effect	Every pinned reference is outside battle damage (prize money, friendship, EXP, wild encounters, fleeing, evolution/breeding) or the hold effect has no battle reference at all.
613	ITEM_TM_DOUBLE_TEAM	Tm32	HOLD_EFFECT_NONE	0		PROVEN_NO_ORDINARY_DAMAGE_EFFECT	no_battle_effect	Every pinned reference is outside battle damage (prize money, friendship, EXP, wild encounters, fleeing, evolution/breeding) or the hold effect has no battle reference at all.
614	ITEM_TM_REFLECT	Tm33	HOLD_EFFECT_NONE	0		PROVEN_NO_ORDINARY_DAMAGE_EFFECT	no_battle_effect	Every pinned reference is outside battle damage (prize money, friendship, EXP, wild encounters, fleeing, evolution/breeding) or the hold effect has no battle reference at all.
615	ITEM_TM_SHOCK_WAVE	Tm34	HOLD_EFFECT_NONE	0		PROVEN_NO_ORDINARY_DAMAGE_EFFECT	no_battle_effect	Every pinned reference is outside battle damage (prize money, friendship, EXP, wild encounters, fleeing, evolution/breeding) or the hold effect has no battle reference at all.
616	ITEM_TM_FLAMETHROWER	Tm35	HOLD_EFFECT_NONE	0		PROVEN_NO_ORDINARY_DAMAGE_EFFECT	no_battle_effect	Every pinned reference is outside battle damage (prize money, friendship, EXP, wild encounters, fleeing, evolution/breeding) or the hold effect has no battle reference at all.
617	ITEM_TM_SLUDGE_BOMB	Tm36	HOLD_EFFECT_NONE	0		PROVEN_NO_ORDINARY_DAMAGE_EFFECT	no_battle_effect	Every pinned reference is outside battle damage (prize money, friendship, EXP, wild encounters, fleeing, evolution/breeding) or the hold effect has no battle reference at all.
618	ITEM_TM_SANDSTORM	Tm37	HOLD_EFFECT_NONE	0		PROVEN_NO_ORDINARY_DAMAGE_EFFECT	no_battle_effect	Every pinned reference is outside battle damage (prize money, friendship, EXP, wild encounters, fleeing, evolution/breeding) or the hold effect has no battle reference at all.
619	ITEM_TM_FIRE_BLAST	Tm38	HOLD_EFFECT_NONE	0		PROVEN_NO_ORDINARY_DAMAGE_EFFECT	no_battle_effect	Every pinned reference is outside battle damage (prize money, friendship, EXP, wild encounters, fleeing, evolution/breeding) or the hold effect has no battle reference at all.
620	ITEM_TM_ROCK_TOMB	Tm39	HOLD_EFFECT_NONE	0		PROVEN_NO_ORDINARY_DAMAGE_EFFECT	no_battle_effect	Every pinned reference is outside battle damage (prize money, friendship, EXP, wild encounters, fleeing, evolution/breeding) or the hold effect has no battle reference at all.
621	ITEM_TM_AERIAL_ACE	Tm40	HOLD_EFFECT_NONE	0		PROVEN_NO_ORDINARY_DAMAGE_EFFECT	no_battle_effect	Every pinned reference is outside battle damage (prize money, friendship, EXP, wild encounters, fleeing, evolution/breeding) or the hold effect has no battle reference at all.
622	ITEM_TM_TORMENT	Tm41	HOLD_EFFECT_NONE	0		PROVEN_NO_ORDINARY_DAMAGE_EFFECT	no_battle_effect	Every pinned reference is outside battle damage (prize money, friendship, EXP, wild encounters, fleeing, evolution/breeding) or the hold effect has no battle reference at all.
623	ITEM_TM_FACADE	Tm42	HOLD_EFFECT_NONE	0		PROVEN_NO_ORDINARY_DAMAGE_EFFECT	no_battle_effect	Every pinned reference is outside battle damage (prize money, friendship, EXP, wild encounters, fleeing, evolution/breeding) or the hold effect has no battle reference at all.
624	ITEM_TM_SECRET_POWER	Tm43	HOLD_EFFECT_NONE	0		PROVEN_NO_ORDINARY_DAMAGE_EFFECT	no_battle_effect	Every pinned reference is outside battle damage (prize money, friendship, EXP, wild encounters, fleeing, evolution/breeding) or the hold effect has no battle reference at all.
625	ITEM_TM_REST	Tm44	HOLD_EFFECT_NONE	0		PROVEN_NO_ORDINARY_DAMAGE_EFFECT	no_battle_effect	Every pinned reference is outside battle damage (prize money, friendship, EXP, wild encounters, fleeing, evolution/breeding) or the hold effect has no battle reference at all.
626	ITEM_TM_ATTRACT	Tm45	HOLD_EFFECT_NONE	0		PROVEN_NO_ORDINARY_DAMAGE_EFFECT	no_battle_effect	Every pinned reference is outside battle damage (prize money, friendship, EXP, wild encounters, fleeing, evolution/breeding) or the hold effect has no battle reference at all.
627	ITEM_TM_THIEF	Tm46	HOLD_EFFECT_NONE	0		PROVEN_NO_ORDINARY_DAMAGE_EFFECT	no_battle_effect	Every pinned reference is outside battle damage (prize money, friendship, EXP, wild encounters, fleeing, evolution/breeding) or the hold effect has no battle reference at all.
628	ITEM_TM_STEEL_WING	Tm47	HOLD_EFFECT_NONE	0		PROVEN_NO_ORDINARY_DAMAGE_EFFECT	no_battle_effect	Every pinned reference is outside battle damage (prize money, friendship, EXP, wild encounters, fleeing, evolution/breeding) or the hold effect has no battle reference at all.
629	ITEM_TM_SKILL_SWAP	Tm48	HOLD_EFFECT_NONE	0		PROVEN_NO_ORDINARY_DAMAGE_EFFECT	no_battle_effect	Every pinned reference is outside battle damage (prize money, friendship, EXP, wild encounters, fleeing, evolution/breeding) or the hold effect has no battle reference at all.
630	ITEM_TM_SNATCH	Tm49	HOLD_EFFECT_NONE	0		PROVEN_NO_ORDINARY_DAMAGE_EFFECT	no_battle_effect	Every pinned reference is outside battle damage (prize money, friendship, EXP, wild encounters, fleeing, evolution/breeding) or the hold effect has no battle reference at all.
631	ITEM_TM_OVERHEAT	Tm50	HOLD_EFFECT_NONE	0		PROVEN_NO_ORDINARY_DAMAGE_EFFECT	no_battle_effect	Every pinned reference is outside battle damage (prize money, friendship, EXP, wild encounters, fleeing, evolution/breeding) or the hold effect has no battle reference at all.
632	ITEM_TM51	Tm51	HOLD_EFFECT_NONE	0		PROVEN_NO_ORDINARY_DAMAGE_EFFECT	no_battle_effect	Every pinned reference is outside battle damage (prize money, friendship, EXP, wild encounters, fleeing, evolution/breeding) or the hold effect has no battle reference at all.
633	ITEM_TM52	Tm52	HOLD_EFFECT_NONE	0		PROVEN_NO_ORDINARY_DAMAGE_EFFECT	no_battle_effect	Every pinned reference is outside battle damage (prize money, friendship, EXP, wild encounters, fleeing, evolution/breeding) or the hold effect has no battle reference at all.
634	ITEM_TM53	Tm53	HOLD_EFFECT_NONE	0		PROVEN_NO_ORDINARY_DAMAGE_EFFECT	no_battle_effect	Every pinned reference is outside battle damage (prize money, friendship, EXP, wild encounters, fleeing, evolution/breeding) or the hold effect has no battle reference at all.
635	ITEM_TM54	Tm54	HOLD_EFFECT_NONE	0		PROVEN_NO_ORDINARY_DAMAGE_EFFECT	no_battle_effect	Every pinned reference is outside battle damage (prize money, friendship, EXP, wild encounters, fleeing, evolution/breeding) or the hold effect has no battle reference at all.
636	ITEM_TM55	Tm55	HOLD_EFFECT_NONE	0		PROVEN_NO_ORDINARY_DAMAGE_EFFECT	no_battle_effect	Every pinned reference is outside battle damage (prize money, friendship, EXP, wild encounters, fleeing, evolution/breeding) or the hold effect has no battle reference at all.
637	ITEM_TM56	Tm56	HOLD_EFFECT_NONE	0		PROVEN_NO_ORDINARY_DAMAGE_EFFECT	no_battle_effect	Every pinned reference is outside battle damage (prize money, friendship, EXP, wild encounters, fleeing, evolution/breeding) or the hold effect has no battle reference at all.
638	ITEM_TM57	Tm57	HOLD_EFFECT_NONE	0		PROVEN_NO_ORDINARY_DAMAGE_EFFECT	no_battle_effect	Every pinned reference is outside battle damage (prize money, friendship, EXP, wild encounters, fleeing, evolution/breeding) or the hold effect has no battle reference at all.
639	ITEM_TM58	Tm58	HOLD_EFFECT_NONE	0		PROVEN_NO_ORDINARY_DAMAGE_EFFECT	no_battle_effect	Every pinned reference is outside battle damage (prize money, friendship, EXP, wild encounters, fleeing, evolution/breeding) or the hold effect has no battle reference at all.
640	ITEM_TM59	Tm59	HOLD_EFFECT_NONE	0		PROVEN_NO_ORDINARY_DAMAGE_EFFECT	no_battle_effect	Every pinned reference is outside battle damage (prize money, friendship, EXP, wild encounters, fleeing, evolution/breeding) or the hold effect has no battle reference at all.
641	ITEM_TM60	Tm60	HOLD_EFFECT_NONE	0		PROVEN_NO_ORDINARY_DAMAGE_EFFECT	no_battle_effect	Every pinned reference is outside battle damage (prize money, friendship, EXP, wild encounters, fleeing, evolution/breeding) or the hold effect has no battle reference at all.
642	ITEM_TM61	Tm61	HOLD_EFFECT_NONE	0		PROVEN_NO_ORDINARY_DAMAGE_EFFECT	no_battle_effect	Every pinned reference is outside battle damage (prize money, friendship, EXP, wild encounters, fleeing, evolution/breeding) or the hold effect has no battle reference at all.
643	ITEM_TM62	Tm62	HOLD_EFFECT_NONE	0		PROVEN_NO_ORDINARY_DAMAGE_EFFECT	no_battle_effect	Every pinned reference is outside battle damage (prize money, friendship, EXP, wild encounters, fleeing, evolution/breeding) or the hold effect has no battle reference at all.
644	ITEM_TM63	Tm63	HOLD_EFFECT_NONE	0		PROVEN_NO_ORDINARY_DAMAGE_EFFECT	no_battle_effect	Every pinned reference is outside battle damage (prize money, friendship, EXP, wild encounters, fleeing, evolution/breeding) or the hold effect has no battle reference at all.
645	ITEM_TM64	Tm64	HOLD_EFFECT_NONE	0		PROVEN_NO_ORDINARY_DAMAGE_EFFECT	no_battle_effect	Every pinned reference is outside battle damage (prize money, friendship, EXP, wild encounters, fleeing, evolution/breeding) or the hold effect has no battle reference at all.
646	ITEM_TM65	Tm65	HOLD_EFFECT_NONE	0		PROVEN_NO_ORDINARY_DAMAGE_EFFECT	no_battle_effect	Every pinned reference is outside battle damage (prize money, friendship, EXP, wild encounters, fleeing, evolution/breeding) or the hold effect has no battle reference at all.
647	ITEM_TM66	Tm66	HOLD_EFFECT_NONE	0		PROVEN_NO_ORDINARY_DAMAGE_EFFECT	no_battle_effect	Every pinned reference is outside battle damage (prize money, friendship, EXP, wild encounters, fleeing, evolution/breeding) or the hold effect has no battle reference at all.
648	ITEM_TM67	Tm67	HOLD_EFFECT_NONE	0		PROVEN_NO_ORDINARY_DAMAGE_EFFECT	no_battle_effect	Every pinned reference is outside battle damage (prize money, friendship, EXP, wild encounters, fleeing, evolution/breeding) or the hold effect has no battle reference at all.
649	ITEM_TM68	Tm68	HOLD_EFFECT_NONE	0		PROVEN_NO_ORDINARY_DAMAGE_EFFECT	no_battle_effect	Every pinned reference is outside battle damage (prize money, friendship, EXP, wild encounters, fleeing, evolution/breeding) or the hold effect has no battle reference at all.
650	ITEM_TM69	Tm69	HOLD_EFFECT_NONE	0		PROVEN_NO_ORDINARY_DAMAGE_EFFECT	no_battle_effect	Every pinned reference is outside battle damage (prize money, friendship, EXP, wild encounters, fleeing, evolution/breeding) or the hold effect has no battle reference at all.
651	ITEM_TM70	Tm70	HOLD_EFFECT_NONE	0		PROVEN_NO_ORDINARY_DAMAGE_EFFECT	no_battle_effect	Every pinned reference is outside battle damage (prize money, friendship, EXP, wild encounters, fleeing, evolution/breeding) or the hold effect has no battle reference at all.
652	ITEM_TM71	Tm71	HOLD_EFFECT_NONE	0		PROVEN_NO_ORDINARY_DAMAGE_EFFECT	no_battle_effect	Every pinned reference is outside battle damage (prize money, friendship, EXP, wild encounters, fleeing, evolution/breeding) or the hold effect has no battle reference at all.
653	ITEM_TM72	Tm72	HOLD_EFFECT_NONE	0		PROVEN_NO_ORDINARY_DAMAGE_EFFECT	no_battle_effect	Every pinned reference is outside battle damage (prize money, friendship, EXP, wild encounters, fleeing, evolution/breeding) or the hold effect has no battle reference at all.
654	ITEM_TM73	Tm73	HOLD_EFFECT_NONE	0		PROVEN_NO_ORDINARY_DAMAGE_EFFECT	no_battle_effect	Every pinned reference is outside battle damage (prize money, friendship, EXP, wild encounters, fleeing, evolution/breeding) or the hold effect has no battle reference at all.
655	ITEM_TM74	Tm74	HOLD_EFFECT_NONE	0		PROVEN_NO_ORDINARY_DAMAGE_EFFECT	no_battle_effect	Every pinned reference is outside battle damage (prize money, friendship, EXP, wild encounters, fleeing, evolution/breeding) or the hold effect has no battle reference at all.
656	ITEM_TM75	Tm75	HOLD_EFFECT_NONE	0		PROVEN_NO_ORDINARY_DAMAGE_EFFECT	no_battle_effect	Every pinned reference is outside battle damage (prize money, friendship, EXP, wild encounters, fleeing, evolution/breeding) or the hold effect has no battle reference at all.
657	ITEM_TM76	Tm76	HOLD_EFFECT_NONE	0		PROVEN_NO_ORDINARY_DAMAGE_EFFECT	no_battle_effect	Every pinned reference is outside battle damage (prize money, friendship, EXP, wild encounters, fleeing, evolution/breeding) or the hold effect has no battle reference at all.
658	ITEM_TM77	Tm77	HOLD_EFFECT_NONE	0		PROVEN_NO_ORDINARY_DAMAGE_EFFECT	no_battle_effect	Every pinned reference is outside battle damage (prize money, friendship, EXP, wild encounters, fleeing, evolution/breeding) or the hold effect has no battle reference at all.
659	ITEM_TM78	Tm78	HOLD_EFFECT_NONE	0		PROVEN_NO_ORDINARY_DAMAGE_EFFECT	no_battle_effect	Every pinned reference is outside battle damage (prize money, friendship, EXP, wild encounters, fleeing, evolution/breeding) or the hold effect has no battle reference at all.
660	ITEM_TM79	Tm79	HOLD_EFFECT_NONE	0		PROVEN_NO_ORDINARY_DAMAGE_EFFECT	no_battle_effect	Every pinned reference is outside battle damage (prize money, friendship, EXP, wild encounters, fleeing, evolution/breeding) or the hold effect has no battle reference at all.
661	ITEM_TM80	Tm80	HOLD_EFFECT_NONE	0		PROVEN_NO_ORDINARY_DAMAGE_EFFECT	no_battle_effect	Every pinned reference is outside battle damage (prize money, friendship, EXP, wild encounters, fleeing, evolution/breeding) or the hold effect has no battle reference at all.
662	ITEM_TM81	Tm81	HOLD_EFFECT_NONE	0		PROVEN_NO_ORDINARY_DAMAGE_EFFECT	no_battle_effect	Every pinned reference is outside battle damage (prize money, friendship, EXP, wild encounters, fleeing, evolution/breeding) or the hold effect has no battle reference at all.
663	ITEM_TM82	Tm82	HOLD_EFFECT_NONE	0		PROVEN_NO_ORDINARY_DAMAGE_EFFECT	no_battle_effect	Every pinned reference is outside battle damage (prize money, friendship, EXP, wild encounters, fleeing, evolution/breeding) or the hold effect has no battle reference at all.
664	ITEM_TM83	Tm83	HOLD_EFFECT_NONE	0		PROVEN_NO_ORDINARY_DAMAGE_EFFECT	no_battle_effect	Every pinned reference is outside battle damage (prize money, friendship, EXP, wild encounters, fleeing, evolution/breeding) or the hold effect has no battle reference at all.
665	ITEM_TM84	Tm84	HOLD_EFFECT_NONE	0		PROVEN_NO_ORDINARY_DAMAGE_EFFECT	no_battle_effect	Every pinned reference is outside battle damage (prize money, friendship, EXP, wild encounters, fleeing, evolution/breeding) or the hold effect has no battle reference at all.
666	ITEM_TM85	Tm85	HOLD_EFFECT_NONE	0		PROVEN_NO_ORDINARY_DAMAGE_EFFECT	no_battle_effect	Every pinned reference is outside battle damage (prize money, friendship, EXP, wild encounters, fleeing, evolution/breeding) or the hold effect has no battle reference at all.
667	ITEM_TM86	Tm86	HOLD_EFFECT_NONE	0		PROVEN_NO_ORDINARY_DAMAGE_EFFECT	no_battle_effect	Every pinned reference is outside battle damage (prize money, friendship, EXP, wild encounters, fleeing, evolution/breeding) or the hold effect has no battle reference at all.
668	ITEM_TM87	Tm87	HOLD_EFFECT_NONE	0		PROVEN_NO_ORDINARY_DAMAGE_EFFECT	no_battle_effect	Every pinned reference is outside battle damage (prize money, friendship, EXP, wild encounters, fleeing, evolution/breeding) or the hold effect has no battle reference at all.
669	ITEM_TM88	Tm88	HOLD_EFFECT_NONE	0		PROVEN_NO_ORDINARY_DAMAGE_EFFECT	no_battle_effect	Every pinned reference is outside battle damage (prize money, friendship, EXP, wild encounters, fleeing, evolution/breeding) or the hold effect has no battle reference at all.
670	ITEM_TM89	Tm89	HOLD_EFFECT_NONE	0		PROVEN_NO_ORDINARY_DAMAGE_EFFECT	no_battle_effect	Every pinned reference is outside battle damage (prize money, friendship, EXP, wild encounters, fleeing, evolution/breeding) or the hold effect has no battle reference at all.
671	ITEM_TM90	Tm90	HOLD_EFFECT_NONE	0		PROVEN_NO_ORDINARY_DAMAGE_EFFECT	no_battle_effect	Every pinned reference is outside battle damage (prize money, friendship, EXP, wild encounters, fleeing, evolution/breeding) or the hold effect has no battle reference at all.
672	ITEM_TM91	Tm91	HOLD_EFFECT_NONE	0		PROVEN_NO_ORDINARY_DAMAGE_EFFECT	no_battle_effect	Every pinned reference is outside battle damage (prize money, friendship, EXP, wild encounters, fleeing, evolution/breeding) or the hold effect has no battle reference at all.
673	ITEM_TM92	Tm92	HOLD_EFFECT_NONE	0		PROVEN_NO_ORDINARY_DAMAGE_EFFECT	no_battle_effect	Every pinned reference is outside battle damage (prize money, friendship, EXP, wild encounters, fleeing, evolution/breeding) or the hold effect has no battle reference at all.
674	ITEM_TM93	Tm93	HOLD_EFFECT_NONE	0		PROVEN_NO_ORDINARY_DAMAGE_EFFECT	no_battle_effect	Every pinned reference is outside battle damage (prize money, friendship, EXP, wild encounters, fleeing, evolution/breeding) or the hold effect has no battle reference at all.
675	ITEM_TM94	Tm94	HOLD_EFFECT_NONE	0		PROVEN_NO_ORDINARY_DAMAGE_EFFECT	no_battle_effect	Every pinned reference is outside battle damage (prize money, friendship, EXP, wild encounters, fleeing, evolution/breeding) or the hold effect has no battle reference at all.
676	ITEM_TM95	Tm95	HOLD_EFFECT_NONE	0		PROVEN_NO_ORDINARY_DAMAGE_EFFECT	no_battle_effect	Every pinned reference is outside battle damage (prize money, friendship, EXP, wild encounters, fleeing, evolution/breeding) or the hold effect has no battle reference at all.
677	ITEM_TM96	Tm96	HOLD_EFFECT_NONE	0		PROVEN_NO_ORDINARY_DAMAGE_EFFECT	no_battle_effect	Every pinned reference is outside battle damage (prize money, friendship, EXP, wild encounters, fleeing, evolution/breeding) or the hold effect has no battle reference at all.
678	ITEM_TM97	Tm97	HOLD_EFFECT_NONE	0		PROVEN_NO_ORDINARY_DAMAGE_EFFECT	no_battle_effect	Every pinned reference is outside battle damage (prize money, friendship, EXP, wild encounters, fleeing, evolution/breeding) or the hold effect has no battle reference at all.
679	ITEM_TM98	Tm98	HOLD_EFFECT_NONE	0		PROVEN_NO_ORDINARY_DAMAGE_EFFECT	no_battle_effect	Every pinned reference is outside battle damage (prize money, friendship, EXP, wild encounters, fleeing, evolution/breeding) or the hold effect has no battle reference at all.
680	ITEM_TM99	Tm99	HOLD_EFFECT_NONE	0		PROVEN_NO_ORDINARY_DAMAGE_EFFECT	no_battle_effect	Every pinned reference is outside battle damage (prize money, friendship, EXP, wild encounters, fleeing, evolution/breeding) or the hold effect has no battle reference at all.
681	ITEM_TM100	Tm100	HOLD_EFFECT_NONE	0		PROVEN_NO_ORDINARY_DAMAGE_EFFECT	no_battle_effect	Every pinned reference is outside battle damage (prize money, friendship, EXP, wild encounters, fleeing, evolution/breeding) or the hold effect has no battle reference at all.
682	ITEM_HM_CUT	Hm01	HOLD_EFFECT_NONE	0		PROVEN_NO_ORDINARY_DAMAGE_EFFECT	no_battle_effect	Every pinned reference is outside battle damage (prize money, friendship, EXP, wild encounters, fleeing, evolution/breeding) or the hold effect has no battle reference at all.
683	ITEM_HM_FLY	Hm02	HOLD_EFFECT_NONE	0		PROVEN_NO_ORDINARY_DAMAGE_EFFECT	no_battle_effect	Every pinned reference is outside battle damage (prize money, friendship, EXP, wild encounters, fleeing, evolution/breeding) or the hold effect has no battle reference at all.
684	ITEM_HM_SURF	Hm03	HOLD_EFFECT_NONE	0		PROVEN_NO_ORDINARY_DAMAGE_EFFECT	no_battle_effect	Every pinned reference is outside battle damage (prize money, friendship, EXP, wild encounters, fleeing, evolution/breeding) or the hold effect has no battle reference at all.
685	ITEM_HM_STRENGTH	Hm04	HOLD_EFFECT_NONE	0		PROVEN_NO_ORDINARY_DAMAGE_EFFECT	no_battle_effect	Every pinned reference is outside battle damage (prize money, friendship, EXP, wild encounters, fleeing, evolution/breeding) or the hold effect has no battle reference at all.
686	ITEM_HM_FLASH	Hm05	HOLD_EFFECT_NONE	0		PROVEN_NO_ORDINARY_DAMAGE_EFFECT	no_battle_effect	Every pinned reference is outside battle damage (prize money, friendship, EXP, wild encounters, fleeing, evolution/breeding) or the hold effect has no battle reference at all.
687	ITEM_HM_ROCK_SMASH	Hm06	HOLD_EFFECT_NONE	0		PROVEN_NO_ORDINARY_DAMAGE_EFFECT	no_battle_effect	Every pinned reference is outside battle damage (prize money, friendship, EXP, wild encounters, fleeing, evolution/breeding) or the hold effect has no battle reference at all.
688	ITEM_HM_WATERFALL	Hm07	HOLD_EFFECT_NONE	0		PROVEN_NO_ORDINARY_DAMAGE_EFFECT	no_battle_effect	Every pinned reference is outside battle damage (prize money, friendship, EXP, wild encounters, fleeing, evolution/breeding) or the hold effect has no battle reference at all.
689	ITEM_HM_WHIRLPOOL	Hm08	HOLD_EFFECT_NONE	0		PROVEN_NO_ORDINARY_DAMAGE_EFFECT	no_battle_effect	Every pinned reference is outside battle damage (prize money, friendship, EXP, wild encounters, fleeing, evolution/breeding) or the hold effect has no battle reference at all.
690	ITEM_OVAL_CHARM	Oval Charm	HOLD_EFFECT_NONE	0		PROVEN_NO_ORDINARY_DAMAGE_EFFECT	no_battle_effect	Every pinned reference is outside battle damage (prize money, friendship, EXP, wild encounters, fleeing, evolution/breeding) or the hold effect has no battle reference at all.
691	ITEM_SHINY_CHARM	Shiny Charm	HOLD_EFFECT_NONE	0		PROVEN_NO_ORDINARY_DAMAGE_EFFECT	no_battle_effect	Every pinned reference is outside battle damage (prize money, friendship, EXP, wild encounters, fleeing, evolution/breeding) or the hold effect has no battle reference at all.
692	ITEM_CATCHING_CHARM	Catching Charm	HOLD_EFFECT_NONE	0		PROVEN_NO_ORDINARY_DAMAGE_EFFECT	no_battle_effect	Every pinned reference is outside battle damage (prize money, friendship, EXP, wild encounters, fleeing, evolution/breeding) or the hold effect has no battle reference at all.
693	ITEM_EXP_CHARM	EXP. Charm	HOLD_EFFECT_NONE	0		PROVEN_NO_ORDINARY_DAMAGE_EFFECT	no_battle_effect	Every pinned reference is outside battle damage (prize money, friendship, EXP, wild encounters, fleeing, evolution/breeding) or the hold effect has no battle reference at all.
694	ITEM_ROTOM_CATALOG	Rotom Catalog	HOLD_EFFECT_NONE	0		PROVEN_NO_ORDINARY_DAMAGE_EFFECT	no_battle_effect	Every pinned reference is outside battle damage (prize money, friendship, EXP, wild encounters, fleeing, evolution/breeding) or the hold effect has no battle reference at all.
695	ITEM_GRACIDEA	Gracidea	HOLD_EFFECT_NONE	0		PROVEN_NO_ORDINARY_DAMAGE_EFFECT	no_battle_effect	Every pinned reference is outside battle damage (prize money, friendship, EXP, wild encounters, fleeing, evolution/breeding) or the hold effect has no battle reference at all.
696	ITEM_REVEAL_GLASS	Reveal Glass	HOLD_EFFECT_NONE	0		PROVEN_NO_ORDINARY_DAMAGE_EFFECT	no_battle_effect	Every pinned reference is outside battle damage (prize money, friendship, EXP, wild encounters, fleeing, evolution/breeding) or the hold effect has no battle reference at all.
697	ITEM_DNA_SPLICERS	Dna Splicers	HOLD_EFFECT_NONE	0		PROVEN_NO_ORDINARY_DAMAGE_EFFECT	no_battle_effect	Every pinned reference is outside battle damage (prize money, friendship, EXP, wild encounters, fleeing, evolution/breeding) or the hold effect has no battle reference at all.
698	ITEM_ZYGARDE_CUBE	Zygarde Cube	HOLD_EFFECT_NONE	0		PROVEN_NO_ORDINARY_DAMAGE_EFFECT	no_battle_effect	Every pinned reference is outside battle damage (prize money, friendship, EXP, wild encounters, fleeing, evolution/breeding) or the hold effect has no battle reference at all.
699	ITEM_PRISON_BOTTLE	Prison Bottle	HOLD_EFFECT_NONE	0		PROVEN_NO_ORDINARY_DAMAGE_EFFECT	no_battle_effect	Every pinned reference is outside battle damage (prize money, friendship, EXP, wild encounters, fleeing, evolution/breeding) or the hold effect has no battle reference at all.
700	ITEM_N_SOLARIZER	N-solarizer	HOLD_EFFECT_NONE	0		PROVEN_NO_ORDINARY_DAMAGE_EFFECT	no_battle_effect	Every pinned reference is outside battle damage (prize money, friendship, EXP, wild encounters, fleeing, evolution/breeding) or the hold effect has no battle reference at all.
701	ITEM_N_LUNARIZER	N-lunarizer	HOLD_EFFECT_NONE	0		PROVEN_NO_ORDINARY_DAMAGE_EFFECT	no_battle_effect	Every pinned reference is outside battle damage (prize money, friendship, EXP, wild encounters, fleeing, evolution/breeding) or the hold effect has no battle reference at all.
702	ITEM_REINS_OF_UNITY	Reins Of Unity	HOLD_EFFECT_NONE	0		PROVEN_NO_ORDINARY_DAMAGE_EFFECT	no_battle_effect	Every pinned reference is outside battle damage (prize money, friendship, EXP, wild encounters, fleeing, evolution/breeding) or the hold effect has no battle reference at all.
703	ITEM_MEGA_RING	Mega Ring	HOLD_EFFECT_NONE	0		PROVEN_NO_ORDINARY_DAMAGE_EFFECT	no_battle_effect	Every pinned reference is outside battle damage (prize money, friendship, EXP, wild encounters, fleeing, evolution/breeding) or the hold effect has no battle reference at all.
704	ITEM_Z_POWER_RING	Z-power Ring	HOLD_EFFECT_NONE	0		PROVEN_NO_ORDINARY_DAMAGE_EFFECT	no_battle_effect	Every pinned reference is outside battle damage (prize money, friendship, EXP, wild encounters, fleeing, evolution/breeding) or the hold effect has no battle reference at all.
705	ITEM_DYNAMAX_BAND	Dynamax Band	HOLD_EFFECT_NONE	0		PROVEN_NO_ORDINARY_DAMAGE_EFFECT	no_battle_effect	Every pinned reference is outside battle damage (prize money, friendship, EXP, wild encounters, fleeing, evolution/breeding) or the hold effect has no battle reference at all.
706	ITEM_BICYCLE	Bike	HOLD_EFFECT_NONE	0		PROVEN_NO_ORDINARY_DAMAGE_EFFECT	no_battle_effect	Every pinned reference is outside battle damage (prize money, friendship, EXP, wild encounters, fleeing, evolution/breeding) or the hold effect has no battle reference at all.
707	ITEM_MACH_BIKE	Mach Bike	HOLD_EFFECT_NONE	0		PROVEN_NO_ORDINARY_DAMAGE_EFFECT	no_battle_effect	Every pinned reference is outside battle damage (prize money, friendship, EXP, wild encounters, fleeing, evolution/breeding) or the hold effect has no battle reference at all.
708	ITEM_ACRO_BIKE	Acro Bike	HOLD_EFFECT_NONE	0		PROVEN_NO_ORDINARY_DAMAGE_EFFECT	no_battle_effect	Every pinned reference is outside battle damage (prize money, friendship, EXP, wild encounters, fleeing, evolution/breeding) or the hold effect has no battle reference at all.
709	ITEM_OLD_ROD	Old Rod	HOLD_EFFECT_NONE	0		PROVEN_NO_ORDINARY_DAMAGE_EFFECT	no_battle_effect	Every pinned reference is outside battle damage (prize money, friendship, EXP, wild encounters, fleeing, evolution/breeding) or the hold effect has no battle reference at all.
710	ITEM_GOOD_ROD	Good Rod	HOLD_EFFECT_NONE	0		PROVEN_NO_ORDINARY_DAMAGE_EFFECT	no_battle_effect	Every pinned reference is outside battle damage (prize money, friendship, EXP, wild encounters, fleeing, evolution/breeding) or the hold effect has no battle reference at all.
711	ITEM_SUPER_ROD	Super Rod	HOLD_EFFECT_NONE	0		PROVEN_NO_ORDINARY_DAMAGE_EFFECT	no_battle_effect	Every pinned reference is outside battle damage (prize money, friendship, EXP, wild encounters, fleeing, evolution/breeding) or the hold effect has no battle reference at all.
712	ITEM_DOWSING_MACHINE	Dowsing Machine	HOLD_EFFECT_NONE	0		PROVEN_NO_ORDINARY_DAMAGE_EFFECT	no_battle_effect	Every pinned reference is outside battle damage (prize money, friendship, EXP, wild encounters, fleeing, evolution/breeding) or the hold effect has no battle reference at all.
713	ITEM_TOWN_MAP	Town Map	HOLD_EFFECT_NONE	0		PROVEN_NO_ORDINARY_DAMAGE_EFFECT	no_battle_effect	Every pinned reference is outside battle damage (prize money, friendship, EXP, wild encounters, fleeing, evolution/breeding) or the hold effect has no battle reference at all.
714	ITEM_VS_SEEKER	Vs. Seeker	HOLD_EFFECT_NONE	0		PROVEN_NO_ORDINARY_DAMAGE_EFFECT	no_battle_effect	Every pinned reference is outside battle damage (prize money, friendship, EXP, wild encounters, fleeing, evolution/breeding) or the hold effect has no battle reference at all.
715	ITEM_TM_CASE	TM Case	HOLD_EFFECT_NONE	0		PROVEN_NO_ORDINARY_DAMAGE_EFFECT	no_battle_effect	Every pinned reference is outside battle damage (prize money, friendship, EXP, wild encounters, fleeing, evolution/breeding) or the hold effect has no battle reference at all.
716	ITEM_BERRY_POUCH	Berry Pouch	HOLD_EFFECT_NONE	0		PROVEN_NO_ORDINARY_DAMAGE_EFFECT	no_battle_effect	Every pinned reference is outside battle damage (prize money, friendship, EXP, wild encounters, fleeing, evolution/breeding) or the hold effect has no battle reference at all.
717	ITEM_POKEMON_BOX_LINK	{pkmn} Box Link	HOLD_EFFECT_NONE	0		PROVEN_NO_ORDINARY_DAMAGE_EFFECT	no_battle_effect	Every pinned reference is outside battle damage (prize money, friendship, EXP, wild encounters, fleeing, evolution/breeding) or the hold effect has no battle reference at all.
718	ITEM_COIN_CASE	Coin Case	HOLD_EFFECT_NONE	0		PROVEN_NO_ORDINARY_DAMAGE_EFFECT	no_battle_effect	Every pinned reference is outside battle damage (prize money, friendship, EXP, wild encounters, fleeing, evolution/breeding) or the hold effect has no battle reference at all.
719	ITEM_POWDER_JAR	Powder Jar	HOLD_EFFECT_NONE	0		PROVEN_NO_ORDINARY_DAMAGE_EFFECT	no_battle_effect	Every pinned reference is outside battle damage (prize money, friendship, EXP, wild encounters, fleeing, evolution/breeding) or the hold effect has no battle reference at all.
720	ITEM_WAILMER_PAIL	Wailmer Pail	HOLD_EFFECT_NONE	0		PROVEN_NO_ORDINARY_DAMAGE_EFFECT	no_battle_effect	Every pinned reference is outside battle damage (prize money, friendship, EXP, wild encounters, fleeing, evolution/breeding) or the hold effect has no battle reference at all.
721	ITEM_POKE_RADAR	Poké Radar	HOLD_EFFECT_NONE	0		PROVEN_NO_ORDINARY_DAMAGE_EFFECT	no_battle_effect	Every pinned reference is outside battle damage (prize money, friendship, EXP, wild encounters, fleeing, evolution/breeding) or the hold effect has no battle reference at all.
722	ITEM_POKEBLOCK_CASE	{pokeblock} Case	HOLD_EFFECT_NONE	0		PROVEN_NO_ORDINARY_DAMAGE_EFFECT	no_battle_effect	Every pinned reference is outside battle damage (prize money, friendship, EXP, wild encounters, fleeing, evolution/breeding) or the hold effect has no battle reference at all.
723	ITEM_SOOT_SACK	Soot Sack	HOLD_EFFECT_NONE	0		PROVEN_NO_ORDINARY_DAMAGE_EFFECT	no_battle_effect	Every pinned reference is outside battle damage (prize money, friendship, EXP, wild encounters, fleeing, evolution/breeding) or the hold effect has no battle reference at all.
724	ITEM_POKE_FLUTE	Poké Flute	HOLD_EFFECT_NONE	0		PROVEN_NO_ORDINARY_DAMAGE_EFFECT	no_battle_effect	Every pinned reference is outside battle damage (prize money, friendship, EXP, wild encounters, fleeing, evolution/breeding) or the hold effect has no battle reference at all.
725	ITEM_FAME_CHECKER	Fame Checker	HOLD_EFFECT_NONE	0		PROVEN_NO_ORDINARY_DAMAGE_EFFECT	no_battle_effect	Every pinned reference is outside battle damage (prize money, friendship, EXP, wild encounters, fleeing, evolution/breeding) or the hold effect has no battle reference at all.
726	ITEM_TEACHY_TV	Teachy Tv	HOLD_EFFECT_NONE	0		PROVEN_NO_ORDINARY_DAMAGE_EFFECT	no_battle_effect	Every pinned reference is outside battle damage (prize money, friendship, EXP, wild encounters, fleeing, evolution/breeding) or the hold effect has no battle reference at all.
727	ITEM_SS_TICKET	S.S. Ticket	HOLD_EFFECT_NONE	0		PROVEN_NO_ORDINARY_DAMAGE_EFFECT	no_battle_effect	Every pinned reference is outside battle damage (prize money, friendship, EXP, wild encounters, fleeing, evolution/breeding) or the hold effect has no battle reference at all.
728	ITEM_EON_TICKET	Eon Ticket	HOLD_EFFECT_NONE	0		PROVEN_NO_ORDINARY_DAMAGE_EFFECT	no_battle_effect	Every pinned reference is outside battle damage (prize money, friendship, EXP, wild encounters, fleeing, evolution/breeding) or the hold effect has no battle reference at all.
729	ITEM_MYSTIC_TICKET	Mystic Ticket	HOLD_EFFECT_NONE	0		PROVEN_NO_ORDINARY_DAMAGE_EFFECT	no_battle_effect	Every pinned reference is outside battle damage (prize money, friendship, EXP, wild encounters, fleeing, evolution/breeding) or the hold effect has no battle reference at all.
730	ITEM_AURORA_TICKET	Aurora Ticket	HOLD_EFFECT_NONE	0		PROVEN_NO_ORDINARY_DAMAGE_EFFECT	no_battle_effect	Every pinned reference is outside battle damage (prize money, friendship, EXP, wild encounters, fleeing, evolution/breeding) or the hold effect has no battle reference at all.
731	ITEM_OLD_SEA_MAP	Old Sea Map	HOLD_EFFECT_NONE	0		PROVEN_NO_ORDINARY_DAMAGE_EFFECT	no_battle_effect	Every pinned reference is outside battle damage (prize money, friendship, EXP, wild encounters, fleeing, evolution/breeding) or the hold effect has no battle reference at all.
732	ITEM_LETTER	Letter	HOLD_EFFECT_NONE	0		PROVEN_NO_ORDINARY_DAMAGE_EFFECT	no_battle_effect	Every pinned reference is outside battle damage (prize money, friendship, EXP, wild encounters, fleeing, evolution/breeding) or the hold effect has no battle reference at all.
733	ITEM_DEVON_PARTS	Devon Parts	HOLD_EFFECT_NONE	0		PROVEN_NO_ORDINARY_DAMAGE_EFFECT	no_battle_effect	Every pinned reference is outside battle damage (prize money, friendship, EXP, wild encounters, fleeing, evolution/breeding) or the hold effect has no battle reference at all.
734	ITEM_GO_GOGGLES	Go-goggles	HOLD_EFFECT_NONE	0		PROVEN_NO_ORDINARY_DAMAGE_EFFECT	no_battle_effect	Every pinned reference is outside battle damage (prize money, friendship, EXP, wild encounters, fleeing, evolution/breeding) or the hold effect has no battle reference at all.
735	ITEM_DEVON_SCOPE	Devon Scope	HOLD_EFFECT_NONE	0		PROVEN_NO_ORDINARY_DAMAGE_EFFECT	no_battle_effect	Every pinned reference is outside battle damage (prize money, friendship, EXP, wild encounters, fleeing, evolution/breeding) or the hold effect has no battle reference at all.
736	ITEM_BASEMENT_KEY	Basement Key	HOLD_EFFECT_NONE	0		PROVEN_NO_ORDINARY_DAMAGE_EFFECT	no_battle_effect	Every pinned reference is outside battle damage (prize money, friendship, EXP, wild encounters, fleeing, evolution/breeding) or the hold effect has no battle reference at all.
737	ITEM_SCANNER	Scanner	HOLD_EFFECT_NONE	0		PROVEN_NO_ORDINARY_DAMAGE_EFFECT	no_battle_effect	Every pinned reference is outside battle damage (prize money, friendship, EXP, wild encounters, fleeing, evolution/breeding) or the hold effect has no battle reference at all.
738	ITEM_STORAGE_KEY	Storage Key	HOLD_EFFECT_NONE	0		PROVEN_NO_ORDINARY_DAMAGE_EFFECT	no_battle_effect	Every pinned reference is outside battle damage (prize money, friendship, EXP, wild encounters, fleeing, evolution/breeding) or the hold effect has no battle reference at all.
739	ITEM_KEY_TO_ROOM_1	Key To Room 1	HOLD_EFFECT_NONE	0		PROVEN_NO_ORDINARY_DAMAGE_EFFECT	no_battle_effect	Every pinned reference is outside battle damage (prize money, friendship, EXP, wild encounters, fleeing, evolution/breeding) or the hold effect has no battle reference at all.
740	ITEM_KEY_TO_ROOM_2	Key To Room 2	HOLD_EFFECT_NONE	0		PROVEN_NO_ORDINARY_DAMAGE_EFFECT	no_battle_effect	Every pinned reference is outside battle damage (prize money, friendship, EXP, wild encounters, fleeing, evolution/breeding) or the hold effect has no battle reference at all.
741	ITEM_KEY_TO_ROOM_4	Key To Room 4	HOLD_EFFECT_NONE	0		PROVEN_NO_ORDINARY_DAMAGE_EFFECT	no_battle_effect	Every pinned reference is outside battle damage (prize money, friendship, EXP, wild encounters, fleeing, evolution/breeding) or the hold effect has no battle reference at all.
742	ITEM_KEY_TO_ROOM_6	Key To Room 6	HOLD_EFFECT_NONE	0		PROVEN_NO_ORDINARY_DAMAGE_EFFECT	no_battle_effect	Every pinned reference is outside battle damage (prize money, friendship, EXP, wild encounters, fleeing, evolution/breeding) or the hold effect has no battle reference at all.
743	ITEM_METEORITE	Meteorite	HOLD_EFFECT_NONE	0		PROVEN_NO_ORDINARY_DAMAGE_EFFECT	no_battle_effect	Every pinned reference is outside battle damage (prize money, friendship, EXP, wild encounters, fleeing, evolution/breeding) or the hold effect has no battle reference at all.
744	ITEM_MAGMA_EMBLEM	Magma Emblem	HOLD_EFFECT_NONE	0		PROVEN_NO_ORDINARY_DAMAGE_EFFECT	no_battle_effect	Every pinned reference is outside battle damage (prize money, friendship, EXP, wild encounters, fleeing, evolution/breeding) or the hold effect has no battle reference at all.
745	ITEM_CONTEST_PASS	Contest Pass	HOLD_EFFECT_NONE	0		PROVEN_NO_ORDINARY_DAMAGE_EFFECT	no_battle_effect	Every pinned reference is outside battle damage (prize money, friendship, EXP, wild encounters, fleeing, evolution/breeding) or the hold effect has no battle reference at all.
746	ITEM_PARCEL	Parcel	HOLD_EFFECT_NONE	0		PROVEN_NO_ORDINARY_DAMAGE_EFFECT	no_battle_effect	Every pinned reference is outside battle damage (prize money, friendship, EXP, wild encounters, fleeing, evolution/breeding) or the hold effect has no battle reference at all.
747	ITEM_SECRET_KEY	Secret Key	HOLD_EFFECT_NONE	0		PROVEN_NO_ORDINARY_DAMAGE_EFFECT	no_battle_effect	Every pinned reference is outside battle damage (prize money, friendship, EXP, wild encounters, fleeing, evolution/breeding) or the hold effect has no battle reference at all.
748	ITEM_BIKE_VOUCHER	Bike Voucher	HOLD_EFFECT_NONE	0		PROVEN_NO_ORDINARY_DAMAGE_EFFECT	no_battle_effect	Every pinned reference is outside battle damage (prize money, friendship, EXP, wild encounters, fleeing, evolution/breeding) or the hold effect has no battle reference at all.
749	ITEM_GOLD_TEETH	Gold Teeth	HOLD_EFFECT_NONE	0		PROVEN_NO_ORDINARY_DAMAGE_EFFECT	no_battle_effect	Every pinned reference is outside battle damage (prize money, friendship, EXP, wild encounters, fleeing, evolution/breeding) or the hold effect has no battle reference at all.
750	ITEM_CARD_KEY	Card Key	HOLD_EFFECT_NONE	0		PROVEN_NO_ORDINARY_DAMAGE_EFFECT	no_battle_effect	Every pinned reference is outside battle damage (prize money, friendship, EXP, wild encounters, fleeing, evolution/breeding) or the hold effect has no battle reference at all.
751	ITEM_LIFT_KEY	Lift Key	HOLD_EFFECT_NONE	0		PROVEN_NO_ORDINARY_DAMAGE_EFFECT	no_battle_effect	Every pinned reference is outside battle damage (prize money, friendship, EXP, wild encounters, fleeing, evolution/breeding) or the hold effect has no battle reference at all.
752	ITEM_SILPH_SCOPE	Silph Scope	HOLD_EFFECT_NONE	0		PROVEN_NO_ORDINARY_DAMAGE_EFFECT	no_battle_effect	Every pinned reference is outside battle damage (prize money, friendship, EXP, wild encounters, fleeing, evolution/breeding) or the hold effect has no battle reference at all.
753	ITEM_TRI_PASS	Tri-pass	HOLD_EFFECT_NONE	0		PROVEN_NO_ORDINARY_DAMAGE_EFFECT	no_battle_effect	Every pinned reference is outside battle damage (prize money, friendship, EXP, wild encounters, fleeing, evolution/breeding) or the hold effect has no battle reference at all.
754	ITEM_RAINBOW_PASS	Rainbow Pass	HOLD_EFFECT_NONE	0		PROVEN_NO_ORDINARY_DAMAGE_EFFECT	no_battle_effect	Every pinned reference is outside battle damage (prize money, friendship, EXP, wild encounters, fleeing, evolution/breeding) or the hold effect has no battle reference at all.
755	ITEM_TEA	Tea	HOLD_EFFECT_NONE	0		PROVEN_NO_ORDINARY_DAMAGE_EFFECT	no_battle_effect	Every pinned reference is outside battle damage (prize money, friendship, EXP, wild encounters, fleeing, evolution/breeding) or the hold effect has no battle reference at all.
756	ITEM_RUBY	Ruby	HOLD_EFFECT_NONE	0		PROVEN_NO_ORDINARY_DAMAGE_EFFECT	no_battle_effect	Every pinned reference is outside battle damage (prize money, friendship, EXP, wild encounters, fleeing, evolution/breeding) or the hold effect has no battle reference at all.
757	ITEM_SAPPHIRE	Sapphire	HOLD_EFFECT_NONE	0		PROVEN_NO_ORDINARY_DAMAGE_EFFECT	no_battle_effect	Every pinned reference is outside battle damage (prize money, friendship, EXP, wild encounters, fleeing, evolution/breeding) or the hold effect has no battle reference at all.
758	ITEM_ABILITY_SHIELD	Ability Shield	HOLD_EFFECT_ABILITY_SHIELD	0		UNSUPPORTED_DAMAGE_RELEVANT	form_or_ability_changer	Can change the holder's form or effective ability before the hit (Mega Evolution at turn start, Ultra Burst/Z-Moves, Ability Shield vs ability suppression). No request-local clearance is implemented; always blocks.
759	ITEM_CLEAR_AMULET	Clear Amulet	HOLD_EFFECT_CLEAR_AMULET	0		UNSUPPORTED_DAMAGE_RELEVANT	post_hit_or_residual	Changes HP, status, stat stages, volatiles or items only through ItemBattleEffects activations (MoveEnd handlers after damage, end of turn, switch-in, or event scripts) or residual/drain handling. It can change later HP/stats/KO, so it is not globally neutral; request-local rule single_hit_item_activation_outside_damage clears it for a single-hit ordinary move.
760	ITEM_PUNCHING_GLOVE	Punching Glove	HOLD_EFFECT_PUNCHING_GLOVE	0		UNSUPPORTED_DAMAGE_RELEVANT	attacker_offense	Read only as the ATTACKER's hold effect in the pinned damage path (base-power, Attack-stat, final-modifier or critical-stage modifier) with H&S fixed-point placement the calculator does not reproduce. Defender-side and non-matching-context rules are request-local.
761	ITEM_COVERT_CLOAK	Covert Cloak	HOLD_EFFECT_COVERT_CLOAK	0		PROVEN_NO_ORDINARY_DAMAGE_EFFECT	non_damage_utility	Every pinned reference is a secondary effect (flinch), switching/escape, a field/screen/wrap duration, entry hazards, secondary-effect or contact-effect protection, two-turn charge skipping, or multi-hit counts. None is read by the single-hit ordinary damage computation (CalcMoveBasePower, CalcMoveBasePowerAfterModifiers, CalcAttackStat, CalcDefenseStat, GetOtherModifiers, type effectiveness, critical stage, GetAdjustedDamage).
762	ITEM_LOADED_DICE	Loaded Dice	HOLD_EFFECT_LOADED_DICE	0		PROVEN_NO_ORDINARY_DAMAGE_EFFECT	non_damage_utility	Every pinned reference is a secondary effect (flinch), switching/escape, a field/screen/wrap duration, entry hazards, secondary-effect or contact-effect protection, two-turn charge skipping, or multi-hit counts. None is read by the single-hit ordinary damage computation (CalcMoveBasePower, CalcMoveBasePowerAfterModifiers, CalcAttackStat, CalcDefenseStat, GetOtherModifiers, type effectiveness, critical stage, GetAdjustedDamage).
763	ITEM_AUSPICIOUS_ARMOR	Auspicious Armor	HOLD_EFFECT_NONE	0		PROVEN_NO_ORDINARY_DAMAGE_EFFECT	no_battle_effect	Every pinned reference is outside battle damage (prize money, friendship, EXP, wild encounters, fleeing, evolution/breeding) or the hold effect has no battle reference at all.
764	ITEM_BOOSTER_ENERGY	Booster Energy	HOLD_EFFECT_BOOSTER_ENERGY	0		UNSUPPORTED_DAMAGE_RELEVANT	post_hit_or_residual	This hold effect can write a stat or ability-related live operand before the current hit. It remains unsupported pending the live-state audit in #88; the generic after-hit rule does not clear it.
765	ITEM_BIG_BAMBOO_SHOOT	Big Bamboo Shoot	HOLD_EFFECT_NONE	0		PROVEN_NO_ORDINARY_DAMAGE_EFFECT	no_battle_effect	Every pinned reference is outside battle damage (prize money, friendship, EXP, wild encounters, fleeing, evolution/breeding) or the hold effect has no battle reference at all.
766	ITEM_GIMMIGHOUL_COIN	Gimmighoul Coin	HOLD_EFFECT_NONE	0		PROVEN_NO_ORDINARY_DAMAGE_EFFECT	no_battle_effect	Every pinned reference is outside battle damage (prize money, friendship, EXP, wild encounters, fleeing, evolution/breeding) or the hold effect has no battle reference at all.
767	ITEM_LEADERS_CREST	Leader's Crest	HOLD_EFFECT_NONE	0		PROVEN_NO_ORDINARY_DAMAGE_EFFECT	no_battle_effect	Every pinned reference is outside battle damage (prize money, friendship, EXP, wild encounters, fleeing, evolution/breeding) or the hold effect has no battle reference at all.
768	ITEM_MALICIOUS_ARMOR	Malicious Armor	HOLD_EFFECT_NONE	0		PROVEN_NO_ORDINARY_DAMAGE_EFFECT	no_battle_effect	Every pinned reference is outside battle damage (prize money, friendship, EXP, wild encounters, fleeing, evolution/breeding) or the hold effect has no battle reference at all.
769	ITEM_MIRROR_HERB	Mirror Herb	HOLD_EFFECT_MIRROR_HERB	0		UNSUPPORTED_DAMAGE_RELEVANT	post_hit_or_residual	Changes HP, status, stat stages, volatiles or items only through ItemBattleEffects activations (MoveEnd handlers after damage, end of turn, switch-in, or event scripts) or residual/drain handling. It can change later HP/stats/KO, so it is not globally neutral; request-local rule single_hit_item_activation_outside_damage clears it for a single-hit ordinary move.
770	ITEM_SCROLL_OF_DARKNESS	Scroll Of Darkness	HOLD_EFFECT_NONE	0		PROVEN_NO_ORDINARY_DAMAGE_EFFECT	no_battle_effect	Every pinned reference is outside battle damage (prize money, friendship, EXP, wild encounters, fleeing, evolution/breeding) or the hold effect has no battle reference at all.
771	ITEM_SCROLL_OF_WATERS	Scroll Of Waters	HOLD_EFFECT_NONE	0		PROVEN_NO_ORDINARY_DAMAGE_EFFECT	no_battle_effect	Every pinned reference is outside battle damage (prize money, friendship, EXP, wild encounters, fleeing, evolution/breeding) or the hold effect has no battle reference at all.
772	ITEM_TERA_ORB	Tera Orb	HOLD_EFFECT_NONE	0		PROVEN_NO_ORDINARY_DAMAGE_EFFECT	no_battle_effect	Every pinned reference is outside battle damage (prize money, friendship, EXP, wild encounters, fleeing, evolution/breeding) or the hold effect has no battle reference at all.
773	ITEM_TINY_BAMBOO_SHOOT	Tiny Bamboo Shoot	HOLD_EFFECT_NONE	0		PROVEN_NO_ORDINARY_DAMAGE_EFFECT	no_battle_effect	Every pinned reference is outside battle damage (prize money, friendship, EXP, wild encounters, fleeing, evolution/breeding) or the hold effect has no battle reference at all.
774	ITEM_BUG_TERA_SHARD	Bug Tera Shard	HOLD_EFFECT_NONE	0		PROVEN_NO_ORDINARY_DAMAGE_EFFECT	no_battle_effect	Every pinned reference is outside battle damage (prize money, friendship, EXP, wild encounters, fleeing, evolution/breeding) or the hold effect has no battle reference at all.
775	ITEM_DARK_TERA_SHARD	Dark Tera Shard	HOLD_EFFECT_NONE	0		PROVEN_NO_ORDINARY_DAMAGE_EFFECT	no_battle_effect	Every pinned reference is outside battle damage (prize money, friendship, EXP, wild encounters, fleeing, evolution/breeding) or the hold effect has no battle reference at all.
776	ITEM_DRAGON_TERA_SHARD	Dragon Tera Shard	HOLD_EFFECT_NONE	0		PROVEN_NO_ORDINARY_DAMAGE_EFFECT	no_battle_effect	Every pinned reference is outside battle damage (prize money, friendship, EXP, wild encounters, fleeing, evolution/breeding) or the hold effect has no battle reference at all.
777	ITEM_ELECTRIC_TERA_SHARD	Electric Tera Shard	HOLD_EFFECT_NONE	0		PROVEN_NO_ORDINARY_DAMAGE_EFFECT	no_battle_effect	Every pinned reference is outside battle damage (prize money, friendship, EXP, wild encounters, fleeing, evolution/breeding) or the hold effect has no battle reference at all.
778	ITEM_FAIRY_TERA_SHARD	Fairy Tera Shard	HOLD_EFFECT_NONE	0		PROVEN_NO_ORDINARY_DAMAGE_EFFECT	no_battle_effect	Every pinned reference is outside battle damage (prize money, friendship, EXP, wild encounters, fleeing, evolution/breeding) or the hold effect has no battle reference at all.
779	ITEM_FIGHTING_TERA_SHARD	Fighting Tera Shard	HOLD_EFFECT_NONE	0		PROVEN_NO_ORDINARY_DAMAGE_EFFECT	no_battle_effect	Every pinned reference is outside battle damage (prize money, friendship, EXP, wild encounters, fleeing, evolution/breeding) or the hold effect has no battle reference at all.
780	ITEM_FIRE_TERA_SHARD	Fire Tera Shard	HOLD_EFFECT_NONE	0		PROVEN_NO_ORDINARY_DAMAGE_EFFECT	no_battle_effect	Every pinned reference is outside battle damage (prize money, friendship, EXP, wild encounters, fleeing, evolution/breeding) or the hold effect has no battle reference at all.
781	ITEM_FLYING_TERA_SHARD	Flying Tera Shard	HOLD_EFFECT_NONE	0		PROVEN_NO_ORDINARY_DAMAGE_EFFECT	no_battle_effect	Every pinned reference is outside battle damage (prize money, friendship, EXP, wild encounters, fleeing, evolution/breeding) or the hold effect has no battle reference at all.
782	ITEM_GHOST_TERA_SHARD	Ghost Tera Shard	HOLD_EFFECT_NONE	0		PROVEN_NO_ORDINARY_DAMAGE_EFFECT	no_battle_effect	Every pinned reference is outside battle damage (prize money, friendship, EXP, wild encounters, fleeing, evolution/breeding) or the hold effect has no battle reference at all.
783	ITEM_GRASS_TERA_SHARD	Grass Tera Shard	HOLD_EFFECT_NONE	0		PROVEN_NO_ORDINARY_DAMAGE_EFFECT	no_battle_effect	Every pinned reference is outside battle damage (prize money, friendship, EXP, wild encounters, fleeing, evolution/breeding) or the hold effect has no battle reference at all.
784	ITEM_GROUND_TERA_SHARD	Ground Tera Shard	HOLD_EFFECT_NONE	0		PROVEN_NO_ORDINARY_DAMAGE_EFFECT	no_battle_effect	Every pinned reference is outside battle damage (prize money, friendship, EXP, wild encounters, fleeing, evolution/breeding) or the hold effect has no battle reference at all.
785	ITEM_ICE_TERA_SHARD	Ice Tera Shard	HOLD_EFFECT_NONE	0		PROVEN_NO_ORDINARY_DAMAGE_EFFECT	no_battle_effect	Every pinned reference is outside battle damage (prize money, friendship, EXP, wild encounters, fleeing, evolution/breeding) or the hold effect has no battle reference at all.
786	ITEM_NORMAL_TERA_SHARD	Normal Tera Shard	HOLD_EFFECT_NONE	0		PROVEN_NO_ORDINARY_DAMAGE_EFFECT	no_battle_effect	Every pinned reference is outside battle damage (prize money, friendship, EXP, wild encounters, fleeing, evolution/breeding) or the hold effect has no battle reference at all.
787	ITEM_POISON_TERA_SHARD	Poison Tera Shard	HOLD_EFFECT_NONE	0		PROVEN_NO_ORDINARY_DAMAGE_EFFECT	no_battle_effect	Every pinned reference is outside battle damage (prize money, friendship, EXP, wild encounters, fleeing, evolution/breeding) or the hold effect has no battle reference at all.
788	ITEM_PSYCHIC_TERA_SHARD	Psychic Tera Shard	HOLD_EFFECT_NONE	0		PROVEN_NO_ORDINARY_DAMAGE_EFFECT	no_battle_effect	Every pinned reference is outside battle damage (prize money, friendship, EXP, wild encounters, fleeing, evolution/breeding) or the hold effect has no battle reference at all.
789	ITEM_ROCK_TERA_SHARD	Rock Tera Shard	HOLD_EFFECT_NONE	0		PROVEN_NO_ORDINARY_DAMAGE_EFFECT	no_battle_effect	Every pinned reference is outside battle damage (prize money, friendship, EXP, wild encounters, fleeing, evolution/breeding) or the hold effect has no battle reference at all.
790	ITEM_STEEL_TERA_SHARD	Steel Tera Shard	HOLD_EFFECT_NONE	0		PROVEN_NO_ORDINARY_DAMAGE_EFFECT	no_battle_effect	Every pinned reference is outside battle damage (prize money, friendship, EXP, wild encounters, fleeing, evolution/breeding) or the hold effect has no battle reference at all.
791	ITEM_WATER_TERA_SHARD	Water Tera Shard	HOLD_EFFECT_NONE	0		PROVEN_NO_ORDINARY_DAMAGE_EFFECT	no_battle_effect	Every pinned reference is outside battle damage (prize money, friendship, EXP, wild encounters, fleeing, evolution/breeding) or the hold effect has no battle reference at all.
792	ITEM_ADAMANT_CRYSTAL	Adamant Crystal	HOLD_EFFECT_ADAMANT_ORB	20		UNSUPPORTED_DAMAGE_RELEVANT	attacker_offense	Read only as the ATTACKER's hold effect in the pinned damage path (base-power, Attack-stat, final-modifier or critical-stage modifier) with H&S fixed-point placement the calculator does not reproduce. Defender-side and non-matching-context rules are request-local.
793	ITEM_GRISEOUS_CORE	Griseous Core	HOLD_EFFECT_GRISEOUS_ORB	20		UNSUPPORTED_DAMAGE_RELEVANT	attacker_offense	Read only as the ATTACKER's hold effect in the pinned damage path (base-power, Attack-stat, final-modifier or critical-stage modifier) with H&S fixed-point placement the calculator does not reproduce. Defender-side and non-matching-context rules are request-local.
794	ITEM_LUSTROUS_GLOBE	Lustrous Globe	HOLD_EFFECT_LUSTROUS_ORB	20		UNSUPPORTED_DAMAGE_RELEVANT	attacker_offense	Read only as the ATTACKER's hold effect in the pinned damage path (base-power, Attack-stat, final-modifier or critical-stage modifier) with H&S fixed-point placement the calculator does not reproduce. Defender-side and non-matching-context rules are request-local.
795	ITEM_BLACK_AUGURITE	Black Augurite	HOLD_EFFECT_NONE	0		PROVEN_NO_ORDINARY_DAMAGE_EFFECT	no_battle_effect	Every pinned reference is outside battle damage (prize money, friendship, EXP, wild encounters, fleeing, evolution/breeding) or the hold effect has no battle reference at all.
796	ITEM_LINKING_CORD	Linking Cord	HOLD_EFFECT_NONE	0		PROVEN_NO_ORDINARY_DAMAGE_EFFECT	no_battle_effect	Every pinned reference is outside battle damage (prize money, friendship, EXP, wild encounters, fleeing, evolution/breeding) or the hold effect has no battle reference at all.
797	ITEM_PEAT_BLOCK	Peat Block	HOLD_EFFECT_NONE	0		PROVEN_NO_ORDINARY_DAMAGE_EFFECT	no_battle_effect	Every pinned reference is outside battle damage (prize money, friendship, EXP, wild encounters, fleeing, evolution/breeding) or the hold effect has no battle reference at all.
798	ITEM_BERSERK_GENE	Berserk Gene	HOLD_EFFECT_BERSERK_GENE	0		UNSUPPORTED_DAMAGE_RELEVANT	post_hit_or_residual	This hold effect can write a stat or ability-related live operand before the current hit. It remains unsupported pending the live-state audit in #88; the generic after-hit rule does not clear it.
799	ITEM_FAIRY_FEATHER	Fairy Feather	HOLD_EFFECT_TYPE_POWER	20	FAIRY	UNSUPPORTED_DAMAGE_RELEVANT	attacker_offense	Read only as the ATTACKER's hold effect in the pinned damage path (base-power, Attack-stat, final-modifier or critical-stage modifier) with H&S fixed-point placement the calculator does not reproduce. Defender-side and non-matching-context rules are request-local.
800	ITEM_SYRUPY_APPLE	Syrupy Apple	HOLD_EFFECT_NONE	0		PROVEN_NO_ORDINARY_DAMAGE_EFFECT	no_battle_effect	Every pinned reference is outside battle damage (prize money, friendship, EXP, wild encounters, fleeing, evolution/breeding) or the hold effect has no battle reference at all.
801	ITEM_UNREMARKABLE_TEACUP	Unremarkable Teacup	HOLD_EFFECT_NONE	0		PROVEN_NO_ORDINARY_DAMAGE_EFFECT	no_battle_effect	Every pinned reference is outside battle damage (prize money, friendship, EXP, wild encounters, fleeing, evolution/breeding) or the hold effect has no battle reference at all.
802	ITEM_MASTERPIECE_TEACUP	Masterpiece Teacup	HOLD_EFFECT_NONE	0		PROVEN_NO_ORDINARY_DAMAGE_EFFECT	no_battle_effect	Every pinned reference is outside battle damage (prize money, friendship, EXP, wild encounters, fleeing, evolution/breeding) or the hold effect has no battle reference at all.
803	ITEM_CORNERSTONE_MASK	Cornerstone Mask	HOLD_EFFECT_OGERPON_MASK	20		UNSUPPORTED_DAMAGE_RELEVANT	attacker_offense	Read only as the ATTACKER's hold effect in the pinned damage path (base-power, Attack-stat, final-modifier or critical-stage modifier) with H&S fixed-point placement the calculator does not reproduce. Defender-side and non-matching-context rules are request-local.
804	ITEM_WELLSPRING_MASK	Wellspring Mask	HOLD_EFFECT_OGERPON_MASK	20		UNSUPPORTED_DAMAGE_RELEVANT	attacker_offense	Read only as the ATTACKER's hold effect in the pinned damage path (base-power, Attack-stat, final-modifier or critical-stage modifier) with H&S fixed-point placement the calculator does not reproduce. Defender-side and non-matching-context rules are request-local.
805	ITEM_HEARTHFLAME_MASK	Hearthflame Mask	HOLD_EFFECT_OGERPON_MASK	20		UNSUPPORTED_DAMAGE_RELEVANT	attacker_offense	Read only as the ATTACKER's hold effect in the pinned damage path (base-power, Attack-stat, final-modifier or critical-stage modifier) with H&S fixed-point placement the calculator does not reproduce. Defender-side and non-matching-context rules are request-local.
806	ITEM_HEALTH_MOCHI	Health Mochi	HOLD_EFFECT_NONE	0		PROVEN_NO_ORDINARY_DAMAGE_EFFECT	no_battle_effect	Every pinned reference is outside battle damage (prize money, friendship, EXP, wild encounters, fleeing, evolution/breeding) or the hold effect has no battle reference at all.
807	ITEM_MUSCLE_MOCHI	Muscle Mochi	HOLD_EFFECT_NONE	0		PROVEN_NO_ORDINARY_DAMAGE_EFFECT	no_battle_effect	Every pinned reference is outside battle damage (prize money, friendship, EXP, wild encounters, fleeing, evolution/breeding) or the hold effect has no battle reference at all.
808	ITEM_RESIST_MOCHI	Resist Mochi	HOLD_EFFECT_NONE	0		PROVEN_NO_ORDINARY_DAMAGE_EFFECT	no_battle_effect	Every pinned reference is outside battle damage (prize money, friendship, EXP, wild encounters, fleeing, evolution/breeding) or the hold effect has no battle reference at all.
809	ITEM_GENIUS_MOCHI	Genius Mochi	HOLD_EFFECT_NONE	0		PROVEN_NO_ORDINARY_DAMAGE_EFFECT	no_battle_effect	Every pinned reference is outside battle damage (prize money, friendship, EXP, wild encounters, fleeing, evolution/breeding) or the hold effect has no battle reference at all.
810	ITEM_CLEVER_MOCHI	Clever Mochi	HOLD_EFFECT_NONE	0		PROVEN_NO_ORDINARY_DAMAGE_EFFECT	no_battle_effect	Every pinned reference is outside battle damage (prize money, friendship, EXP, wild encounters, fleeing, evolution/breeding) or the hold effect has no battle reference at all.
811	ITEM_SWIFT_MOCHI	Swift Mochi	HOLD_EFFECT_NONE	0		PROVEN_NO_ORDINARY_DAMAGE_EFFECT	no_battle_effect	Every pinned reference is outside battle damage (prize money, friendship, EXP, wild encounters, fleeing, evolution/breeding) or the hold effect has no battle reference at all.
812	ITEM_FRESH_START_MOCHI	Fresh-start Mochi	HOLD_EFFECT_NONE	0		PROVEN_NO_ORDINARY_DAMAGE_EFFECT	no_battle_effect	Every pinned reference is outside battle damage (prize money, friendship, EXP, wild encounters, fleeing, evolution/breeding) or the hold effect has no battle reference at all.
813	ITEM_GLIMMERING_CHARM	Glimmering Charm	HOLD_EFFECT_NONE	0		PROVEN_NO_ORDINARY_DAMAGE_EFFECT	no_battle_effect	Every pinned reference is outside battle damage (prize money, friendship, EXP, wild encounters, fleeing, evolution/breeding) or the hold effect has no battle reference at all.
814	ITEM_METAL_ALLOY	Metal Alloy	HOLD_EFFECT_NONE	0		PROVEN_NO_ORDINARY_DAMAGE_EFFECT	no_battle_effect	Every pinned reference is outside battle damage (prize money, friendship, EXP, wild encounters, fleeing, evolution/breeding) or the hold effect has no battle reference at all.
815	ITEM_STELLAR_TERA_SHARD	Stellar Tera Shard	HOLD_EFFECT_NONE	0		PROVEN_NO_ORDINARY_DAMAGE_EFFECT	no_battle_effect	Every pinned reference is outside battle damage (prize money, friendship, EXP, wild encounters, fleeing, evolution/breeding) or the hold effect has no battle reference at all.
816	ITEM_JUBILIFE_MUFFIN	Jubilife Muffin	HOLD_EFFECT_NONE	0		PROVEN_NO_ORDINARY_DAMAGE_EFFECT	no_battle_effect	Every pinned reference is outside battle damage (prize money, friendship, EXP, wild encounters, fleeing, evolution/breeding) or the hold effect has no battle reference at all.
817	ITEM_REMEDY	Remedy	HOLD_EFFECT_NONE	0		PROVEN_NO_ORDINARY_DAMAGE_EFFECT	no_battle_effect	Every pinned reference is outside battle damage (prize money, friendship, EXP, wild encounters, fleeing, evolution/breeding) or the hold effect has no battle reference at all.
818	ITEM_FINE_REMEDY	Fine Remedy	HOLD_EFFECT_NONE	0		PROVEN_NO_ORDINARY_DAMAGE_EFFECT	no_battle_effect	Every pinned reference is outside battle damage (prize money, friendship, EXP, wild encounters, fleeing, evolution/breeding) or the hold effect has no battle reference at all.
819	ITEM_SUPERB_REMEDY	Superb Remedy	HOLD_EFFECT_NONE	0		PROVEN_NO_ORDINARY_DAMAGE_EFFECT	no_battle_effect	Every pinned reference is outside battle damage (prize money, friendship, EXP, wild encounters, fleeing, evolution/breeding) or the hold effect has no battle reference at all.
820	ITEM_AUX_EVASION	Aux Evasion	HOLD_EFFECT_NONE	2		PROVEN_NO_ORDINARY_DAMAGE_EFFECT	no_battle_effect	Every pinned reference is outside battle damage (prize money, friendship, EXP, wild encounters, fleeing, evolution/breeding) or the hold effect has no battle reference at all.
821	ITEM_AUX_GUARD	Aux Guard	HOLD_EFFECT_NONE	2		PROVEN_NO_ORDINARY_DAMAGE_EFFECT	no_battle_effect	Every pinned reference is outside battle damage (prize money, friendship, EXP, wild encounters, fleeing, evolution/breeding) or the hold effect has no battle reference at all.
822	ITEM_AUX_POWER	Aux Power	HOLD_EFFECT_NONE	2		PROVEN_NO_ORDINARY_DAMAGE_EFFECT	no_battle_effect	Every pinned reference is outside battle damage (prize money, friendship, EXP, wild encounters, fleeing, evolution/breeding) or the hold effect has no battle reference at all.
823	ITEM_AUX_POWERGUARD	Aux Powerguard	HOLD_EFFECT_NONE	2		PROVEN_NO_ORDINARY_DAMAGE_EFFECT	no_battle_effect	Every pinned reference is outside battle damage (prize money, friendship, EXP, wild encounters, fleeing, evolution/breeding) or the hold effect has no battle reference at all.
824	ITEM_CHOICE_DUMPLING	Choice Dumpling	HOLD_EFFECT_NONE	0		PROVEN_NO_ORDINARY_DAMAGE_EFFECT	no_battle_effect	Every pinned reference is outside battle damage (prize money, friendship, EXP, wild encounters, fleeing, evolution/breeding) or the hold effect has no battle reference at all.
825	ITEM_SWAP_SNACK	Swap Snack	HOLD_EFFECT_NONE	0		PROVEN_NO_ORDINARY_DAMAGE_EFFECT	no_battle_effect	Every pinned reference is outside battle damage (prize money, friendship, EXP, wild encounters, fleeing, evolution/breeding) or the hold effect has no battle reference at all.
826	ITEM_TWICE_SPICED_RADISH	Twice-spiced Radish	HOLD_EFFECT_NONE	0		PROVEN_NO_ORDINARY_DAMAGE_EFFECT	no_battle_effect	Every pinned reference is outside battle damage (prize money, friendship, EXP, wild encounters, fleeing, evolution/breeding) or the hold effect has no battle reference at all.
827	ITEM_POKESHI_DOLL	Pokéshi Doll	HOLD_EFFECT_NONE	0		PROVEN_NO_ORDINARY_DAMAGE_EFFECT	no_battle_effect	Every pinned reference is outside battle damage (prize money, friendship, EXP, wild encounters, fleeing, evolution/breeding) or the hold effect has no battle reference at all.
828	ITEM_STRANGE_BALL	Strange Ball	HOLD_EFFECT_NONE	0		PROVEN_NO_ORDINARY_DAMAGE_EFFECT	no_battle_effect	Every pinned reference is outside battle damage (prize money, friendship, EXP, wild encounters, fleeing, evolution/breeding) or the hold effect has no battle reference at all.
829	ITEM_CLEFABLITE	Clefablite	HOLD_EFFECT_MEGA_STONE	0		UNSUPPORTED_DAMAGE_RELEVANT	form_or_ability_changer	Can change the holder's form or effective ability before the hit (Mega Evolution at turn start, Ultra Burst/Z-Moves, Ability Shield vs ability suppression). No request-local clearance is implemented; always blocks.
830	ITEM_VICTREEBELITE	Victreebelite	HOLD_EFFECT_MEGA_STONE	0		UNSUPPORTED_DAMAGE_RELEVANT	form_or_ability_changer	Can change the holder's form or effective ability before the hit (Mega Evolution at turn start, Ultra Burst/Z-Moves, Ability Shield vs ability suppression). No request-local clearance is implemented; always blocks.
831	ITEM_STARMINITE	Starminite	HOLD_EFFECT_MEGA_STONE	0		UNSUPPORTED_DAMAGE_RELEVANT	form_or_ability_changer	Can change the holder's form or effective ability before the hit (Mega Evolution at turn start, Ultra Burst/Z-Moves, Ability Shield vs ability suppression). No request-local clearance is implemented; always blocks.
832	ITEM_DRAGONINITE	Dragoninite	HOLD_EFFECT_MEGA_STONE	0		UNSUPPORTED_DAMAGE_RELEVANT	form_or_ability_changer	Can change the holder's form or effective ability before the hit (Mega Evolution at turn start, Ultra Burst/Z-Moves, Ability Shield vs ability suppression). No request-local clearance is implemented; always blocks.
833	ITEM_MEGANIUMITE	Meganiumite	HOLD_EFFECT_MEGA_STONE	0		UNSUPPORTED_DAMAGE_RELEVANT	form_or_ability_changer	Can change the holder's form or effective ability before the hit (Mega Evolution at turn start, Ultra Burst/Z-Moves, Ability Shield vs ability suppression). No request-local clearance is implemented; always blocks.
834	ITEM_FERALIGITE	Feraligite	HOLD_EFFECT_MEGA_STONE	0		UNSUPPORTED_DAMAGE_RELEVANT	form_or_ability_changer	Can change the holder's form or effective ability before the hit (Mega Evolution at turn start, Ultra Burst/Z-Moves, Ability Shield vs ability suppression). No request-local clearance is implemented; always blocks.
835	ITEM_SKARMORITE	Skarmorite	HOLD_EFFECT_MEGA_STONE	0		UNSUPPORTED_DAMAGE_RELEVANT	form_or_ability_changer	Can change the holder's form or effective ability before the hit (Mega Evolution at turn start, Ultra Burst/Z-Moves, Ability Shield vs ability suppression). No request-local clearance is implemented; always blocks.
836	ITEM_FROSLASSITE	Froslassite	HOLD_EFFECT_MEGA_STONE	0		UNSUPPORTED_DAMAGE_RELEVANT	form_or_ability_changer	Can change the holder's form or effective ability before the hit (Mega Evolution at turn start, Ultra Burst/Z-Moves, Ability Shield vs ability suppression). No request-local clearance is implemented; always blocks.
837	ITEM_EMBOARITE	Emboarite	HOLD_EFFECT_MEGA_STONE	0		UNSUPPORTED_DAMAGE_RELEVANT	form_or_ability_changer	Can change the holder's form or effective ability before the hit (Mega Evolution at turn start, Ultra Burst/Z-Moves, Ability Shield vs ability suppression). No request-local clearance is implemented; always blocks.
838	ITEM_EXCADRITE	Excadrite	HOLD_EFFECT_MEGA_STONE	0		UNSUPPORTED_DAMAGE_RELEVANT	form_or_ability_changer	Can change the holder's form or effective ability before the hit (Mega Evolution at turn start, Ultra Burst/Z-Moves, Ability Shield vs ability suppression). No request-local clearance is implemented; always blocks.
839	ITEM_SCOLIPITE	Scolipite	HOLD_EFFECT_MEGA_STONE	0		UNSUPPORTED_DAMAGE_RELEVANT	form_or_ability_changer	Can change the holder's form or effective ability before the hit (Mega Evolution at turn start, Ultra Burst/Z-Moves, Ability Shield vs ability suppression). No request-local clearance is implemented; always blocks.
840	ITEM_SCRAFTINITE	Scraftinite	HOLD_EFFECT_MEGA_STONE	0		UNSUPPORTED_DAMAGE_RELEVANT	form_or_ability_changer	Can change the holder's form or effective ability before the hit (Mega Evolution at turn start, Ultra Burst/Z-Moves, Ability Shield vs ability suppression). No request-local clearance is implemented; always blocks.
841	ITEM_EELEKTROSSITE	Eelektrossite	HOLD_EFFECT_MEGA_STONE	0		UNSUPPORTED_DAMAGE_RELEVANT	form_or_ability_changer	Can change the holder's form or effective ability before the hit (Mega Evolution at turn start, Ultra Burst/Z-Moves, Ability Shield vs ability suppression). No request-local clearance is implemented; always blocks.
842	ITEM_CHANDELURITE	Chandelurite	HOLD_EFFECT_MEGA_STONE	0		UNSUPPORTED_DAMAGE_RELEVANT	form_or_ability_changer	Can change the holder's form or effective ability before the hit (Mega Evolution at turn start, Ultra Burst/Z-Moves, Ability Shield vs ability suppression). No request-local clearance is implemented; always blocks.
843	ITEM_CHESNAUGHTITE	Chesnaughtite	HOLD_EFFECT_MEGA_STONE	0		UNSUPPORTED_DAMAGE_RELEVANT	form_or_ability_changer	Can change the holder's form or effective ability before the hit (Mega Evolution at turn start, Ultra Burst/Z-Moves, Ability Shield vs ability suppression). No request-local clearance is implemented; always blocks.
844	ITEM_DELPHOXITE	Delphoxite	HOLD_EFFECT_MEGA_STONE	0		UNSUPPORTED_DAMAGE_RELEVANT	form_or_ability_changer	Can change the holder's form or effective ability before the hit (Mega Evolution at turn start, Ultra Burst/Z-Moves, Ability Shield vs ability suppression). No request-local clearance is implemented; always blocks.
845	ITEM_GRENINJITE	Greninjite	HOLD_EFFECT_MEGA_STONE	0		UNSUPPORTED_DAMAGE_RELEVANT	form_or_ability_changer	Can change the holder's form or effective ability before the hit (Mega Evolution at turn start, Ultra Burst/Z-Moves, Ability Shield vs ability suppression). No request-local clearance is implemented; always blocks.
846	ITEM_PYROARITE	Pyroarite	HOLD_EFFECT_MEGA_STONE	0		UNSUPPORTED_DAMAGE_RELEVANT	form_or_ability_changer	Can change the holder's form or effective ability before the hit (Mega Evolution at turn start, Ultra Burst/Z-Moves, Ability Shield vs ability suppression). No request-local clearance is implemented; always blocks.
847	ITEM_FLOETTITE	Floettite	HOLD_EFFECT_MEGA_STONE	0		UNSUPPORTED_DAMAGE_RELEVANT	form_or_ability_changer	Can change the holder's form or effective ability before the hit (Mega Evolution at turn start, Ultra Burst/Z-Moves, Ability Shield vs ability suppression). No request-local clearance is implemented; always blocks.
848	ITEM_MALAMARITE	Malamarite	HOLD_EFFECT_MEGA_STONE	0		UNSUPPORTED_DAMAGE_RELEVANT	form_or_ability_changer	Can change the holder's form or effective ability before the hit (Mega Evolution at turn start, Ultra Burst/Z-Moves, Ability Shield vs ability suppression). No request-local clearance is implemented; always blocks.
849	ITEM_BARBARACITE	Barbaracite	HOLD_EFFECT_MEGA_STONE	0		UNSUPPORTED_DAMAGE_RELEVANT	form_or_ability_changer	Can change the holder's form or effective ability before the hit (Mega Evolution at turn start, Ultra Burst/Z-Moves, Ability Shield vs ability suppression). No request-local clearance is implemented; always blocks.
850	ITEM_DRAGALGITE	Dragalgite	HOLD_EFFECT_MEGA_STONE	0		UNSUPPORTED_DAMAGE_RELEVANT	form_or_ability_changer	Can change the holder's form or effective ability before the hit (Mega Evolution at turn start, Ultra Burst/Z-Moves, Ability Shield vs ability suppression). No request-local clearance is implemented; always blocks.
851	ITEM_HAWLUCHANITE	Hawluchanite	HOLD_EFFECT_MEGA_STONE	0		UNSUPPORTED_DAMAGE_RELEVANT	form_or_ability_changer	Can change the holder's form or effective ability before the hit (Mega Evolution at turn start, Ultra Burst/Z-Moves, Ability Shield vs ability suppression). No request-local clearance is implemented; always blocks.
852	ITEM_ZYGARDITE	Zygardite	HOLD_EFFECT_MEGA_STONE	0		UNSUPPORTED_DAMAGE_RELEVANT	form_or_ability_changer	Can change the holder's form or effective ability before the hit (Mega Evolution at turn start, Ultra Burst/Z-Moves, Ability Shield vs ability suppression). No request-local clearance is implemented; always blocks.
853	ITEM_DRAMPANITE	Drampanite	HOLD_EFFECT_MEGA_STONE	0		UNSUPPORTED_DAMAGE_RELEVANT	form_or_ability_changer	Can change the holder's form or effective ability before the hit (Mega Evolution at turn start, Ultra Burst/Z-Moves, Ability Shield vs ability suppression). No request-local clearance is implemented; always blocks.
854	ITEM_FALINKSITE	Falinksite	HOLD_EFFECT_MEGA_STONE	0		UNSUPPORTED_DAMAGE_RELEVANT	form_or_ability_changer	Can change the holder's form or effective ability before the hit (Mega Evolution at turn start, Ultra Burst/Z-Moves, Ability Shield vs ability suppression). No request-local clearance is implemented; always blocks.
855	ITEM_HEATRANITE	Heatranite	HOLD_EFFECT_MEGA_STONE	0		UNSUPPORTED_DAMAGE_RELEVANT	form_or_ability_changer	Can change the holder's form or effective ability before the hit (Mega Evolution at turn start, Ultra Burst/Z-Moves, Ability Shield vs ability suppression). No request-local clearance is implemented; always blocks.
856	ITEM_DARKRANITE	Darkranite	HOLD_EFFECT_MEGA_STONE	0		UNSUPPORTED_DAMAGE_RELEVANT	form_or_ability_changer	Can change the holder's form or effective ability before the hit (Mega Evolution at turn start, Ultra Burst/Z-Moves, Ability Shield vs ability suppression). No request-local clearance is implemented; always blocks.
857	ITEM_ZERAORITE	Zeraorite	HOLD_EFFECT_MEGA_STONE	0		UNSUPPORTED_DAMAGE_RELEVANT	form_or_ability_changer	Can change the holder's form or effective ability before the hit (Mega Evolution at turn start, Ultra Burst/Z-Moves, Ability Shield vs ability suppression). No request-local clearance is implemented; always blocks.
858	ITEM_RAICHUNITE_X	Raichunite X	HOLD_EFFECT_MEGA_STONE	0		UNSUPPORTED_DAMAGE_RELEVANT	form_or_ability_changer	Can change the holder's form or effective ability before the hit (Mega Evolution at turn start, Ultra Burst/Z-Moves, Ability Shield vs ability suppression). No request-local clearance is implemented; always blocks.
859	ITEM_RAICHUNITE_Y	Raichunite Y	HOLD_EFFECT_MEGA_STONE	0		UNSUPPORTED_DAMAGE_RELEVANT	form_or_ability_changer	Can change the holder's form or effective ability before the hit (Mega Evolution at turn start, Ultra Burst/Z-Moves, Ability Shield vs ability suppression). No request-local clearance is implemented; always blocks.
860	ITEM_CHIMECHITE	Chimechite	HOLD_EFFECT_MEGA_STONE	0		UNSUPPORTED_DAMAGE_RELEVANT	form_or_ability_changer	Can change the holder's form or effective ability before the hit (Mega Evolution at turn start, Ultra Burst/Z-Moves, Ability Shield vs ability suppression). No request-local clearance is implemented; always blocks.
861	ITEM_ABSOLITE_Z	Absolite Z	HOLD_EFFECT_MEGA_STONE	0		UNSUPPORTED_DAMAGE_RELEVANT	form_or_ability_changer	Can change the holder's form or effective ability before the hit (Mega Evolution at turn start, Ultra Burst/Z-Moves, Ability Shield vs ability suppression). No request-local clearance is implemented; always blocks.
862	ITEM_STARAPTITE	Staraptite	HOLD_EFFECT_MEGA_STONE	0		UNSUPPORTED_DAMAGE_RELEVANT	form_or_ability_changer	Can change the holder's form or effective ability before the hit (Mega Evolution at turn start, Ultra Burst/Z-Moves, Ability Shield vs ability suppression). No request-local clearance is implemented; always blocks.
863	ITEM_GARCHOMPITE_Z	Garchompite Z	HOLD_EFFECT_MEGA_STONE	0		UNSUPPORTED_DAMAGE_RELEVANT	form_or_ability_changer	Can change the holder's form or effective ability before the hit (Mega Evolution at turn start, Ultra Burst/Z-Moves, Ability Shield vs ability suppression). No request-local clearance is implemented; always blocks.
864	ITEM_LUCARIONITE_Z	Lucarionite Z	HOLD_EFFECT_MEGA_STONE	0		UNSUPPORTED_DAMAGE_RELEVANT	form_or_ability_changer	Can change the holder's form or effective ability before the hit (Mega Evolution at turn start, Ultra Burst/Z-Moves, Ability Shield vs ability suppression). No request-local clearance is implemented; always blocks.
865	ITEM_GOLURKITE	Golurkite	HOLD_EFFECT_MEGA_STONE	0		UNSUPPORTED_DAMAGE_RELEVANT	form_or_ability_changer	Can change the holder's form or effective ability before the hit (Mega Evolution at turn start, Ultra Burst/Z-Moves, Ability Shield vs ability suppression). No request-local clearance is implemented; always blocks.
866	ITEM_MEOWSTICITE	Meowsticite	HOLD_EFFECT_MEGA_STONE	0		UNSUPPORTED_DAMAGE_RELEVANT	form_or_ability_changer	Can change the holder's form or effective ability before the hit (Mega Evolution at turn start, Ultra Burst/Z-Moves, Ability Shield vs ability suppression). No request-local clearance is implemented; always blocks.
867	ITEM_CRABOMINITE	Crabominite	HOLD_EFFECT_MEGA_STONE	0		UNSUPPORTED_DAMAGE_RELEVANT	form_or_ability_changer	Can change the holder's form or effective ability before the hit (Mega Evolution at turn start, Ultra Burst/Z-Moves, Ability Shield vs ability suppression). No request-local clearance is implemented; always blocks.
868	ITEM_GOLISOPITE	Golisopite	HOLD_EFFECT_MEGA_STONE	0		UNSUPPORTED_DAMAGE_RELEVANT	form_or_ability_changer	Can change the holder's form or effective ability before the hit (Mega Evolution at turn start, Ultra Burst/Z-Moves, Ability Shield vs ability suppression). No request-local clearance is implemented; always blocks.
869	ITEM_MAGEARNITE	Magearnite	HOLD_EFFECT_MEGA_STONE	0		UNSUPPORTED_DAMAGE_RELEVANT	form_or_ability_changer	Can change the holder's form or effective ability before the hit (Mega Evolution at turn start, Ultra Burst/Z-Moves, Ability Shield vs ability suppression). No request-local clearance is implemented; always blocks.
870	ITEM_SCOVILLAINITE	Scovillainite	HOLD_EFFECT_MEGA_STONE	0		UNSUPPORTED_DAMAGE_RELEVANT	form_or_ability_changer	Can change the holder's form or effective ability before the hit (Mega Evolution at turn start, Ultra Burst/Z-Moves, Ability Shield vs ability suppression). No request-local clearance is implemented; always blocks.
871	ITEM_BAXCALIBRITE	Baxcalibrite	HOLD_EFFECT_MEGA_STONE	0		UNSUPPORTED_DAMAGE_RELEVANT	form_or_ability_changer	Can change the holder's form or effective ability before the hit (Mega Evolution at turn start, Ultra Burst/Z-Moves, Ability Shield vs ability suppression). No request-local clearance is implemented; always blocks.
872	ITEM_TATSUGIRINITE	Tatsugirinite	HOLD_EFFECT_MEGA_STONE	0		UNSUPPORTED_DAMAGE_RELEVANT	form_or_ability_changer	Can change the holder's form or effective ability before the hit (Mega Evolution at turn start, Ultra Burst/Z-Moves, Ability Shield vs ability suppression). No request-local clearance is implemented; always blocks.
873	ITEM_GLIMMORANITE	Glimmoranite	HOLD_EFFECT_MEGA_STONE	0		UNSUPPORTED_DAMAGE_RELEVANT	form_or_ability_changer	Can change the holder's form or effective ability before the hit (Mega Evolution at turn start, Ultra Burst/Z-Moves, Ability Shield vs ability suppression). No request-local clearance is implemented; always blocks.
874	ITEM_GB_PLAYER	Gb Player	HOLD_EFFECT_NONE	0		PROVEN_NO_ORDINARY_DAMAGE_EFFECT	no_battle_effect	Every pinned reference is outside battle damage (prize money, friendship, EXP, wild encounters, fleeing, evolution/breeding) or the hold effect has no battle reference at all.
875	ITEM_GS_BALL	Gs Ball	HOLD_EFFECT_NONE	0		PROVEN_NO_ORDINARY_DAMAGE_EFFECT	no_battle_effect	Every pinned reference is outside battle damage (prize money, friendship, EXP, wild encounters, fleeing, evolution/breeding) or the hold effect has no battle reference at all.
876	ITEM_FERTILIZER	Growth Mulch	HOLD_EFFECT_NONE	0		PROVEN_NO_ORDINARY_DAMAGE_EFFECT	no_battle_effect	Every pinned reference is outside battle damage (prize money, friendship, EXP, wild encounters, fleeing, evolution/breeding) or the hold effect has no battle reference at all.
877	ITEM_EXP_SHARE_SMALL	EXP. Share S	HOLD_EFFECT_EXP_SHARE	0		PROVEN_NO_ORDINARY_DAMAGE_EFFECT	no_battle_effect	Every pinned reference is outside battle damage (prize money, friendship, EXP, wild encounters, fleeing, evolution/breeding) or the hold effect has no battle reference at all.
878	ITEM_HEALING_HEART	Healing Heart	HOLD_EFFECT_NONE	0		PROVEN_NO_ORDINARY_DAMAGE_EFFECT	no_battle_effect	Every pinned reference is outside battle damage (prize money, friendship, EXP, wild encounters, fleeing, evolution/breeding) or the hold effect has no battle reference at all.
879	ITEM_INFINITE_REPEL	Infin. Repel	HOLD_EFFECT_NONE	0		PROVEN_NO_ORDINARY_DAMAGE_EFFECT	no_battle_effect	Every pinned reference is outside battle damage (prize money, friendship, EXP, wild encounters, fleeing, evolution/breeding) or the hold effect has no battle reference at all.
880	ITEM_INFINITE_RARE_CANDIES	Rarecandy Box	HOLD_EFFECT_NONE	0		PROVEN_NO_ORDINARY_DAMAGE_EFFECT	no_battle_effect	Every pinned reference is outside battle damage (prize money, friendship, EXP, wild encounters, fleeing, evolution/breeding) or the hold effect has no battle reference at all.
881	ITEM_CLEAR_BELL	Clear Bell	HOLD_EFFECT_NONE	0		PROVEN_NO_ORDINARY_DAMAGE_EFFECT	no_battle_effect	Every pinned reference is outside battle damage (prize money, friendship, EXP, wild encounters, fleeing, evolution/breeding) or the hold effect has no battle reference at all.
882	ITEM_LOST_ITEM	Lost Item	HOLD_EFFECT_NONE	0		PROVEN_NO_ORDINARY_DAMAGE_EFFECT	no_battle_effect	Every pinned reference is outside battle damage (prize money, friendship, EXP, wild encounters, fleeing, evolution/breeding) or the hold effect has no battle reference at all.
883	ITEM_MACHINE_PART	Machine Part	HOLD_EFFECT_NONE	0		PROVEN_NO_ORDINARY_DAMAGE_EFFECT	no_battle_effect	Every pinned reference is outside battle damage (prize money, friendship, EXP, wild encounters, fleeing, evolution/breeding) or the hold effect has no battle reference at all.
884	ITEM_MYSTERY_EGG	Mystery Egg	HOLD_EFFECT_NONE	0		PROVEN_NO_ORDINARY_DAMAGE_EFFECT	no_battle_effect	Every pinned reference is outside battle damage (prize money, friendship, EXP, wild encounters, fleeing, evolution/breeding) or the hold effect has no battle reference at all.
885	ITEM_PASS	Pass	HOLD_EFFECT_NONE	0		PROVEN_NO_ORDINARY_DAMAGE_EFFECT	no_battle_effect	Every pinned reference is outside battle damage (prize money, friendship, EXP, wild encounters, fleeing, evolution/breeding) or the hold effect has no battle reference at all.
886	ITEM_RAINBOW_WING	Rainbow Wing	HOLD_EFFECT_NONE	0		PROVEN_NO_ORDINARY_DAMAGE_EFFECT	no_battle_effect	Every pinned reference is outside battle damage (prize money, friendship, EXP, wild encounters, fleeing, evolution/breeding) or the hold effect has no battle reference at all.
887	ITEM_RED_SCALE	Red Scale	HOLD_EFFECT_NONE	0		PROVEN_NO_ORDINARY_DAMAGE_EFFECT	no_battle_effect	Every pinned reference is outside battle damage (prize money, friendship, EXP, wild encounters, fleeing, evolution/breeding) or the hold effect has no battle reference at all.
888	ITEM_SECRET_POTION	Secretpotion	HOLD_EFFECT_NONE	0		PROVEN_NO_ORDINARY_DAMAGE_EFFECT	no_battle_effect	Every pinned reference is outside battle damage (prize money, friendship, EXP, wild encounters, fleeing, evolution/breeding) or the hold effect has no battle reference at all.
889	ITEM_SILVER_WING	Silver Wing	HOLD_EFFECT_NONE	0		PROVEN_NO_ORDINARY_DAMAGE_EFFECT	no_battle_effect	Every pinned reference is outside battle damage (prize money, friendship, EXP, wild encounters, fleeing, evolution/breeding) or the hold effect has no battle reference at all.
890	ITEM_TIDAL_BELL	Tidal Bell	HOLD_EFFECT_NONE	0		PROVEN_NO_ORDINARY_DAMAGE_EFFECT	no_battle_effect	Every pinned reference is outside battle damage (prize money, friendship, EXP, wild encounters, fleeing, evolution/breeding) or the hold effect has no battle reference at all.
891	ITEM_RADIO	Radio	HOLD_EFFECT_NONE	0		PROVEN_NO_ORDINARY_DAMAGE_EFFECT	no_battle_effect	Every pinned reference is outside battle damage (prize money, friendship, EXP, wild encounters, fleeing, evolution/breeding) or the hold effect has no battle reference at all.
892	ITEM_SQUIRT_BOTTLE	Squirtbottle	HOLD_EFFECT_NONE	0		PROVEN_NO_ORDINARY_DAMAGE_EFFECT	no_battle_effect	Every pinned reference is outside battle damage (prize money, friendship, EXP, wild encounters, fleeing, evolution/breeding) or the hold effect has no battle reference at all.
893	ITEM_ROOM_1_KEY	RM. 1 Key	HOLD_EFFECT_NONE	0		PROVEN_NO_ORDINARY_DAMAGE_EFFECT	no_battle_effect	Every pinned reference is outside battle damage (prize money, friendship, EXP, wild encounters, fleeing, evolution/breeding) or the hold effect has no battle reference at all.
894	ITEM_ROOM_2_KEY	RM. 2 Key	HOLD_EFFECT_NONE	0		PROVEN_NO_ORDINARY_DAMAGE_EFFECT	no_battle_effect	Every pinned reference is outside battle damage (prize money, friendship, EXP, wild encounters, fleeing, evolution/breeding) or the hold effect has no battle reference at all.
895	ITEM_ROOM_4_KEY	RM. 4 Key	HOLD_EFFECT_NONE	0		PROVEN_NO_ORDINARY_DAMAGE_EFFECT	no_battle_effect	Every pinned reference is outside battle damage (prize money, friendship, EXP, wild encounters, fleeing, evolution/breeding) or the hold effect has no battle reference at all.
896	ITEM_ROOM_6_KEY	RM. 6 Key	HOLD_EFFECT_NONE	0		PROVEN_NO_ORDINARY_DAMAGE_EFFECT	no_battle_effect	Every pinned reference is outside battle damage (prize money, friendship, EXP, wild encounters, fleeing, evolution/breeding) or the hold effect has no battle reference at all.
897	ITEM_UNUSED_BERRY_1	Sitrus Berry	HOLD_EFFECT_RESTORE_HP	30		UNSUPPORTED_DAMAGE_RELEVANT	post_hit_or_residual	Changes HP, status, stat stages, volatiles or items only through ItemBattleEffects activations (MoveEnd handlers after damage, end of turn, switch-in, or event scripts) or residual/drain handling. It can change later HP/stats/KO, so it is not globally neutral; request-local rule single_hit_item_activation_outside_damage clears it for a single-hit ordinary move.
898	ITEM_UNUSED_BERRY_2	????????	HOLD_EFFECT_NONE	0		PROVEN_NO_ORDINARY_DAMAGE_EFFECT	no_battle_effect	Every pinned reference is outside battle damage (prize money, friendship, EXP, wild encounters, fleeing, evolution/breeding) or the hold effect has no battle reference at all.
899	ITEM_UNUSED_BERRY_3	????????	HOLD_EFFECT_NONE	0		PROVEN_NO_ORDINARY_DAMAGE_EFFECT	no_battle_effect	Every pinned reference is outside battle damage (prize money, friendship, EXP, wild encounters, fleeing, evolution/breeding) or the hold effect has no battle reference at all.
900	ITEM_AZURE_FLUTE	Azure Flute	HOLD_EFFECT_NONE	0		PROVEN_NO_ORDINARY_DAMAGE_EFFECT	no_battle_effect	Every pinned reference is outside battle damage (prize money, friendship, EXP, wild encounters, fleeing, evolution/breeding) or the hold effect has no battle reference at all.
